銘柄コード,銘柄名,信用区分,新規売建可能数量(在庫株数量)(株(口)),プレミアム料(1株あたり)
1301,極洋,デイトレ,25500,0.00
1301,極洋,長期,14000,
1305,ｉＦｒｅｅＥＴＦ　ＴＯＰＩＸ（年１回決算型）,デイトレ,1050,0.00
1306,ＮＥＸＴ　ＦＵＮＤＳ　ＴＯＰＩＸ連動型上場投信,デイトレ,40,0.00
1308,上場インデックスファンドＴＯＰＩＸ,デイトレ,8301,0.00
1309,ＮＥＸＴ　ＦＵＮＤＳ　ＣｈｉｎａＡＭＣ・中国株式・上証５０連動型上場投信,デイトレ,57,69.00
130A,Ｖｅｒｉｔａｓ　Ｉｎ　Ｓｉｌｉｃｏ,デイトレ,8900,0.90
1311,ＮＥＸＴ　ＦＵＮＤＳ　ＴＯＰＩＸ　Ｃｏｒｅ　３０　連動型上場投信,デイトレ,1856,0.00
1319,ＮＥＸＴ　ＦＵＮＤＳ　日経３００株価指数連動型上場投信,デイトレ,2000,1.30
1320,ｉＦｒｅｅＥＴＦ　日経２２５（年１回決算型）,デイトレ,572,0.00
1321,ＮＥＸＴ　ＦＵＮＤＳ　日経２２５連動型上場投信,デイトレ,131550,0.00
1325,ＮＥＸＴ　ＦＵＮＤＳ　ブラジル株式指数・ボベスパ連動型上場投信,デイトレ,12510,0.00
1328,ＮＥＸＴ　ＦＵＮＤＳ　金価格連動型上場投信,デイトレ,3386,0.00
1330,上場インデックスファンド２２５,デイトレ,1379,0.00
1332,ニッスイ,デイトレ,40500,0.00
1332,ニッスイ,長期,2564800,
1333,Ｕｍｉｏｓ,デイトレ,18500,0.00
1333,Ｕｍｉｏｓ,長期,703800,
1343,ＮＥＸＴ　ＦＵＮＤＳ　東証ＲＥＩＴ指数連動型上場投信,デイトレ,58710,0.00
1345,上場インデックスファンドＪリート（東証ＲＥＩＴ指数）隔月分配型,デイトレ,3103,0.00
1346,ＭＡＸＩＳ　日経２２５上場投信,デイトレ,2241,0.00
1348,ＭＡＸＩＳ　トピックス上場投信,デイトレ,39424,0.00
1356,ＴＯＰＩＸベア２倍上場投信,デイトレ,70,0.00
1357,ＮＥＸＴ　ＦＵＮＤＳ　日経平均ダブルインバース・インデックス連動型上場投信,デイトレ,58,0.00
1358,上場インデックスファンド日経レバレッジ指数,デイトレ,16,0.00
1360,日経平均ベア２倍上場投信,デイトレ,残数量なし,0.00
1375,ユキグニファクトリー,デイトレ,4000,1.30
1376,カネコ種苗,デイトレ,300,0.00
1377,サカタのタネ,デイトレ,3600,0.00
1377,サカタのタネ,長期,117200,
1379,ホクト,デイトレ,4800,0.00
1379,ホクト,長期,29800,0.16
137A,Ｃｏｃｏｌｉｖｅ,デイトレ,1200,1.30
1380,秋川牧園,デイトレ,1200,0.00
1381,アクシーズ,デイトレ,700,3.30
1383,ベルグアース,デイトレ,500,2.74
1384,ホクリヨウ,デイトレ,600,1.80
1398,ＳＭＤＡＭ　東証ＲＥＩＴ指数上場投信,デイトレ,390,0.00
1399,上場インデックスファンドＭＳＣＩ日本株高配当低ボラティリティ,デイトレ,28,0.00
1401,エムビーエス,デイトレ,600,1.29
1407,ウエストホールディングス,デイトレ,26400,0.00
1414,ショーボンドホールディングス,デイトレ,11600,0.00
1414,ショーボンドホールディングス,長期,879500,
1417,ミライト・ワン,デイトレ,12500,0.00
1417,ミライト・ワン,長期,577100,
1418,インターライフホールディングス,デイトレ,37800,0.00
141A,トライアルホールディングス,デイトレ,40400,0.00
1420,サンヨーホームズ,デイトレ,3200,0.00
1429,日本アクア,デイトレ,6000,0.00
142A,ジンジブ,デイトレ,1100,0.90
1430,ファーストコーポレーション,デイトレ,2100,0.00
1431,Ｌｉｂ　Ｗｏｒｋ,デイトレ,5400,0.00
1433,ベステラ,デイトレ,4500,0.00
1435,ｒｏｂｏｔ　ｈｏｍｅ,デイトレ,227300,0.90
1436,グリーンエナジー＆カンパニー,デイトレ,31800,0.90
1438,岐阜造園,デイトレ,300,0.00
143A,イシン,デイトレ,500,1.30
1443,技研ホールディングス,デイトレ,13000,0.90
1446,キャンディル,デイトレ,2800,0.00
1450,ＴＡＮＡＫＥＮ,デイトレ,5400,1.30
1456,ｉＦｒｅｅＥＴＦ　日経平均インバース・インデックス,デイトレ,76,0.00
1457,ｉＦｒｅｅＥＴＦ　ＴＯＰＩＸインバース（－１倍）指数,デイトレ,31,0.00
1458,楽天ＥＴＦ－日経レバレッジ指数連動型,デイトレ,133,0.00
1459,楽天ＥＴＦ－日経ダブルインバース指数連動型,デイトレ,残数量なし,
145A,Ｌ　ｉｓ　Ｂ,デイトレ,2800,0.90
1469,ＪＰＸ日経４００ベア２倍上場投信（ダブルインバース）,デイトレ,7500,1.30
1472,ＮＥＸＴ　ＦＵＮＤＳ　ＪＰＸ日経４００ダブルインバース・インデックス連動型上場投信,デイトレ,247,
147A,ソラコム,デイトレ,11700,0.00
1481,上場インデックスファンド日本経済貢献株,デイトレ,3,0.00
1486,上場インデックスファンド米国債券（為替ヘッジなし）,デイトレ,32,0.00
1487,上場インデックスファンド米国債券（為替ヘッジあり）,デイトレ,45,0.00
1488,ｉＦｒｅｅＥＴＦ　東証ＲＥＩＴ指数,デイトレ,2073,0.00
1489,ＮＥＸＴ　ＦＵＮＤＳ　日経平均高配当株５０指数連動型上場投信,デイトレ,34747,0.00
148A,ハッチ・ワーク,デイトレ,500,0.90
1495,上場インデックスファンドアジアリート,デイトレ,195,13.00
150A,ＪＳＨ,デイトレ,1400,0.90
1514,住石ホールディングス,デイトレ,36600,0.00
1515,日鉄鉱業,デイトレ,4500,0.00
1518,三井松島ホールディングス,デイトレ,228800,0.00
1518,三井松島ホールディングス,長期,20900,0.18
153A,カウリス,デイトレ,残数量なし,0.06
1540,純金上場信託（現物国内保管型）,デイトレ,59545,0.00
1541,純プラチナ上場信託（現物国内保管型）,デイトレ,11157,0.00
1542,純銀上場信託（現物国内保管型）,デイトレ,9397,0.00
1543,純パラジウム上場信託（現物国内保管型）,デイトレ,241,68.00
1545,ＮＥＸＴ　ＦＵＮＤＳ　ＮＡＳＤＡＱ－１００（Ｒ）（為替ヘッジなし）連動型上場投信,デイトレ,727690,0.00
1546,ＮＥＸＴ　ＦＵＮＤＳ　ダウ・ジョーンズ工業株３０種平均株価（為替ヘッジなし）連動型上場投信,デイトレ,256,0.00
1547,上場インデックスファンド米国株式（Ｓ＆Ｐ５００）,デイトレ,1345,0.00
1550,ＭＡＸＩＳ　海外株式（ＭＳＣＩコクサイ）上場投信,デイトレ,945,0.00
1551,東証スタンダードＴＯＰ２０ＥＴＦ,デイトレ,290,9.10
1553,ＭＡＸＩＳ　Ｓ＆Ｐ東海上場投信,デイトレ,60,0.00
1554,上場インデックスファンド世界株式（ＭＳＣＩ　ＡＣＷＩ）除く日本,デイトレ,3531,0.00
1555,上場インデックスファンド豪州リート（Ｓ＆Ｐ／ＡＳＸ２００　Ａ－ＲＥＩＴ）,デイトレ,3245,0.00
1559,ＮＥＸＴ　ＦＵＮＤＳ　タイ株式ＳＥＴ５０指数連動型上場投信,デイトレ,321,0.00
155A,情報戦略テクノロジー,デイトレ,7600,0.00
1560,ＮＥＸＴ　ＦＵＮＤＳ　ＦＴＳＥブルサ・マレーシアＫＬＣＩ連動型上場,デイトレ,300,0.00
1563,東証グロース・コアＥＴＦ,デイトレ,715,0.00
1566,上場インデックスファンド新興国債券,デイトレ,241,0.00
1568,ＴＯＰＩＸブル２倍上場投信,デイトレ,76400,0.00
1569,ＴＯＰＩＸベア上場投信,デイトレ,570,0.00
156A,マテリアルグループ,デイトレ,8100,0.00
1571,ＮＥＸＴ　ＦＵＮＤＳ　日経平均インバース・インデックス連動型上場投信,デイトレ,23,0.00
1573,中国Ｈ株ベア上場投信,デイトレ,90,8.80
1577,ＮＥＸＴ　ＦＵＮＤＳ　野村日本株高配当７０連動型上場投信,デイトレ,367,0.00
1578,上場インデックスファンド日経２２５（ミニ）,デイトレ,38,0.00
1579,日経平均ブル２倍上場投信,デイトレ,30,0.00
157A,グリーンモンスター,デイトレ,800,0.90
1580,日経平均ベア上場投信,デイトレ,233600,0.00
1585,ｉＦｒｅｅＥＴＦ　ＴＯＰＩＸ　Ｅｘ－Ｆｉｎａｎｃｉａｌｓ,デイトレ,60,0.00
1591,ＮＥＸＴ　ＦＵＮＤＳ　ＪＰＸ日経インデックス４００連動型上場投信,デイトレ,124,0.00
1592,上場インデックスファンドＪＰＸ日経インデックス４００,デイトレ,810,0.00
1593,ＭＡＸＩＳ　ＪＰＸ日経インデックス４００上場投信,デイトレ,873,0.00
1595,ＮＺＡＭ　上場投信　東証ＲＥＩＴ指数,デイトレ,709,0.00
1597,ＭＡＸＩＳ　Ｊリート上場投信,デイトレ,22786,0.00
159A,ＮＥＸＴ　ＦＵＮＤＳ　ＪＰＸプライム１５０指数連動型上場投信,デイトレ,220,1.30
1605,ＩＮＰＥＸ,デイトレ,61900,0.00
1605,ＩＮＰＥＸ,長期,137800,
1615,ＮＥＸＴ　ＦＵＮＤＳ　東証銀行業株価指数連動型上場投信,デイトレ,80,0.00
1618,ＮＥＸＴ　ＦＵＮＤＳ　エネルギー資源（ＴＯＰＩＸ－１７）上場投信,デイトレ,78,0.00
1619,ＮＥＸＴ　ＦＵＮＤＳ　建設・資材（ＴＯＰＩＸ－１７）上場投信,デイトレ,6,0.00
1621,ＮＥＸＴ　ＦＵＮＤＳ　医薬品（ＴＯＰＩＸ－１７）上場投信,デイトレ,26,0.00
1622,ＮＥＸＴ　ＦＵＮＤＳ　自動車・輸送機（ＴＯＰＩＸ－１７）上場投信,デイトレ,195,0.00
1624,ＮＥＸＴ　ＦＵＮＤＳ　機械（ＴＯＰＩＸ－１７）上場投信,デイトレ,9,0.00
1626,ＮＥＸＴ　ＦＵＮＤＳ　情報通信・サービスその他（ＴＯＰＩＸ－１７）上場投信,デイトレ,61,0.00
1627,ＮＥＸＴ　ＦＵＮＤＳ　電力・ガス（ＴＯＰＩＸ－１７）上場投信,デイトレ,72,0.00
1628,ＮＥＸＴ　ＦＵＮＤＳ　運輸・物流（ＴＯＰＩＸ－１７）上場投信,デイトレ,16,0.00
162A,ＡＩ　セレクトメガトレンド　日本株（ネットリターン）ＥＴＮ,デイトレ,10,0.00
1632,ＮＥＸＴ　ＦＵＮＤＳ　金融（除く銀行）（ＴＯＰＩＸ－１７）上場投信,デイトレ,3,0.00
163A,半導体フォーカス日本株（ネットリターン）ＥＴＮ,デイトレ,150,28.00
1651,ｉＦｒｅｅＥＴＦ　ＴＯＰＩＸ高配当４０指数,デイトレ,4632,0.00
1655,ｉシェアーズ　Ｓ＆Ｐ　５００　米国株　ＥＴＦ,デイトレ,209990,0.00
1656,ｉシェアーズ・コア　米国債７－１０年　ＥＴＦ,デイトレ,1680,0.00
1657,ｉシェアーズ・コア　ＭＳＣＩ　先進国株（除く日本）ＥＴＦ,デイトレ,1328,0.00
1658,ｉシェアーズ・コア　ＭＳＣＩ　新興国株　ＥＴＦ,デイトレ,1637,0.00
1659,ｉシェアーズ　米国リート　ＥＴＦ,デイトレ,562,0.00
1660,ＭＡＸＩＳ高利回りＪリート上場投信,デイトレ,107,0.00
1662,石油資源開発,デイトレ,27900,0.00
1662,石油資源開発,長期,1020300,
1663,Ｋ＆Ｏエナジーグループ,デイトレ,7600,0.00
1663,Ｋ＆Ｏエナジーグループ,長期,70200,
166A,タスキホールディングス,デイトレ,24600,0.00
1677,上場インデックスファンド海外債券（ＦＴＳＥ　ＷＧＢＩ）毎月分配型,デイトレ,90,74.80
1678,ＮＥＸＴ　ＦＵＮＤＳ　インド株式指数・Ｎｉｆｔｙ５０連動型上場投信,デイトレ,100530,0.00
167A,リョーサン菱洋ホールディングス,デイトレ,5400,0.00
167A,リョーサン菱洋ホールディングス,長期,64600,
1680,上場インデックスファンド海外先進国株式（ＭＳＣＩ－ＫＯＫＵＳＡＩ）,デイトレ,2270,0.00
1681,上場インデックスファンド海外新興国株式（ＭＳＣＩエマージング）,デイトレ,7810,0.00
168A,イタミアート,デイトレ,300,1.30
1698,上場インデックスファンド日本高配当（東証配当フォーカス１００）,デイトレ,1272,0.00
1711,ＳＤＳホールディングス,デイトレ,11900,0.90
1716,第一カッター興業,デイトレ,400,0.00
1717,明豊ファシリティワークス,デイトレ,2500,1.30
1718,美樹工業,デイトレ,600,2.60
1719,安藤・間,デイトレ,20700,0.00
1719,安藤・間,長期,862900,
1720,東急建設,デイトレ,5300,0.00
1720,東急建設,長期,366700,
1721,コムシスホールディングス,デイトレ,900,0.00
1721,コムシスホールディングス,長期,602800,
1723,日本電技,デイトレ,1000,2.43
1723,日本電技,長期,残数量なし,0.18
1724,シンクレイヤ,デイトレ,1200,0.90
1736,オーテック,デイトレ,500,0.00
173A,ハンモック,デイトレ,残数量なし,2.65
1758,太洋基礎工業,デイトレ,200,2.20
175A,Ｗｉｌｌ　Ｓｍａｒｔ,デイトレ,300,0.42
1762,高松コンストラクショングループ,デイトレ,1000,0.00
1762,高松コンストラクショングループ,長期,73100,
1766,東建コーポレーション,デイトレ,300,0.00
1766,東建コーポレーション,長期,13000,
1768,ソネック,デイトレ,600,0.00
1770,藤田エンジニアリング,デイトレ,300,2.76
1777,川崎設備工業,デイトレ,1500,0.00
177A,コージンバイオ,デイトレ,2700,1.30
1780,ヤマウラ,デイトレ,7700,0.00
1786,オリエンタル白石,デイトレ,14000,0.00
1786,オリエンタル白石,長期,14000,0.02
178A,グローバルＸ　革新的優良企業　ＥＴＦ,デイトレ,2285,0.00
1799,第一建設工業,デイトレ,800,0.00
1801,大成建設,デイトレ,9800,0.00
1801,大成建設,長期,22400,
1802,大林組,デイトレ,15700,0.00
1802,大林組,長期,93500,0.13
1803,清水建設,デイトレ,65300,0.00
1803,清水建設,長期,75100,
1808,長谷工コーポレーション,デイトレ,9000,0.00
1808,長谷工コーポレーション,長期,1141500,
180A,グローバルＸ　超長期米国債　ＥＴＦ,デイトレ,120,1.30
1810,松井建設,デイトレ,1000,0.00
1812,鹿島建設,デイトレ,25700,0.00
1812,鹿島建設,長期,57600,0.32
1813,不動テトラ,デイトレ,4700,0.00
1813,不動テトラ,長期,18000,0.22
1814,大末建設,デイトレ,1800,0.00
1815,鉄建建設,デイトレ,9100,0.00
1815,鉄建建設,長期,3400,0.09
181A,ＭＡＸＩＳ米国国債１－３年上場投信（為替ヘッジなし）,デイトレ,130,1.30
1820,西松建設,デイトレ,1600,0.00
1820,西松建設,長期,165800,
1822,大豊建設,デイトレ,2400,0.00
1822,大豊建設,長期,6300,0.07
1826,佐田建設,デイトレ,1500,0.00
1828,田辺工業,デイトレ,1600,2.60
1833,奥村組,デイトレ,30000,0.00
1833,奥村組,長期,151400,
1835,東鉄工業,デイトレ,1100,0.00
1835,東鉄工業,長期,95700,
1840,土屋ホールディングス,デイトレ,7100,0.24
1847,イチケン,デイトレ,1200,4.28
1848,富士ピー・エス,デイトレ,2600,0.00
1850,南海辰村建設,デイトレ,17800,0.90
1852,淺沼組,デイトレ,2400,0.00
1852,淺沼組,長期,172600,
1853,森組,デイトレ,7300,0.29
1860,戸田建設,デイトレ,6100,0.00
1860,戸田建設,長期,1603500,
1861,熊谷組,デイトレ,29500,0.00
1861,熊谷組,長期,1399800,
1867,植木組,デイトレ,100,0.00
186A,アストロスケールホールディングス,デイトレ,191600,0.00
1870,矢作建設工業,デイトレ,3300,0.00
1870,矢作建設工業,長期,86900,0.08
1871,ピーエス・コンストラクション,デイトレ,5200,0.00
1873,日本ハウスホールディングス,デイトレ,8400,0.28
1878,大東建託,デイトレ,3800,0.00
1878,大東建託,長期,1007200,
1879,新日本建設,デイトレ,2200,0.00
1879,新日本建設,長期,7600,0.11
1882,東亜道路工業,デイトレ,66900,0.00
1882,東亜道路工業,長期,6200,1.80
1885,東亜建設工業,デイトレ,7300,0.00
1885,東亜建設工業,長期,9700,
1887,日本国土開発,デイトレ,9100,0.00
1887,日本国土開発,長期,8000,0.05
1888,若築建設,デイトレ,10000,0.00
1888,若築建設,長期,900,0.14
188A,グローバルＸ　インド・トップ１０＋　ＥＴＦ,デイトレ,229,2.00
1893,五洋建設,デイトレ,79400,0.00
1893,五洋建設,長期,1978500,
1898,世紀東急工業,デイトレ,10400,0.00
1898,世紀東急工業,長期,29500,0.12
1899,福田組,長期,19500,
189A,Ｄ＆Ｍカンパニー,デイトレ,2600,1.30
1904,大成温調,デイトレ,3900,0.00
190A,Ｃｈｏｒｄｉａ　Ｔｈｅｒａｐｅｕｔｉｃｓ,デイトレ,9400,0.57
1911,住友林業,デイトレ,124200,0.00
1911,住友林業,長期,2044200,
1914,日本基礎技術,デイトレ,3300,0.00
1921,巴コーポレーション,デイトレ,400,0.00
1925,大和ハウス工業,デイトレ,39500,0.00
1925,大和ハウス工業,長期,64300,
1926,ライト工業,デイトレ,10000,0.00
1926,ライト工業,長期,20400,
1928,積水ハウス,デイトレ,138800,0.00
1928,積水ハウス,長期,24000,
1929,日特建設,デイトレ,5700,0.00
1930,北陸電気工事,デイトレ,2300,0.00
1930,北陸電気工事,長期,1600,0.10
1934,ユアテック,デイトレ,3100,0.00
1934,ユアテック,長期,209600,
1938,日本リーテック,デイトレ,2300,1.80
1938,日本リーテック,長期,17400,0.20
1939,四電工,デイトレ,1300,0.00
1939,四電工,長期,63100,0.15
1941,中電工,デイトレ,1300,0.00
1941,中電工,長期,112500,
1942,関電工,デイトレ,6600,0.00
1942,関電工,長期,516200,
1944,きんでん,デイトレ,6800,0.00
1944,きんでん,長期,432300,
1945,東京エネシス,デイトレ,9400,0.00
1945,東京エネシス,長期,32600,0.11
1946,トーエネック,デイトレ,1100,0.00
1946,トーエネック,長期,177700,0.11
194A,ＷＯＬＶＥＳ　ＨＡＮＤ,デイトレ,1100,1.10
1950,日本電設工業,デイトレ,5300,0.00
1950,日本電設工業,長期,250500,
1951,エクシオグループ,デイトレ,8000,0.00
1951,エクシオグループ,長期,1213500,
1952,新日本空調,デイトレ,6700,0.00
1952,新日本空調,長期,58200,
1959,クラフティア,デイトレ,1100,0.00
1959,クラフティア,長期,358900,
195A,ＭＵＳＣＡＴ　ＧＲＯＵＰ,デイトレ,2500,0.61
1960,サンテック,デイトレ,3200,0.90
1961,三機工業,デイトレ,5800,0.00
1961,三機工業,長期,857500,
1963,日揮ホールディングス,デイトレ,26600,0.00
1963,日揮ホールディングス,長期,21400,
1964,中外炉工業,デイトレ,1000,0.00
1964,中外炉工業,長期,12700,0.20
1965,テクノ菱和,デイトレ,5500,0.00
1966,高田工業所,デイトレ,2200,0.00
1967,ヤマト,デイトレ,300,0.00
1968,太平電業,デイトレ,700,0.00
1968,太平電業,長期,154100,
1969,高砂熱学工業,デイトレ,6900,0.00
1969,高砂熱学工業,長期,678100,
196A,ＭＦＳ,デイトレ,2200,1.53
1972,三晃金属工業,デイトレ,8000,0.00
1975,朝日工業社,デイトレ,4500,0.00
1975,朝日工業社,長期,64600,0.20
1976,明星工業,デイトレ,7100,0.00
1976,明星工業,長期,79000,
1979,大気社,デイトレ,1300,0.00
1979,大気社,長期,265400,
197A,タウンズ,デイトレ,12400,0.00
1980,ダイダン,デイトレ,4400,0.00
1980,ダイダン,長期,582000,
1982,日比谷総合設備,デイトレ,3000,0.00
1982,日比谷総合設備,長期,58500,
1994,高橋カーテンウォール工業,デイトレ,1300,1.30
2001,ニップン,デイトレ,3400,0.00
2001,ニップン,長期,178700,
2002,日清製粉グループ本社,デイトレ,14500,0.00
2002,日清製粉グループ本社,長期,1570800,
2003,日東富士製粉,デイトレ,2400,0.00
2004,昭和産業,デイトレ,900,0.00
2004,昭和産業,長期,80100,
2009,鳥越製粉,デイトレ,800,0.90
200A,ＮＥＸＴ　ＦＵＮＤＳ　日経半導体株指数連動型上場投信,デイトレ,24808,0.00
2011,ＳＭＤＡＭ　Ａｃｔｉｖｅ　ＥＴＦ　日本高配当株式,デイトレ,40,1.30
2012,ｉシェアーズ　米国債０－３ヶ月　ＥＴＦ,デイトレ,1240,0.00
2013,ｉシェアーズ　米国高配当株　ＥＴＦ,デイトレ,17300,0.00
2014,ｉシェアーズ　米国連続増配株　ＥＴＦ,デイトレ,2720,0.00
2015,ｉＦｒｅｅＥＴＦ　米国国債　７－１０年（為替ヘッジなし）,デイトレ,2,0.00
2017,ｉＦｒｅｅＥＴＦ　ＪＰＸ　プライム　１５０,デイトレ,238,0.00
201A,ｉシェアーズ　Ｎｉｆｔｙ　５０　インド株　ＥＴＦ,デイトレ,2440,0.00
2031,ＮＥＸＴ　ＮＯＴＥＳ　香港ハンセン・ダブル・ブル　ＥＴＮ,デイトレ,40,8.00
2032,ＮＥＸＴ　ＮＯＴＥＳ　香港ハンセン・ベア　ＥＴＮ,デイトレ,11,0.00
2034,ＮＥＸＴ　ＮＯＴＥＳ　韓国ＫＯＳＰＩ・ベア　ＥＴＮ,デイトレ,990,2.00
2036,ＮＥＸＴ　ＮＯＴＥＳ　金先物　ダブル・ブル　ＥＴＮ,デイトレ,1041,126.00
2037,ＮＥＸＴ　ＮＯＴＥＳ　金先物　ベア　ＥＴＮ,デイトレ,366,1.00
2038,ＮＥＸＴ　ＮＯＴＥＳ　ドバイ原油先物　ダブル・ブル　ＥＴＮ,デイトレ,3697,4.00
2039,ＮＥＸＴ　ＮＯＴＥＳ　ドバイ原油先物　ベア　ＥＴＮ,デイトレ,71988,2.00
2040,ＮＥＸＴ　ＮＯＴＥＳ　ＮＹ　ダウ・ダブル・ブル・ドルヘッジ　ＥＴＮ,デイトレ,138,47.00
2041,ＮＥＸＴ　ＮＯＴＥＳ　ＮＹ　ダウ・ベア・ドルヘッジ　ＥＴＮ,デイトレ,3172,3.00
2042,ＮＥＸＴ　ＮＯＴＥＳ　東証グロース市場２５０　ＥＴＮ,デイトレ,17,1.00
2043,ＮＥＸＴ　ＮＯＴＥＳ　ＳＴＯＸＸ　アセアン好配当５０（円、ネットリターン）ＥＴＮ,デイトレ,3,0.00
2045,ＮＥＸＴ　ＮＯＴＥＳ　Ｓ＆Ｐシンガポール　リート　（ネットリターン）　ＥＴＮ,デイトレ,3,0.00
2046,ＮＥＸＴ　ＮＯＴＥＳ　インドＮｉｆｔｙ・ダブル・ブル　ＥＴＮ,デイトレ,182,18.00
2047,ＮＥＸＴ　ＮＯＴＥＳ　インドＮｉｆｔｙ・ベア　ＥＴＮ,デイトレ,6,0.00
2048,ＮＥＸＴ　ＮＯＴＥＳ　野村日本株高配当７０（ドルヘッジ、ネットリターン）ＥＴＮ,デイトレ,1,0.00
2050,ＮＥＸＴ　ＮＯＴＥＳ　ニッチトップ　中小型日本株（ネットリターン）ＥＴＮ,デイトレ,2,43.00
2053,中部飼料,デイトレ,1900,0.00
2053,中部飼料,長期,35100,0.08
205A,ロゴスホールディングス,デイトレ,3300,0.90
2060,フィード・ワン,デイトレ,17700,0.00
2060,フィード・ワン,長期,43000,0.27
206A,ＰＲＩＳＭ　ＢｉｏＬａｂ,デイトレ,10500,1.30
2080,ＰＢＲ１倍割れ解消推進ＥＴＦ,デイトレ,1365,0.00
2081,政策保有解消推進ＥＴＦ,デイトレ,2,0.00
2083,ＮＥＸＴ　ＦＵＮＤＳ　日本成長株アクティブ上場投信,デイトレ,380,0.00
2084,ＮＥＸＴ　ＦＵＮＤＳ　日本高配当株アクティブ上場投信,デイトレ,1351,0.00
208A,構造計画研究所ホールディングス,デイトレ,2000,2.20
2093,上場　Ｔｒａｃｅｒｓ　米国債　０－２年ラダー（為替ヘッジなし）,デイトレ,708,7.00
2094,東証ＲＥＩＴインバースＥＴＦ,デイトレ,3800,2.00
2096,グローバルＸ　オフィス・Ｊ－ＲＥＩＴ　ＥＴＦ,デイトレ,800,2.00
2098,グローバルＸ　ホテル＆リテール・Ｊ－ＲＥＩＴ　ＥＴＦ,デイトレ,180,2.00
2108,ニッテン,デイトレ,700,0.00
2108,ニッテン,長期,3300,
2109,ＤＭ三井製糖,デイトレ,2700,0.00
2109,ＤＭ三井製糖,長期,13300,0.17
2112,塩水港精糖,デイトレ,1900,0.00
2114,フジ日本,デイトレ,5700,0.00
2117,ウェルネオシュガー,デイトレ,500,0.00
2117,ウェルネオシュガー,長期,16800,0.22
211A,カドス・コーポレーション,デイトレ,200,3.90
2120,ＬＩＦＵＬＬ,デイトレ,242200,0.00
2121,ＭＩＸＩ,デイトレ,2500,0.00
2121,ＭＩＸＩ,長期,165700,
2122,インタースペース,デイトレ,1000,1.18
2124,ジェイエイシーリクルートメント,デイトレ,3700,0.00
2124,ジェイエイシーリクルートメント,長期,284900,
2127,日本Ｍ＆Ａセンターホールディングス,デイトレ,148000,0.00
2127,日本Ｍ＆Ａセンターホールディングス,長期,1469500,
212A,フィットイージー,デイトレ,4200,1.80
2130,メンバーズ,デイトレ,12500,0.00
2134,北浜キャピタルパートナーズ,デイトレ,364900,0.17
2136,ヒップ,デイトレ,400,0.90
2139,中広,デイトレ,200,0.00
213A,上場インデックスファンド日経半導体株,デイトレ,18400,0.00
2146,ＵＴグループ,デイトレ,157000,0.00
2146,ＵＴグループ,長期,1343500,
2148,アイティメディア,長期,1200,0.06
2153,Ｅ・Ｊホールディングス,長期,1700,0.10
2154,オープンアップグループ,デイトレ,2700,0.00
2154,オープンアップグループ,長期,8100,0.16
2156,セーラー広告,デイトレ,2800,1.30
2157,コシダカホールディングス,デイトレ,24100,0.00
2160,ジーエヌアイグループ,デイトレ,297700,0.00
2163,アルトナー,デイトレ,13800,0.84
2168,パソナグループ,デイトレ,4300,0.00
2168,パソナグループ,長期,23200,0.12
2169,ＣＤＳ,デイトレ,800,0.00
2170,リンクアンドモチベーション,デイトレ,4200,0.00
2173,博展,デイトレ,14200,0.00
2175,エス・エム・エス,デイトレ,1900,0.00
2175,エス・エム・エス,長期,233900,
2179,成学社,デイトレ,1300,0.00
2181,パーソルホールディングス,デイトレ,28800,0.00
2181,パーソルホールディングス,長期,12243400,
2183,リニカル,デイトレ,5200,0.18
2186,ソーバル,デイトレ,700,0.00
2193,クックパッド,デイトレ,12900,0.00
2195,アミタホールディングス,デイトレ,3000,0.90
2198,アイ・ケイ・ケイホールディングス,デイトレ,2700,0.00
219A,Ｈｅａｒｔｓｅｅｄ,デイトレ,78500,0.00
2201,森永製菓,デイトレ,2200,0.00
2201,森永製菓,長期,201500,
2204,中村屋,デイトレ,1000,0.00
2206,江崎グリコ,デイトレ,5400,0.00
2206,江崎グリコ,長期,233700,
2207,ｍｅｉｔｏ,デイトレ,2300,0.00
2208,ブルボン,デイトレ,500,2.71
2211,不二家,デイトレ,3600,0.00
2212,山崎製パン,デイトレ,1200,0.00
2212,山崎製パン,長期,973400,
2215,第一屋製パン,デイトレ,1200,0.90
2216,カンロ,デイトレ,8200,0.00
2217,モロゾフ,デイトレ,1200,0.00
221A,ＭＡＸＩＳ日経半導体株上場投信,デイトレ,1650,0.00
2220,亀田製菓,デイトレ,4600,0.00
2220,亀田製菓,長期,16600,0.11
2221,岩塚製菓,デイトレ,1100,3.90
2222,寿スピリッツ,デイトレ,16000,0.00
2222,寿スピリッツ,長期,478600,
2224,コモ,デイトレ,2400,4.91
2226,湖池屋,デイトレ,1200,0.00
2229,カルビー,デイトレ,2300,0.00
2229,カルビー,長期,491200,
2235,上場インデックスファンド米国株式（ダウ平均）為替ヘッジなし,デイトレ,18,4.00
2236,グローバルＸ　Ｓ＆Ｐ５００　配当貴族　ＥＴＦ,デイトレ,1237,0.00
2237,ｉＦｒｅｅＥＴＦ　Ｓ＆Ｐ５００　レバレッジ,デイトレ,20,0.00
2238,ｉＦｒｅｅＥＴＦ　Ｓ＆Ｐ５００　インバース,デイトレ,20,7.00
223A,グローバルＸ　ＡＩ＆ビッグデータ　ＥＴＦ,デイトレ,92,0.00
2243,グローバルＸ　半導体　ＥＴＦ,デイトレ,5474,0.00
2244,グローバルＸ　ＵＳ　テック・トップ２０　ＥＴＦ,デイトレ,10218,0.00
2247,ｉＦｒｅｅＥＴＦ　Ｓ＆Ｐ５００（為替ヘッジなし）,デイトレ,202,0.00
2248,ｉＦｒｅｅＥＴＦ　Ｓ＆Ｐ５００（為替ヘッジあり）,デイトレ,22,0.00
2249,ｉＦｒｅｅＥＴＦ　Ｓ＆Ｐ５００　ダブルインバース,デイトレ,351,12.00
224A,グローバルＸ　ウラニウムビジネス　ＥＴＦ,デイトレ,1234,0.00
2251,ＮＥＸＴ　ＦＵＮＤＳ　ＪＰＸ国債先物ダブルインバース指数連動型上場投信,デイトレ,690,0.00
2252,グローバルＸ　Ｍｏｒｎｉｎｇｓｔａｒ　米国中小型　Ｍｏａｔ　ＥＴＦ,デイトレ,35,2.00
2253,グローバルＸ　スーパーディビィデンド－ＵＳ　ＥＴＦ,デイトレ,81,2.00
2255,ｉシェアーズ　米国債２０年超　ＥＴＦ,デイトレ,3390,0.00
2256,ｉシェアーズ　米国総合債券　ＥＴＦ,デイトレ,610,1.30
2264,森永乳業,デイトレ,22300,0.00
2264,森永乳業,長期,1284300,
2266,六甲バター,デイトレ,5300,0.00
2267,ヤクルト本社,デイトレ,21600,0.00
2267,ヤクルト本社,長期,615600,
2268,Ｂ－Ｒ　サーティワンアイスクリーム,デイトレ,1300,5.27
2269,明治ホールディングス,デイトレ,17100,0.00
2269,明治ホールディングス,長期,34000,
2270,雪印メグミルク,デイトレ,1100,0.00
2270,雪印メグミルク,長期,269400,
2281,プリマハム,デイトレ,6100,0.00
2281,プリマハム,長期,40100,
2282,日本ハム,デイトレ,16700,0.00
2282,日本ハム,長期,501500,
2286,林兼産業,デイトレ,2000,0.00
2288,丸大食品,デイトレ,4200,0.00
2288,丸大食品,長期,2700,
2291,福留ハム,デイトレ,2100,0.00
2292,エスフーズ,デイトレ,4700,0.00
2292,エスフーズ,長期,3000,0.36
2293,滝沢ハム,デイトレ,700,2.20
2294,柿安本店,デイトレ,1400,0.00
2296,伊藤ハム米久ホールディングス,デイトレ,1200,0.00
2296,伊藤ハム米久ホールディングス,長期,79200,
2300,きょくとう,デイトレ,1300,0.44
2301,学情,デイトレ,2500,0.00
2303,ドーン,デイトレ,1400,0.90
2304,ＣＳＳホールディングス,デイトレ,4200,0.00
2305,スタジオアリス,デイトレ,4500,0.00
2305,スタジオアリス,長期,1300,0.15
2307,クロスキャット,デイトレ,3300,1.30
2307,クロスキャット,長期,1500,0.09
2311,エプコ,デイトレ,5300,0.23
2317,システナ,デイトレ,44100,0.00
2317,システナ,長期,1542500,
2321,ソフトフロントホールディングス,デイトレ,54800,1.30
2323,ｆｏｎｆｕｎ,デイトレ,23500,0.90
2325,ＮＪＳ,デイトレ,3900,0.00
2326,デジタルアーツ,デイトレ,10000,0.00
2326,デジタルアーツ,長期,126500,0.22
2327,日鉄ソリューションズ,デイトレ,1600,0.00
2327,日鉄ソリューションズ,長期,6400,0.31
2329,東北新社,デイトレ,4200,0.90
2330,フォーサイド,デイトレ,138500,0.76
2331,ＡＬＳＯＫ,デイトレ,6000,0.00
2331,ＡＬＳＯＫ,長期,2388600,
2332,クエスト,デイトレ,100,0.00
2334,イオレ,デイトレ,110500,0.81
2335,キューブシステム,デイトレ,1600,0.00
2337,いちご,デイトレ,残数量なし,0.00
2337,いちご,長期,867400,
233A,ｉＦｒｅｅＥＴＦ　インドＮｉｆｔｙ５０,デイトレ,117,0.00
2340,極楽湯ホールディングス,デイトレ,6600,0.90
2341,アルバイトタイムス,デイトレ,16800,0.23
2342,トランスジェニックグループ,デイトレ,16800,0.90
2349,エヌアイデイ,デイトレ,300,0.00
2351,ＡＳＪ,デイトレ,1600,0.90
2353,日本駐車場開発,デイトレ,9500,0.00
2353,日本駐車場開発,長期,1600,
2354,ＹＥ　ＤＩＧＩＴＡＬ,デイトレ,17000,0.90
2359,コア,デイトレ,2400,0.00
2359,コア,長期,1100,0.13
235A,グローバルＸ　高配当３０－日本株式　ＥＴＦ,デイトレ,645,0.00
236A,ｉシェアーズ　日本国債７－１０年　ＥＴＦ,デイトレ,970,0.00
2370,メディネット,デイトレ,585400,0.20
2373,ケア２１,デイトレ,1600,1.30
2376,サイネックス,デイトレ,200,0.90
2378,ルネサンス,デイトレ,12100,0.00
2378,ルネサンス,長期,700,0.14
237A,ｉシェアーズ　米国債２５年超　ロングデュレーション　ＥＴＦ,デイトレ,5310,0.00
2384,ＳＢＳホールディングス,デイトレ,900,0.00
2384,ＳＢＳホールディングス,長期,37200,
2385,総医研ホールディングス,デイトレ,31200,0.90
238A,ｉシェアーズ　米国債２５年超　ロングデュレーション　ＥＴＦ　（為替ヘッジあり）,デイトレ,3030,0.00
2391,プラネット,デイトレ,300,0.90
2393,日本ケアサプライ,デイトレ,800,5.58
2395,新日本科学,デイトレ,12300,0.00
2404,鉄人化ホールディングス,デイトレ,8800,0.00
2408,ＫＧ情報,デイトレ,5000,0.00
2410,キャリアデザインセンター,デイトレ,800,0.00
2411,ゲンダイエージェンシー,デイトレ,3700,0.00
2413,エムスリー,デイトレ,121100,0.00
2413,エムスリー,長期,1659400,
2415,ヒューマンホールディングス,デイトレ,800,0.90
2418,ツカダ・グローバルホールディング,デイトレ,10200,0.00
2424,ブラス,デイトレ,1100,1.30
2425,ケアサービス,デイトレ,300,0.16
2428,ウェルネット,デイトレ,8600,0.00
2429,ワールドホールディングス,デイトレ,700,0.00
2429,ワールドホールディングス,長期,1200,
2432,ディー・エヌ・エー,デイトレ,28800,0.00
2432,ディー・エヌ・エー,長期,49900,
2433,博報堂ＤＹホールディングス,デイトレ,800,0.00
2433,博報堂ＤＹホールディングス,長期,1137200,
2435,シダー,デイトレ,12400,0.00
2436,共同ピーアール,デイトレ,11900,0.90
2437,Ｓｈｉｎｗａ　Ｗｉｓｅ　Ｈｏｌｄｉｎｇｓ,デイトレ,33000,0.90
2438,アスカネット,デイトレ,12900,0.00
2440,ぐるなび,デイトレ,49900,1.09
2440,ぐるなび,長期,4500,0.01
2445,タカミヤ,デイトレ,39900,0.00
2445,タカミヤ,長期,3800,0.03
2449,プラップジャパン,デイトレ,700,2.43
244A,グロースエクスパートナーズ,デイトレ,100,1.30
2461,ファンコミュニケーションズ,デイトレ,16900,0.00
2461,ファンコミュニケーションズ,長期,3700,0.03
2462,ライク,デイトレ,2300,0.00
2464,Ａｏｂａ－ＢＢＴ,デイトレ,1400,0.00
2467,ＶＬＣセキュリティ,デイトレ,15900,0.00
2469,ヒビノ,デイトレ,13800,1.30
246A,アスア,デイトレ,100,1.30
2471,エスプール,デイトレ,52400,0.00
2471,エスプール,長期,7700,
2475,ＷＤＢホールディングス,デイトレ,900,0.00
2475,ＷＤＢホールディングス,長期,1100,0.07
2479,ジェイテック,デイトレ,7900,0.90
2481,タウンニュース社,デイトレ,100,0.32
2483,翻訳センター,デイトレ,400,1.80
2485,ティア,デイトレ,11900,0.00
2488,ＪＴＰ,デイトレ,2200,1.89
2489,アドウェイズ,デイトレ,58100,0.00
248A,キッズスター,デイトレ,300,1.30
2491,バリューコマース,デイトレ,12800,0.00
2491,バリューコマース,長期,3200,
2492,インフォマート,デイトレ,54100,0.00
2492,インフォマート,長期,405200,
2493,イーサポートリンク,デイトレ,6400,0.85
2497,ユナイテッド,デイトレ,26600,0.45
2498,オリエンタルコンサルタンツホールディングス,デイトレ,1100,2.70
2499,日本和装ホールディングス,デイトレ,5200,0.23
2501,サッポロビール,デイトレ,22200,0.00
2501,サッポロビール,長期,20700,
2502,アサヒグループホールディングス,デイトレ,105200,0.00
2502,アサヒグループホールディングス,長期,2041600,
2503,キリンホールディングス,デイトレ,13100,0.00
2503,キリンホールディングス,長期,77500,
250A,シマダヤ,デイトレ,300,1.30
2510,ＮＥＸＴ　ＦＵＮＤＳ　国内債券・ＮＯＭＵＲＡ‐ＢＰＩ総合連動型上場投信,デイトレ,3070,0.00
2511,ＮＥＸＴ　ＦＵＮＤＳ　外国債券・ＦＴＳＥ世界国債インデックス（除く日本・為替ヘッジなし）連動型上場投信,デイトレ,4330,0.00
2512,ＮＥＸＴ　ＦＵＮＤＳ　外国債券・ＦＴＳＥ世界国債インデックス（除く日本・為替ヘッジあり）連動型上場投信,デイトレ,1220,0.00
2513,ＮＥＸＴ　ＦＵＮＤＳ　外国株式・ＭＳＣＩ‐ＫＯＫＵＳＡＩ指数（為替ヘッジなし）連動型上場投信,デイトレ,521,0.00
2514,ＮＥＸＴ　ＦＵＮＤＳ　外国株式・ＭＳＣＩ‐ＫＯＫＵＳＡＩ指数（為替ヘッジあり）連動型上場投信,デイトレ,45,0.00
2515,ＮＥＸＴ　ＦＵＮＤＳ　外国ＲＥＩＴ・Ｓ＆Ｐ先進国ＲＥＩＴ指数（除く日本・為替ヘッジなし）連動型上場投信,デイトレ,3134,0.00
2517,ＭＡＸＩＳ　Ｊリート・コア上場投信,デイトレ,190,0.00
2518,ＮＥＸＴ　ＦＵＮＤＳ　ＭＳＣＩ日本株女性活躍指数（セレクト）連動型上場投信,デイトレ,61,0.00
2519,ＮＥＸＴ　ＦＵＮＤＳ新興国債券・Ｊ．Ｐ．モルガン・エマージング・マーケット・ボンド・インデックス・プラス（為替ヘッジなし）連動型,デイトレ,2170,0.00
2520,ＮＥＸＴ　ＦＵＮＤＳ　新興国株式・ＭＳＣＩエマージング・マーケット・インデックス（為替ヘッジなし）連動型上場投信,デイトレ,1726,0.00
2521,上場インデックスファンド米国株式（Ｓ＆Ｐ５００）為替ヘッジあり,デイトレ,70,0.00
2522,ｉシェアーズ　オートメーション＆ロボット　ＥＴＦ,デイトレ,87,0.00
2527,ＮＺＡＭ　上場投信　東証ＲＥＩＴ　Ｃｏｒｅ指数,デイトレ,8,0.00
2528,ｉＦｒｅｅＥＴＦ　東証ＲＥＩＴ　Ｃｏｒｅ指数,デイトレ,5040,0.00
2529,ＮＥＸＴ　ＦＵＮＤＳ　野村株主還元７０連動型上場投信,デイトレ,649,0.00
2531,宝ホールディングス,デイトレ,6000,0.00
2531,宝ホールディングス,長期,75900,
2533,オエノンホールディングス,デイトレ,11900,0.00
2533,オエノンホールディングス,長期,7800,0.03
254A,ＡＩフュージョンキャピタルグループ,デイトレ,54900,0.90
2554,ＮＥＸＴ　ＦＵＮＤＳ　ブルームバーグ米国投資適格社債（１－１０年）インデックス（為替ヘッジあり）連動型上場投信,デイトレ,520,0.00
2555,東証ＲＥＩＴ　ＥＴＦ,デイトレ,1200,0.00
2556,Ｏｎｅ　ＥＴＦ　東証ＲＥＩＴ指数,デイトレ,1350,0.00
2558,ＭＡＸＩＳ米国株式（Ｓ＆Ｐ５００）上場投信,デイトレ,10368,0.00
2559,ＭＡＸＩＳ全世界株式（オール・カントリー）上場投信,デイトレ,89188,0.00
2562,上場インデックスファンド米国株式（ダウ平均）為替ヘッジあり,デイトレ,4,0.00
2564,グローバルＸ　ＭＳＣＩ　スーパーディビィデンド－日本株式ＥＴＦ,デイトレ,753,0.00
2565,グローバルＸ　ロジスティクス・Ｊ－ＲＥＩＴ　ＥＴＦ,デイトレ,9,0.00
2566,上場インデックスファンド日経ＥＳＧリート,デイトレ,84,0.00
2568,上場インデックスファンド米国株式（ＮＡＳＤＡＱ１００）為替ヘッジなし,デイトレ,372,0.00
256A,飛島ホールディングス,デイトレ,4200,0.00
256A,飛島ホールディングス,長期,17100,0.18
2573,北海道コカ・コーラボトリング,デイトレ,2900,3.70
2579,コカ・コーラ　ボトラーズジャパンホールディングス,デイトレ,5500,0.00
2579,コカ・コーラ　ボトラーズジャパンホールディングス,長期,747700,
2585,ライフドリンク　カンパニー,デイトレ,9800,0.00
2585,ライフドリンク　カンパニー,長期,2300,0.07
2586,フルッタフルッタ,デイトレ,213200,0.54
2587,サントリービバレッジ＆フード,デイトレ,2100,0.00
2587,サントリービバレッジ＆フード,長期,691000,
258A,ＳＭＴ　ＥＴＦ国内リート厳選投資アクティブ,デイトレ,202,2.00
2590,ダイドーグループホールディングス,デイトレ,4200,0.00
2593,伊藤園,デイトレ,14700,0.00
2593,伊藤園,長期,175900,
2594,キーコーヒー,デイトレ,9600,0.00
2597,ユニカフェ,デイトレ,4000,0.90
2602,日清オイリオグループ,デイトレ,10600,0.00
2602,日清オイリオグループ,長期,182200,
2607,不二製油,デイトレ,3000,0.00
2607,不二製油,長期,240200,
2613,Ｊ－オイルミルズ,デイトレ,5100,0.00
2613,Ｊ－オイルミルズ,長期,34900,
261A,日水コン,デイトレ,1400,1.73
2627,グローバルＸ　ｅコマース－日本株式ＥＴＦ,デイトレ,25,2.00
262A,インターメスティック,デイトレ,6700,1.10
2631,ＭＡＸＩＳナスダック１００上場投信,デイトレ,92,0.00
2633,ＮＥＸＴ　ＦＵＮＤＳ　Ｓ＆Ｐ５００指数（為替ヘッジなし）連動型上場投信,デイトレ,530,0.00
2636,グローバルＸ　ＭＳＣＩ　ガバナンス・クオリティー日本株式ＥＴＦ,デイトレ,9,0.00
2637,グローバルＸ　クリーンテック－日本株式　ＥＴＦ,デイトレ,20,0.00
2638,グローバルＸ　ロボティクス＆ＡＩ－日本株式ＥＴＦ,デイトレ,93,0.00
2644,グローバルＸ　半導体関連－日本株式　ＥＴＦ,デイトレ,39040,0.00
2646,グローバルＸ　メタルビジネス－日本株式　ＥＴＦ,デイトレ,379,0.00
2647,ＮＥＸＴ　ＦＵＮＤＳ　ブルームバーグ米国国債（７－１０年）インデックス（為替ヘッジなし）連動型上場投信,デイトレ,14,7.00
264A,Ｓｃｈｏｏ,デイトレ,2400,0.90
2652,まんだらけ,デイトレ,12200,0.00
2653,イオン九州,デイトレ,2400,1.80
2654,アスモ,デイトレ,2400,0.00
2656,ベクターホールディングス,デイトレ,464800,0.90
2659,サンエー,デイトレ,1100,0.00
2659,サンエー,長期,184500,
265A,Ｈｍｃｏｍｍ,デイトレ,2600,0.90
2664,カワチ薬品,デイトレ,1100,0.00
2664,カワチ薬品,長期,2200,0.25
2666,オートウェーブ,デイトレ,57500,0.90
2668,タビオ,デイトレ,600,0.00
2670,エービーシー・マート,デイトレ,5800,0.00
2670,エービーシー・マート,長期,536300,
2674,ハードオフコーポレーション,デイトレ,1600,0.00
2674,ハードオフコーポレーション,長期,900,0.17
2676,高千穂交易,デイトレ,200,0.00
2678,アスクル,デイトレ,14900,0.00
2681,セカンドリテイリング,デイトレ,6600,0.00
2681,セカンドリテイリング,長期,62100,
2683,ＵＯＧｒｏｕｐ,デイトレ,700,0.90
2685,アンドエスティＨＤ,デイトレ,4400,0.00
2685,アンドエスティＨＤ,長期,3200,0.41
2687,シー・ヴイ・エス・ベイエリア,デイトレ,3600,0.00
2689,オルバディーブイエックスヘルスケア,デイトレ,400,0.00
268A,リガク・ホールディングス,デイトレ,72500,1.62
2693,ＹＫＴ,デイトレ,6800,0.90
2694,焼肉坂井ホールディングス,デイトレ,53600,0.00
2695,くら寿司,デイトレ,15900,0.90
2698,キャンドゥ,デイトレ,5300,4.19
2700,木徳神糧,デイトレ,3200,0.90
2702,日本マクドナルドホールディングス,デイトレ,17300,0.00
2702,日本マクドナルドホールディングス,長期,107600,
2705,大戸屋ホールディングス,デイトレ,4100,0.00
2708,久世,デイトレ,1000,0.90
2721,ジェイホールディングス,デイトレ,60300,0.33
2722,ＩＫホールディングス,デイトレ,800,0.00
2726,パルグループホールディングス,デイトレ,13200,0.00
2726,パルグループホールディングス,長期,379800,
2730,エディオン,デイトレ,6300,0.00
2733,あらた,デイトレ,6100,0.00
2733,あらた,長期,87300,
2734,サーラコーポレーション,デイトレ,1700,0.00
2734,サーラコーポレーション,長期,117700,0.05
2735,ワッツ,デイトレ,7700,0.00
2736,フェスタリアホールディングス,デイトレ,2500,0.28
2737,トーメンデバイス,デイトレ,3500,76.50
273A,ＳＢＩ　サウジアラビア株式上場投信,デイトレ,39,12.00
2742,ハローズ,デイトレ,1000,0.00
2742,ハローズ,長期,13900,0.30
2749,ＪＰホールディングス,デイトレ,12600,0.00
274A,ガーデン,デイトレ,10500,2.01
2750,石光商事,デイトレ,2400,0.00
2751,テンポスホールディングス,デイトレ,3900,0.00
2752,フジオフードグループ本社,デイトレ,31700,0.00
2753,あみやき亭,デイトレ,7200,1.30
2753,あみやき亭,長期,1400,0.09
2760,東京エレクトロン　デバイス,デイトレ,58600,0.00
2760,東京エレクトロン　デバイス,長期,35300,
2762,ＳＡＮＫＯ　ＭＡＲＫＥＴＩＮＧ　ＦＯＯＤＳ,デイトレ,33000,0.00
2764,ひらまつ,デイトレ,75000,0.15
2767,円谷フィールズホールディングス,デイトレ,31900,0.00
2767,円谷フィールズホールディングス,長期,81200,0.20
2768,双日,デイトレ,60500,0.00
2768,双日,長期,612100,
2769,ヴィレッジヴァンガードコーポレーション,デイトレ,5300,1.30
2778,パレモ・ホールディングス,デイトレ,41200,0.16
2780,コメ兵ホールディングス,デイトレ,35600,4.01
2780,コメ兵ホールディングス,長期,6200,0.36
2782,セリア,デイトレ,4200,0.00
2782,セリア,長期,279200,0.34
2784,アルフレッサ　ホールディングス,デイトレ,400,0.00
2784,アルフレッサ　ホールディングス,長期,1096400,
2788,アップルインターナショナル,デイトレ,2100,0.90
2789,カルラ,デイトレ,1900,0.90
2790,ナフコ,デイトレ,1300,2.59
2791,大黒天物産,デイトレ,2800,0.00
2791,大黒天物産,長期,900,0.28
2792,ハニーズホールディングス,デイトレ,13800,0.00
2792,ハニーズホールディングス,長期,2400,0.15
2795,日本プリメックス,デイトレ,500,0.00
2796,ファーマライズホールディングス,デイトレ,2700,0.00
2798,ワイズテーブルコーポレーション,デイトレ,1800,2.70
2801,キッコーマン,デイトレ,22600,0.00
2801,キッコーマン,長期,50300,
2802,味の素,デイトレ,39300,0.00
2802,味の素,長期,122500,
2804,ブルドックソース,デイトレ,1100,0.00
2804,ブルドックソース,長期,1100,
2805,ヱスビー食品,デイトレ,1000,7.29
2806,ユタカフーズ,デイトレ,1100,0.00
2809,キユーピー,デイトレ,9500,0.00
2809,キユーピー,長期,520500,
280A,ＴＭＨ,デイトレ,3300,0.90
2810,ハウス食品グループ本社,デイトレ,5900,0.00
2810,ハウス食品グループ本社,長期,50000,
2811,カゴメ,デイトレ,3000,0.00
2811,カゴメ,長期,176700,
2813,和弘食品,デイトレ,100,5.14
2814,佐藤食品工業,デイトレ,100,0.00
2815,アリアケジャパン,デイトレ,10100,0.00
2815,アリアケジャパン,長期,150100,
2816,ダイショー,デイトレ,2100,0.00
2818,ピエトロ,デイトレ,1800,0.00
2819,エバラ食品工業,デイトレ,900,0.00
281A,インフォメティス,デイトレ,14300,0.90
2820,やまみ,デイトレ,900,7.37
282A,グローバルＸ　半導体・トップ１０－日本株式　ＥＴＦ,デイトレ,10312,0.00
2831,はごろもフーズ,デイトレ,400,0.00
2839,ＭＡＸＩＳ米国国債７－１０年上場投信（為替ヘッジあり）,デイトレ,3,6.00
2840,ｉＦｒｅｅＥＴＦ　ＮＡＳＤＡＱ１００（為替ヘッジなし）,デイトレ,59,0.00
2842,ｉＦｒｅｅＥＴＦ　ＮＡＳＤＡＱ１００インバース,デイトレ,13,0.00
2844,上場インデックスファンド豪州国債（為替ヘッジなし）,デイトレ,11,0.00
2854,グローバルＸ　テック・トップ２０－日本株式ＥＴＦ,デイトレ,1186,0.00
2856,ｉシェアーズ　米国債　３－７年　ＥＴＦ（為替ヘッジあり）,デイトレ,40,0.00
2859,ＮＥＸＴ　ＦＵＮＤＳ　ユーロ・ストックス５０指数（為替ヘッジあり）連動型上場投信,デイトレ,72,0.00
285A,キオクシアホールディングス,デイトレ,930600,0.00
285A,キオクシアホールディングス,長期,50800,1.43
2860,ＮＥＸＴ　ＦＵＮＤＳ　ドイツ株式・ＤＡＸ（為替ヘッジあり）連動型上場投信,デイトレ,11,0.00
2865,グローバルＸ　ＮＡＳＤＡＱ１００・カバード・コール　ＥＴＦ,デイトレ,77581,0.00
2866,グローバルＸ　米国優先証券　ＥＴＦ,デイトレ,1705,0.00
2867,グローバルＸ　自動運転＆ＥＶ　ＥＴＦ,デイトレ,184,2.00
2868,グローバルＸ　Ｓ＆Ｐ５００・カバード・コール　ＥＴＦ,デイトレ,4485,0.00
2869,ｉＦｒｅｅＥＴＦ　ＮＡＳＤＡＱ１００　レバレッジ,デイトレ,1724,0.00
286A,ユカリア,デイトレ,6500,0.00
2870,ｉＦｒｅｅＥＴＦ　ＮＡＳＤＡＱ１００　ダブルインバース,デイトレ,143,0.00
2871,ニチレイ,デイトレ,10200,0.00
2871,ニチレイ,長期,21800,
2872,セイヒョー,デイトレ,800,1.71
2874,横浜冷凍,デイトレ,10600,0.00
2874,横浜冷凍,長期,61100,
2875,東洋水産,デイトレ,2000,0.00
2875,東洋水産,長期,303400,
2877,日東ベスト,デイトレ,600,0.00
2882,イートアンドホールディングス,デイトレ,7600,0.00
2883,大冷,デイトレ,1100,0.00
2884,ヨシムラ・フード・ホールディングス,デイトレ,19600,0.00
288A,ラクサス・テクノロジーズ,デイトレ,17200,0.39
2892,日本食品化工,デイトレ,200,5.20
2894,石井食品,デイトレ,6300,0.47
2897,日清食品ホールディングス,デイトレ,38800,0.00
2897,日清食品ホールディングス,長期,377400,
2901,ウェルディッシュ,デイトレ,14100,1.26
2902,太陽化学,デイトレ,800,0.00
2903,シノブフーズ,デイトレ,3400,0.90
2904,一正蒲鉾,デイトレ,2400,0.00
2907,あじかん,デイトレ,300,0.00
2908,フジッコ,デイトレ,600,0.00
290A,Ｓｙｎｓｐｅｃｔｉｖｅ,デイトレ,51500,1.53
2910,ロック・フィールド,デイトレ,8900,0.00
2914,日本たばこ産業,デイトレ,80600,0.00
2914,日本たばこ産業,長期,516400,
2915,ケンコーマヨネーズ,デイトレ,2500,0.00
2915,ケンコーマヨネーズ,長期,18300,0.16
2916,仙波糖化工業,デイトレ,400,0.00
2917,大森屋,デイトレ,1400,0.90
2918,わらべや日洋ホールディングス,デイトレ,6200,0.00
2918,わらべや日洋ホールディングス,長期,19300,0.20
2922,なとり,デイトレ,3100,0.00
2922,なとり,長期,1500,0.08
2923,サトウ食品,デイトレ,300,18.70
2924,イフジ産業,デイトレ,1200,0.00
2926,篠崎屋,デイトレ,4400,0.00
2927,ＡＦＣ－ＨＤアムスライフサイエンス,デイトレ,8600,1.30
2929,ファーマフーズ,デイトレ,42900,0.00
2929,ファーマフーズ,長期,2700,0.03
2930,北の達人コーポレーション,デイトレ,32100,0.00
2932,ＳＴＩフードホールディングス,デイトレ,2300,1.30
2933,紀文食品,デイトレ,5800,0.00
2934,ジェイフロンティア,デイトレ,3200,0.90
2935,ピックルスホールディングス,デイトレ,1400,1.30
2935,ピックルスホールディングス,長期,残数量なし,0.05
2936,ベースフード,デイトレ,12100,0.00
2937,サンクゼール,デイトレ,4100,0.00
2938,オカムラ食品工業,デイトレ,15900,0.00
2962,テクニスコ,デイトレ,3700,4.23
296A,令和アカウンティング・ホールディングス,デイトレ,2200,0.00
2971,エスコンジャパンリート投資法人,デイトレ,80,0.00
2971,エスコンジャパンリート投資法人,長期,400,8.00
2975,スター・マイカ・ホールディングス,デイトレ,10400,0.00
2975,スター・マイカ・ホールディングス,長期,27600,0.10
2978,ツクルバ,デイトレ,2000,0.90
2979,ＳＯＳｉＬＡ物流リート投資法人,デイトレ,42,0.00
2979,ＳＯＳｉＬＡ物流リート投資法人,長期,1700,
297A,アルピコホールディングス,デイトレ,13600,0.90
2980,ＳＲＥホールディングス,デイトレ,70000,0.00
2980,ＳＲＥホールディングス,長期,1200,
2981,ランディックス,デイトレ,700,2.60
2982,ＡＤワークスグループ,デイトレ,54700,0.00
2983,アールプランナー,デイトレ,5200,1.30
2984,ヤマイチエステート,デイトレ,1400,0.00
2986,ＬＡホールディングス,デイトレ,17200,0.00
2989,東海道リート投資法人,デイトレ,54,95.00
298A,ＧＶＡ　ＴＥＣＨ,デイトレ,11700,1.30
2993,長栄,デイトレ,300,1.80
2998,クリアル,デイトレ,7600,0.90
299A,クラシル,デイトレ,2600,0.00
3001,片倉工業,長期,28500,
3002,グンゼ,デイトレ,3700,0.00
3002,グンゼ,長期,48000,
3003,ヒューリック,デイトレ,78500,0.00
3003,ヒューリック,長期,1788900,
300A,ＭＩＣ,デイトレ,400,2.60
3020,アプライド,デイトレ,5500,6.43
3021,パシフィックネット,デイトレ,800,0.90
3023,ラサ商事,デイトレ,400,0.00
3024,クリエイト,デイトレ,500,0.90
3028,アルペン,デイトレ,9600,0.00
302A,ビースタイルホールディングス,デイトレ,400,0.78
3030,ハブ,デイトレ,1800,0.90
3031,ラクーンホールディングス,デイトレ,7900,0.00
3032,ゴルフ・ドゥ,デイトレ,2100,0.00
3034,クオールホールディングス,デイトレ,21500,0.00
3034,クオールホールディングス,長期,3400,
3035,ケイティケイ,デイトレ,600,0.00
3036,アルコニックス,デイトレ,5000,0.00
3036,アルコニックス,長期,62600,
3038,神戸物産,デイトレ,39000,0.00
303A,ｖｉｓｕｍｏ,デイトレ,3200,0.90
3040,ソリトンシステムズ,デイトレ,10000,4.07
3040,ソリトンシステムズ,長期,1300,0.12
3041,ビューティカダンホールディングス,デイトレ,2700,0.00
3046,ジンズホールディングス,デイトレ,9000,0.00
3048,ビックカメラ,デイトレ,44800,0.00
3048,ビックカメラ,長期,16600,1.34
3050,ＤＣＭホールディングス,デイトレ,6400,0.00
3050,ＤＣＭホールディングス,長期,383700,
3053,ペッパーフードサービス,デイトレ,323600,1.30
3054,ハイパー,デイトレ,2200,0.90
3058,三洋堂ホールディングス,デイトレ,1300,0.00
3059,ヒラキ,デイトレ,1200,0.00
3063,ジェイグループホールディングス,デイトレ,10400,0.00
3064,ＭｏｎｏｔａＲＯ,デイトレ,22300,0.00
3064,ＭｏｎｏｔａＲＯ,長期,1555700,
3065,ライフフーズ,デイトレ,700,0.00
3066,ＪＢイレブン,デイトレ,4900,0.00
3067,東京一番フーズ,デイトレ,6900,0.00
3068,ＷＤＩ,デイトレ,2600,0.00
3069,ＪＦＬＡホールディングス,デイトレ,32900,0.00
3070,ジェリービーンズグループ,デイトレ,95900,0.39
3075,銚子丸,デイトレ,11700,0.90
3076,あい　ホールディングス,デイトレ,1700,0.00
3076,あい　ホールディングス,長期,178500,
3080,ジェーソン,デイトレ,1700,0.90
3082,きちりホールディングス,デイトレ,4300,0.00
3083,スターシーズ,デイトレ,15500,0.90
3086,Ｊ．フロント　リテイリング,長期,34200,
3087,ドトール・日レスホールディングス,デイトレ,7100,0.00
3087,ドトール・日レスホールディングス,長期,127100,0.42
3088,マツキヨココカラ＆カンパニー,デイトレ,19500,0.00
3088,マツキヨココカラ＆カンパニー,長期,1304000,
3091,ブロンコビリー,デイトレ,21300,1.80
3091,ブロンコビリー,長期,3300,0.38
3093,トレジャー・ファクトリー,デイトレ,115300,0.00
3096,オーシャンシステム,デイトレ,4000,0.90
3097,物語コーポレーション,デイトレ,9300,0.00
3097,物語コーポレーション,長期,114400,0.44
3099,三越伊勢丹ホールディングス,デイトレ,43700,0.00
3099,三越伊勢丹ホールディングス,長期,796100,
3101,東洋紡,デイトレ,18400,0.00
3101,東洋紡,長期,487800,
3104,フジボウホールディングス,長期,94200,
3105,日清紡ホールディングス,デイトレ,8600,0.00
3105,日清紡ホールディングス,長期,992000,
3106,倉敷紡績,デイトレ,2900,0.00
3106,倉敷紡績,長期,10000,
3107,ダイワボウホールディングス,デイトレ,500,0.00
3107,ダイワボウホールディングス,長期,630900,
3109,シキボウ,デイトレ,6000,0.00
3109,シキボウ,長期,1400,0.04
3110,日東紡績,デイトレ,78600,0.00
3111,オーミケンシ,デイトレ,6000,0.16
3116,トヨタ紡織,デイトレ,7900,0.00
3116,トヨタ紡織,長期,613200,
3123,サイボー,デイトレ,1500,1.30
3131,シンデン・ハイテックス,デイトレ,2100,7.67
3132,マクニカホールディングス,デイトレ,7600,0.00
3132,マクニカホールディングス,長期,824200,
3133,海帆,デイトレ,56100,0.34
3134,Ｈａｍｅｅ,デイトレ,4700,0.90
3135,マーケットエンタープライズ,デイトレ,1100,0.90
3137,ファンデリー,デイトレ,2300,0.00
3138,富士山マガジンサービス,デイトレ,500,1.30
3139,ラクト・ジャパン,デイトレ,1800,0.00
3139,ラクト・ジャパン,長期,1100,
313A,ｉシェアーズ　Ｓ＆Ｐ　５００　トップ　２０　ＥＴＦ,デイトレ,20,0.00
3140,ＢＲＵＮＯ,デイトレ,2900,0.00
3143,オーウイル,デイトレ,600,1.41
3148,クリエイトＳＤホールディングス,デイトレ,5000,0.00
3148,クリエイトＳＤホールディングス,長期,97800,
314A,ｉシェアーズ　ゴールド　ＥＴＦ,デイトレ,201270,0.00
3150,グリムス,デイトレ,4400,0.00
3150,グリムス,長期,13200,0.19
3151,バイタルケーエスケー・ホールディングス,デイトレ,4400,0.00
3151,バイタルケーエスケー・ホールディングス,長期,86000,0.06
3153,八洲電機,デイトレ,3000,2.60
3153,八洲電機,長期,2100,
3154,メディアスホールディングス,デイトレ,4000,0.00
3156,レスター,デイトレ,1200,0.00
3156,レスター,長期,2500,
3157,ジオリーブグループ,デイトレ,900,0.90
3159,丸善ＣＨＩホールディングス,デイトレ,6500,0.00
315A,グローバルＸ　銀行　高配当－日本株式　ＥＴＦ,デイトレ,626,0.00
3160,大光,デイトレ,5600,0.00
3161,アゼアス,デイトレ,7800,0.90
3166,ＯＣＨＩホールディングス,デイトレ,500,0.00
3167,ＴＯＫＡＩホールディングス,デイトレ,22700,0.00
3167,ＴＯＫＡＩホールディングス,長期,257900,
3168,ＭＥＲＦ,デイトレ,3900,0.00
3169,ミサワ,デイトレ,1900,0.90
316A,ｉＦｒｅｅＥＴＦ　ＦＡＮＧ＋,デイトレ,9939,0.00
3172,ティーライフ,デイトレ,1100,0.00
3173,Ｃｏｍｉｎｉｘ,デイトレ,1600,1.30
3174,ハピネス・アンド・ディ,デイトレ,1500,0.90
3175,エー・ピーホールディングス,デイトレ,10700,0.30
3176,三洋貿易,デイトレ,900,0.00
3176,三洋貿易,長期,6700,0.10
3178,チムニー,デイトレ,3400,0.00
3179,シュッピン,デイトレ,38100,1.30
3179,シュッピン,長期,2800,
3180,ビューティガレージ,デイトレ,1900,0.00
3182,オイシックス,デイトレ,2700,0.00
3183,ウイン・パートナーズ,デイトレ,1000,0.00
3183,ウイン・パートナーズ,長期,2000,0.07
3185,夢展望,デイトレ,14900,1.05
3186,ネクステージ,デイトレ,22200,0.00
3186,ネクステージ,長期,900700,
3189,ＡＮＡＰホールディングス,デイトレ,29000,0.82
318A,ＶＩＸ短期先物指数ＥＴＦ,デイトレ,73510,1.30
3190,ホットマン,デイトレ,600,1.30
3191,ジョイフル本田,デイトレ,7400,0.00
3193,エターナルホスピタリティグループ,デイトレ,14200,0.00
3195,ジェネレーションパス,デイトレ,7700,0.00
3196,ホットランドホールディングス,デイトレ,13000,0.00
3197,すかいらーくホールディングス,デイトレ,5900,0.00
3197,すかいらーくホールディングス,長期,379600,0.22
3199,綿半ホールディングス,デイトレ,1500,0.00
3199,綿半ホールディングス,長期,2200,0.09
319A,技術承継機構,デイトレ,1000,40.70
3201,日本毛織,デイトレ,500,0.00
3201,日本毛織,長期,181200,0.10
3202,ダイトウボウ,デイトレ,61000,1.27
3204,トーア紡コーポレーション,デイトレ,2200,0.65
3205,ダイドーリミテッド,デイトレ,34600,0.00
3221,ヨシックスホールディングス,デイトレ,2900,0.00
3221,ヨシックスホールディングス,長期,200,0.27
3222,ユナイテッド・スーパーマーケット・ホールディングス,デイトレ,18300,0.00
3224,ゼネラル・オイスター,デイトレ,2900,0.90
3226,三井不動産アコモデーションファンド投資法人,デイトレ,40,0.00
3226,三井不動産アコモデーションファンド投資法人,長期,12060,
3231,野村不動産ホールディングス,デイトレ,231800,0.00
3231,野村不動産ホールディングス,長期,3360800,
3232,三重交通グループホールディングス,デイトレ,12600,0.00
3234,森ヒルズリート投資法人,デイトレ,10,0.00
3234,森ヒルズリート投資法人,長期,4300,
3236,プロパスト,デイトレ,177200,0.90
3238,セントラル総合開発,デイトレ,23400,0.90
323A,フライヤー,デイトレ,1300,1.30
3241,ウィル,デイトレ,2500,0.00
3242,アーバネットコーポレーション,デイトレ,10900,0.00
3245,ディア・ライフ,長期,27700,0.11
3246,コーセーアールイー,デイトレ,2300,0.90
3248,アールエイジ,デイトレ,600,1.30
3249,産業ファンド投資法人,デイトレ,55,0.00
3249,産業ファンド投資法人,長期,10800,
324A,ブッキングリゾート,デイトレ,3100,0.90
3252,地主,デイトレ,12400,0.00
3252,地主,長期,15200,0.22
325A,ＴＥＮＴＩＡＬ,デイトレ,10400,0.00
3261,グランディーズ,デイトレ,2700,0.90
3267,フィル・カンパニー,デイトレ,2700,1.10
3269,アドバンス・レジデンス投資法人,デイトレ,262,0.00
3269,アドバンス・レジデンス投資法人,長期,12600,
3276,ＪＰＭＣ,デイトレ,200,0.00
3277,サンセイランディック,デイトレ,4000,0.00
3279,アクティビア・プロパティーズ投資法人,デイトレ,36,0.00
3279,アクティビア・プロパティーズ投資法人,長期,10200,
3280,エストラスト,デイトレ,2300,0.00
3281,ＧＬＰ投資法人,デイトレ,90,0.00
3281,ＧＬＰ投資法人,長期,22700,
3282,コンフォリア・レジデンシャル投資法人,デイトレ,134,0.00
3283,日本プロロジスリート投資法人,デイトレ,74,0.00
3283,日本プロロジスリート投資法人,長期,36100,
3284,フージャースホールディングス,デイトレ,151700,0.00
3284,フージャースホールディングス,長期,41600,0.10
3286,トラストホールディングス,デイトレ,2400,0.90
3287,星野リゾート・リート投資法人,デイトレ,122,0.00
3287,星野リゾート・リート投資法人,長期,1900,
3288,オープンハウスグループ,デイトレ,1900,0.00
3288,オープンハウスグループ,長期,372500,
3289,東急不動産ホールディングス,デイトレ,93800,0.00
3289,東急不動産ホールディングス,長期,67700,
328A,グローバルＸ　プライシングパワー・リーダーズ－日本株式ＥＴＦ,デイトレ,5,0.00
3290,Ｏｎｅリート投資法人,デイトレ,197,0.00
3290,Ｏｎｅリート投資法人,長期,1900,3.00
3291,飯田グループホールディングス,デイトレ,4400,0.00
3291,飯田グループホールディングス,長期,987400,
3292,イオンリート投資法人,デイトレ,70,0.00
3292,イオンリート投資法人,長期,4600,
3293,アズマハウス,デイトレ,700,0.90
3295,ヒューリックリート投資法人,デイトレ,10,0.00
3295,ヒューリックリート投資法人,長期,4000,
3296,日本リート投資法人,デイトレ,71,0.00
3296,日本リート投資法人,長期,10600,
3297,東武住販,デイトレ,400,0.90
3299,ムゲンエステート,デイトレ,2800,0.00
3300,アンビション　ＤＸ　ホールディングス,デイトレ,3700,1.63
3302,帝国繊維,デイトレ,600,0.00
3302,帝国繊維,長期,12800,0.24
3306,ＳＥＩＭＡホールディングス,デイトレ,29100,0.90
3309,積水ハウス・リート投資法人,デイトレ,1144,0.00
3309,積水ハウス・リート投資法人,長期,21300,
330A,ＴａｌｅｎｔＸ,デイトレ,300,1.30
3317,フライングガーデン,デイトレ,1200,0.90
331A,メディックス,デイトレ,3400,1.10
3320,クロスプラス,デイトレ,1800,0.00
3326,ランシステム,デイトレ,1400,0.90
3329,東和フードサービス,デイトレ,5100,0.00
332A,ミーク,デイトレ,2100,0.00
3333,あさひ,デイトレ,3000,0.00
3333,あさひ,長期,2400,0.05
3346,ヒロタグループホールディングス,デイトレ,1300,0.00
3349,コスモス薬品,デイトレ,5600,0.00
3349,コスモス薬品,長期,248500,
334A,ビジュアル・プロセッシング・ジャパン,デイトレ,1100,0.90
3350,メタプラネット,デイトレ,1439500,0.81
3352,バッファロー,デイトレ,500,0.00
3355,クリヤマホールディングス,デイトレ,3700,1.30
3358,Ｔｒａｉｌｈｅａｄ　Ｇｌｏｂａｌ　Ｈｏｌｄｉｎｇｓ,デイトレ,24100,0.31
3359,ｃｏｔｔａ,デイトレ,5900,0.00
335A,ミライロ,デイトレ,1100,0.00
3360,シップヘルスケアホールディングス,デイトレ,1000,0.00
3360,シップヘルスケアホールディングス,長期,511500,
3361,トーエル,デイトレ,4100,0.82
336A,ダイナミックマッププラットフォーム,デイトレ,51700,3.51
3370,フジタコーポレーション,デイトレ,1200,0.90
3371,ソフトクリエイトホールディングス,デイトレ,4300,0.00
3371,ソフトクリエイトホールディングス,長期,8400,0.18
3372,関門海,デイトレ,12300,0.90
3374,内外テック,デイトレ,600,0.00
3375,ＺＯＡ,デイトレ,100,0.00
3377,バイク王＆カンパニー,デイトレ,18900,0.90
3382,セブン＆アイ・ホールディングス,デイトレ,387200,0.00
3382,セブン＆アイ・ホールディングス,長期,1614300,0.15
3384,アークコア,デイトレ,1800,0.00
3386,コスモ・バイオ,デイトレ,1800,0.00
3388,明治電機工業,デイトレ,1900,0.00
3388,明治電機工業,長期,1200,0.14
338A,ＺｅｎｍｕＴｅｃｈ,デイトレ,残数量なし,33.30
3391,ツルハホールディングス,デイトレ,9100,0.00
3392,デリカフーズホールディングス,デイトレ,4500,0.00
3393,スターティアホールディングス,デイトレ,2200,0.00
3395,サンマルクホールディングス,デイトレ,7000,0.00
3395,サンマルクホールディングス,長期,20600,0.20
3396,フェリシモ,デイトレ,400,0.00
3397,トリドールホールディングス,デイトレ,20200,0.00
3399,丸千代山岡家,デイトレ,27000,0.00
339A,プログレス・テクノロジーズ　グループ,デイトレ,5900,0.90
3401,帝人,デイトレ,10500,0.00
3401,帝人,長期,24500,
3402,東レ,デイトレ,76500,0.00
3402,東レ,長期,179200,
3405,クラレ,デイトレ,10200,0.00
3405,クラレ,長期,1823400,
3407,旭化成,デイトレ,77200,0.00
3407,旭化成,長期,180600,
340A,ジグザグ,デイトレ,5300,0.90
3415,ＴＯＫＹＯ　ＢＡＳＥ,デイトレ,42400,0.00
3416,ピクスタ,デイトレ,200,1.30
3418,バルニバービ,デイトレ,3900,0.90
3419,アートグリーン,デイトレ,600,0.00
341A,トヨコー,デイトレ,2100,0.00
3421,稲葉製作所,デイトレ,3600,2.03
3422,Ｊ－ＭＡＸ,デイトレ,700,0.00
3423,エスイー,デイトレ,6500,0.00
3426,アトムリビンテック,デイトレ,100,1.30
3431,宮地エンジニアリンググループ,デイトレ,3200,0.00
3431,宮地エンジニアリンググループ,長期,3400,0.16
3433,トーカロ,デイトレ,4800,0.00
3433,トーカロ,長期,8000,0.23
3434,アルファ,デイトレ,2200,1.30
3436,ＳＵＭＣＯ,デイトレ,101400,0.00
3436,ＳＵＭＣＯ,長期,688500,
3440,日創グループ,デイトレ,5700,1.30
3441,山王,デイトレ,2400,1.62
3443,川田テクノロジーズ,長期,117600,0.16
3445,ＲＳ　Ｔｅｃｈｎｏｌｏｇｉｅｓ,デイトレ,8700,0.00
3445,ＲＳ　Ｔｅｃｈｎｏｌｏｇｉｅｓ,長期,75700,
3446,ジェイテックコーポレーション,デイトレ,5700,0.00
3447,信和,デイトレ,4300,0.90
3449,テクノフレックス,デイトレ,2500,0.00
3451,トーセイ・リート投資法人,デイトレ,76,0.00
3451,トーセイ・リート投資法人,長期,400,10.00
3452,ビーロット,デイトレ,15800,0.00
3454,ファーストブラザーズ,デイトレ,900,0.00
3455,ヘルスケア＆メディカル投資法人,デイトレ,599,0.00
3457,Ａｎｄ　Ｄｏホールディングス,デイトレ,13100,0.90
3459,サムティ・レジデンシャル投資法人,デイトレ,155,0.00
3459,サムティ・レジデンシャル投資法人,長期,700,7.00
3461,パルマ,デイトレ,2600,1.30
3462,野村不動産マスターファンド投資法人,デイトレ,127,0.00
3462,野村不動産マスターファンド投資法人,長期,21100,
3463,いちごホテルリート投資法人,デイトレ,173,130.00
3465,ケイアイスター不動産,デイトレ,2300,0.00
3465,ケイアイスター不動産,長期,42800,
3466,ラサールロジポート投資法人,デイトレ,42,0.00
3466,ラサールロジポート投資法人,長期,8400,
3467,アグレ都市デザイン,デイトレ,400,1.80
3468,スターアジア不動産投資法人,デイトレ,25,0.00
3468,スターアジア不動産投資法人,長期,8400,3.00
346A,ＮＥＸＴ　ＦＵＮＤＳ　Ｓ＆Ｐ　５００　半導体・半導体製造装置３５％キャップ指数連動型上場投信,デイトレ,348,0.00
3470,マリモ地方創生リート投資法人,デイトレ,87,0.00
3471,三井不動産ロジスティクスパーク投資法人,デイトレ,56,0.00
3471,三井不動産ロジスティクスパーク投資法人,長期,16120,
3472,日本ホテル＆レジデンシャル投資法人,デイトレ,287,58.00
3474,Ｇ－ＦＡＣＴＯＲＹ,デイトレ,5300,0.23
3475,グッドコムアセット,デイトレ,21600,1.32
3476,投資法人みらい,デイトレ,571,0.00
3476,投資法人みらい,長期,6239,
3479,ＴＫＰ,デイトレ,2000,0.00
3481,三菱地所物流リート投資法人,デイトレ,146,0.00
3481,三菱地所物流リート投資法人,長期,4900,
3482,ロードスターキャピタル,デイトレ,5400,0.00
3482,ロードスターキャピタル,長期,13400,0.20
3484,イノベーションホールディングス,デイトレ,700,0.00
3486,グローバル・リンク・マネジメント,デイトレ,8600,0.00
3487,ＣＲＥロジスティクスファンド投資法人,デイトレ,28,0.00
3487,ＣＲＥロジスティクスファンド投資法人,長期,2354,
3488,セントラル・リート投資法人,デイトレ,86,136.00
3489,フェイスネットワーク,デイトレ,15000,0.00
348A,ＭＡＸＩＳ読売３３３日本株上場投信,デイトレ,6440,0.00
3490,アズ企画設計,デイトレ,200,2.88
3491,ＧＡ　ｔｅｃｈｎｏｌｏｇｉｅｓ,デイトレ,13300,0.90
3492,ＭＩＲＡＲＴＨ不動産投資法人,デイトレ,351,0.00
3492,ＭＩＲＡＲＴＨ不動産投資法人,長期,20,13.00
3494,マリオン,デイトレ,1300,0.90
3496,アズーム,デイトレ,600,3.60
3501,ＳＵＭＩＮＯＥ,デイトレ,1400,0.00
3504,丸八ホールディングス,デイトレ,6300,0.00
350A,デジタルグリッド,デイトレ,85300,0.00
3512,日本フエルト,デイトレ,1700,0.92
3513,イチカワ,デイトレ,400,2.70
3521,テルマー湯ホールディングス,デイトレ,3200,0.90
3524,日東製網,デイトレ,2300,0.31
3529,アツギ,デイトレ,2900,0.00
3536,アクサスホールディングス,デイトレ,12200,1.26
3537,昭栄薬品,デイトレ,200,1.30
3538,ウイルプラスホールディングス,デイトレ,3500,0.00
3539,ＪＭホールディングス,デイトレ,49000,0.00
3539,ＪＭホールディングス,長期,4500,
3542,ベガコーポレーション,デイトレ,300,0.00
3543,コメダホールディングス,デイトレ,4300,0.00
3543,コメダホールディングス,長期,71300,
3547,ユニシアホールディングス,デイトレ,5300,0.00
3548,バロックジャパンリミテッド,デイトレ,15500,0.90
3549,クスリのアオキホールディングス,デイトレ,1600,5.20
3549,クスリのアオキホールディングス,長期,26500,0.33
354A,ｉＦｒｅｅＥＴＦ　ブルームバーグ日本株高配当５０指数,デイトレ,29,0.00
3550,スタジオアタオ,デイトレ,5500,0.90
3551,ダイニック,デイトレ,43100,1.71
3553,共和レザー,デイトレ,1300,0.00
3556,リネットジャパングループ,デイトレ,14100,0.70
3558,ジェイドグループ,デイトレ,97800,0.90
3559,ピーバンドットコム,デイトレ,3600,0.00
3560,ほぼ日,デイトレ,500,5.64
3561,力の源ホールディングス,デイトレ,5600,0.00
3562,Ｎｏ．１,デイトレ,4000,2.52
3563,ＦＯＯＤ　＆　ＬＩＦＥ　ＣＯＭＰＡＮＩＥＳ,デイトレ,26400,0.00
3563,ＦＯＯＤ　＆　ＬＩＦＥ　ＣＯＭＰＡＮＩＥＳ,長期,600000,
3566,ユニフォームネクスト,デイトレ,4600,1.30
3569,セーレン,デイトレ,2800,0.00
3569,セーレン,長期,166600,
356A,グローバルＸ　Ｓ＆Ｐ５００　キャッシュフロー・トップ１００　ＥＴＦ,デイトレ,5,0.00
3571,ソトー,デイトレ,7100,1.30
3580,小松マテーレ,デイトレ,1100,0.00
3580,小松マテーレ,長期,1600,
3591,ワコールホールディングス,長期,64400,
3607,クラウディアホールディングス,デイトレ,12500,0.90
3608,ＴＳＩホールディングス,デイトレ,7100,0.00
3608,ＴＳＩホールディングス,長期,135600,
3611,マツオカコーポレーション,デイトレ,13700,0.00
3612,ワールド,デイトレ,3900,0.00
3612,ワールド,長期,8300,0.30
3622,ネットイヤーグループ,デイトレ,8100,1.30
3623,ビリングシステム,デイトレ,1100,0.90
3625,テックファームホールディングス,デイトレ,11900,0.90
3626,ＴＩＳＩ,デイトレ,4000,0.00
3626,ＴＩＳＩ,長期,923700,
3627,テクミラホールディングス,デイトレ,11900,0.00
3628,データホライゾン,デイトレ,8800,1.30
3632,グリーホールディングス,デイトレ,26000,0.00
3632,グリーホールディングス,長期,111600,0.04
3633,ＧＭＯペパボ,デイトレ,400,1.80
3634,ソケッツ,デイトレ,1400,1.53
3635,コーエーテクモホールディングス,デイトレ,39000,0.00
3635,コーエーテクモホールディングス,長期,775400,
3636,三菱総合研究所,デイトレ,900,0.00
3636,三菱総合研究所,長期,27700,
3639,ボルテージ,デイトレ,11100,0.00
3640,電算,デイトレ,1100,0.00
3641,パピレス,デイトレ,2000,0.90
3645,メディカルネット,デイトレ,18800,1.30
3646,駅探,デイトレ,500,0.31
3648,ＡＧＳ,デイトレ,5400,0.00
3649,ファインデックス,デイトレ,4000,0.00
3649,ファインデックス,長期,1800,0.04
364A,ＮＥＸＴ　ＦＵＮＤＳ　Ｓ＆Ｐ　５００　配当貴族指数連動型上場投信,デイトレ,5,3.00
3652,ディジタルメディアプロフェッショナル,デイトレ,11900,2.70
3653,モルフォ,デイトレ,2800,1.53
3656,ＫＬａｂ,デイトレ,387000,0.61
3657,ポールトゥウィンホールディングス,デイトレ,13600,0.00
3657,ポールトゥウィンホールディングス,長期,3600,
3659,ネクソン,デイトレ,16000,0.00
3659,ネクソン,長期,54800,
365A,伊澤タオル,デイトレ,5400,0.90
3660,アイスタイル,デイトレ,47800,0.00
3660,アイスタイル,長期,9800,
3661,エムアップホールディングス,デイトレ,16000,0.00
3661,エムアップホールディングス,長期,154900,
3662,エイチームホールディングス,デイトレ,11100,0.00
3663,セルシス,デイトレ,2400,0.00
3663,セルシス,長期,16200,0.14
3664,ＷＩＺＥ,デイトレ,442000,0.00
3667,ｅｎｉｓｈ,デイトレ,208700,0.00
3668,コロプラ,デイトレ,19700,0.00
3668,コロプラ,長期,9200,0.04
3671,ソフトマックス,デイトレ,11200,0.90
3672,オルトプラスホールディングス,デイトレ,239800,0.27
3673,ブロードリーフ,デイトレ,57800,0.00
3673,ブロードリーフ,長期,249200,0.02
3674,オークファン,デイトレ,11400,0.20
3675,クロス・マーケティンググループ,デイトレ,4300,0.00
3676,デジタルハーツホールディングス,デイトレ,6000,0.00
3678,メディアドゥ,デイトレ,2600,1.53
367A,プリモグローバルホールディングス,デイトレ,11300,1.80
3680,ホットリンク,デイトレ,22900,0.90
3682,エンカレッジ・テクノロジ,デイトレ,1700,0.00
3683,サイバーリンクス,デイトレ,3000,0.00
3686,ディー・エル・イー,デイトレ,98800,0.00
3687,フィックスターズ,デイトレ,22300,0.00
368A,北里,デイトレ,2400,0.90
3690,イルグルム,デイトレ,1000,0.00
3691,デジタルプラス,デイトレ,100,0.90
3694,オプティム,デイトレ,25000,0.00
3694,オプティム,長期,1500,0.04
3695,ＧＭＯプロダクトプラットフォーム,デイトレ,1300,1.36
3696,セレス,デイトレ,6100,0.00
3697,ＳＨＩＦＴ,デイトレ,398500,0.00
3698,ＣＲＩ・ミドルウェア,デイトレ,1200,0.00
369A,エータイ,デイトレ,1100,1.80
3708,特種東海製紙,デイトレ,2600,0.00
3708,特種東海製紙,長期,32000,
3710,ジョルダン,デイトレ,1800,0.00
3712,情報企画,デイトレ,1900,0.00
3719,ＡＩストーム,デイトレ,28300,0.39
3723,日本ファルコム,デイトレ,1400,1.80
3726,フォーシーズＨＤ,デイトレ,5300,0.49
3727,アプリックス,デイトレ,72000,1.30
3733,ソフトウェア・サービス,デイトレ,1400,0.00
3739,コムシード,デイトレ,5000,0.00
3741,セック,デイトレ,7100,0.00
3744,サイオス,デイトレ,16700,0.00
3747,インタートレード,デイトレ,500,0.00
3753,フライトソリューションズ,デイトレ,11400,0.90
3758,アエリア,デイトレ,8600,0.00
3760,ケイブ,デイトレ,2600,1.30
3762,テクマトリックス,デイトレ,21900,0.00
3762,テクマトリックス,長期,109200,
3763,プロシップ,デイトレ,2600,2.60
3763,プロシップ,長期,2300,0.14
3765,ガンホー・オンライン・エンターテイメント,デイトレ,8100,0.00
3765,ガンホー・オンライン・エンターテイメント,長期,161800,
3766,システムズ・デザイン,デイトレ,800,1.93
3768,リスクモンスター,デイトレ,3500,0.00
3769,ＧＭＯペイメントゲートウェイ,デイトレ,6300,0.00
3769,ＧＭＯペイメントゲートウェイ,長期,139100,
3771,システムリサーチ,デイトレ,1900,0.00
3771,システムリサーチ,長期,1800,0.13
3773,アドバンスト・メディア,デイトレ,1800,0.00
3774,インターネットイニシアティブ,デイトレ,5500,0.00
3774,インターネットイニシアティブ,長期,729100,
3775,ガイアックス,デイトレ,2100,0.00
3776,ブロードバンドタワー,デイトレ,21000,1.53
3777,環境フレンドリーホールディングス,デイトレ,985400,0.40
3778,さくらインターネット,デイトレ,30200,0.00
3779,ジェイ・エスコムホールディングス,デイトレ,22200,1.18
3788,ＧＭＯグローバルサイン・ホールディングス,デイトレ,3300,0.00
3788,ＧＭＯグローバルサイン・ホールディングス,長期,600,0.09
378A,ヒット,デイトレ,2200,0.90
3791,ＩＧポート,デイトレ,3600,0.00
3793,ドリコム,デイトレ,5400,0.00
3796,いい生活,デイトレ,7500,0.00
3798,ＵＬＳグループ,デイトレ,105400,0.90
3799,キーウェアソリューションズ,デイトレ,700,0.00
3802,エコミック,デイトレ,200,0.33
3804,システム　ディ,デイトレ,200,1.30
3807,フィスコ,デイトレ,40800,0.00
3808,オーケーウェブ,デイトレ,23600,0.00
380A,グローバルＸ　チャイナテック　ＥＴＦ,デイトレ,66,2.00
3815,メディア工房,デイトレ,700,0.90
3817,ＳＲＡホールディングス,デイトレ,1800,0.00
3817,ＳＲＡホールディングス,長期,16700,
381A,ｉＦｒｅｅＥＴＦ　米国国債３－５年（為替ヘッジなし）,デイトレ,30,3.00
3825,リミックスポイント,デイトレ,485500,0.81
3826,システムインテグレータ,デイトレ,1200,0.00
382A,ｉＦｒｅｅＥＴＦ　米国国債３－５年（為替ヘッジあり）,デイトレ,9,0.00
3834,朝日ネット,デイトレ,2700,0.00
3834,朝日ネット,長期,2800,0.04
3835,ｅＢＡＳＥ,デイトレ,5900,0.00
3836,アバントグループ,デイトレ,1000,0.00
3836,アバントグループ,長期,31700,0.10
3837,アドソル日進,デイトレ,5700,0.00
3837,アドソル日進,長期,2100,0.09
383A,ＭＡＸＩＳ　Ｓ＆Ｐ５００均等ウェイト上場投信,デイトレ,5,3.00
3841,ジーダット,デイトレ,300,1.30
3842,ネクストジェン,デイトレ,500,0.90
3843,フリービット,デイトレ,3400,0.00
3843,フリービット,長期,1200,0.07
3844,コムチュア,デイトレ,16700,0.00
3844,コムチュア,長期,26400,0.10
3848,データ・アプリケーション,デイトレ,600,0.00
3850,イントラマート,デイトレ,400,3.30
3851,日本一ソフトウェア,デイトレ,7100,0.00
3854,アイル,デイトレ,3600,2.20
3854,アイル,長期,1500,
3858,ユビキタスＡＩ,デイトレ,45000,0.90
3861,王子ホールディングス,デイトレ,98200,0.00
3861,王子ホールディングス,長期,95700,
3863,日本製紙,デイトレ,26900,0.00
3863,日本製紙,長期,295900,
3864,三菱製紙,デイトレ,6100,0.00
3865,北越コーポレーション,デイトレ,1800,0.00
386A,みのや,デイトレ,2700,0.90
3877,中越パルプ工業,デイトレ,3200,0.00
3878,巴川コーポレーション,デイトレ,7100,0.00
387A,フラー,デイトレ,100,0.90
3880,大王製紙,デイトレ,9700,0.00
3880,大王製紙,長期,332000,
3891,ニッポン高度紙工業,デイトレ,3100,0.00
3892,岡山製紙,デイトレ,2500,0.00
3895,ハビックス,デイトレ,1200,1.10
3896,阿波製紙,デイトレ,2000,0.90
3900,クラウドワークス,デイトレ,2400,0.00
3901,マークラインズ,デイトレ,2500,0.00
3901,マークラインズ,長期,1500,
3903,ｇｕｍｉ,デイトレ,23200,0.00
3904,カヤック,デイトレ,7400,0.90
3908,コラボス,デイトレ,1500,0.90
3909,ショーケース,デイトレ,残数量なし,3.09
3910,エムケイシステム,デイトレ,1400,0.90
3911,Ａｉｍｉｎｇ,デイトレ,7500,0.90
3912,モバイルファクトリー,デイトレ,800,0.00
3913,ＧｒｅｅｎＢｅｅ,デイトレ,2300,0.90
3914,ＪＩＧ－ＳＡＷ,デイトレ,3200,1.80
3915,テラスカイ,デイトレ,18900,0.00
3916,デジタル・インフォメーション・テクノロジー,デイトレ,7400,0.00
3916,デジタル・インフォメーション・テクノロジー,長期,2900,
3917,アイリッジ,デイトレ,7200,0.00
3918,ＰＣＩソリューションズ,デイトレ,4300,1.03
3920,アイビーシー,デイトレ,1500,0.00
3921,ネオジャパン,デイトレ,2800,0.00
3921,ネオジャパン,長期,600,0.07
3922,ＰＲ　ＴＩＭＥＳ,デイトレ,1600,0.00
3923,ラクス,デイトレ,16700,0.00
3923,ラクス,長期,774400,
3925,ダブルスタンダード,デイトレ,18900,1.17
3926,オープンドア,デイトレ,2200,0.90
3927,フーバーブレイン,デイトレ,6300,4.23
3928,マイネット,デイトレ,6700,0.00
3929,ソーシャルワイヤー,デイトレ,17000,0.90
392A,ｉシェアーズ　ＮＡＳＤＡＱトップ３０ＥＴＦ,デイトレ,7880,1.30
3930,はてな,デイトレ,2600,2.43
3931,バリューゴルフ,デイトレ,900,0.31
3932,アカツキ,デイトレ,15800,0.00
3932,アカツキ,長期,2400,
3933,チエル,デイトレ,5500,0.00
3934,ベネフィットジャパン,デイトレ,600,0.26
3935,エディア,デイトレ,7700,0.90
3936,グローバルウェイ,デイトレ,157400,1.25
3937,Ｕｂｉｃｏｍホールディングス,デイトレ,9600,0.00
3937,Ｕｂｉｃｏｍホールディングス,長期,700,0.06
3939,カナミックネットワーク,デイトレ,2900,0.00
3939,カナミックネットワーク,長期,3300,0.04
3940,ノムラシステムコーポレーション,デイトレ,7800,0.00
3941,レンゴー,デイトレ,8000,0.00
3941,レンゴー,長期,1885500,
3943,大石産業,デイトレ,200,0.00
3945,スーパーバッグ,デイトレ,1000,2.20
3946,トーモク,デイトレ,2600,0.00
3946,トーモク,長期,3600,
3947,ダイナパック,デイトレ,400,2.60
3948,光ビジネスフォーム,デイトレ,200,1.30
3950,ザ・パック,デイトレ,3400,0.00
3950,ザ・パック,長期,51400,0.08
3951,朝日印刷,デイトレ,1500,0.00
3954,昭和パックス,デイトレ,300,2.77
3955,イムラ,デイトレ,700,0.00
3958,笹徳印刷,デイトレ,1200,1.30
395A,業界改革厳選ＥＴＦ地銀,デイトレ,2610,0.30
3962,チェンジホールディングス,デイトレ,37900,0.00
3963,シンクロ・フード,デイトレ,2600,0.00
3964,オークネット,長期,5000,0.11
3965,キャピタル・アセット・プランニング,デイトレ,3100,0.90
3967,エルテス,デイトレ,9500,1.30
3968,セグエグループ,デイトレ,15100,0.00
3969,エイトレッド,デイトレ,6700,1.30
3970,イノベーション,デイトレ,100,0.90
3974,ＳＣＡＴ,デイトレ,400,0.00
3976,シャノン,デイトレ,3800,0.90
3979,うるる,デイトレ,600,0.90
3981,ビーグリー,デイトレ,4500,1.59
3983,オロ,デイトレ,3600,0.00
3984,ユーザーローカル,デイトレ,6700,0.00
3985,テモナ,デイトレ,2100,0.90
3986,ビーブレイクシステムズ,デイトレ,2700,1.30
3987,エコモット,デイトレ,5800,0.90
3988,ＳＹＳホールディングス,デイトレ,400,1.30
3991,ウォンテッドリー,デイトレ,1700,1.30
3992,ニーズウェル,デイトレ,7400,0.00
3993,ＰＫＳＨＡ　Ｔｅｃｈｎｏｌｏｇｙ,デイトレ,34800,0.00
3994,マネーフォワード,デイトレ,4400,0.00
3994,マネーフォワード,長期,6200,
3996,サインポスト,デイトレ,5700,0.00
3998,すららネット,デイトレ,11100,0.00
399A,上場インデックスファンド日経平均高配当株５０,デイトレ,2898,0.00
4004,レゾナック・ホールディングス,デイトレ,14500,0.00
4004,レゾナック・ホールディングス,長期,24900,
4005,住友化学,デイトレ,736700,0.00
4005,住友化学,長期,166500,
4008,住友精化,デイトレ,1800,0.00
4008,住友精化,長期,362000,
4011,ヘッドウォータース,デイトレ,14900,1.80
4012,アクシス,デイトレ,3200,0.00
4013,勤次郎,デイトレ,4300,0.00
4014,カラダノート,デイトレ,10200,0.90
4015,ペイクラウドホールディングス,デイトレ,2700,0.90
4016,ＭＩＴホールディングス,デイトレ,1100,0.90
4017,クリーマ,デイトレ,7800,1.30
4019,スタメン,デイトレ,1900,0.00
401A,霞ヶ関ホテルリート投資法人,デイトレ,66,0.00
4021,日産化学,デイトレ,1600,0.00
4021,日産化学,長期,11400,
4022,ラサ工業,デイトレ,8800,0.00
4022,ラサ工業,長期,3700,0.14
4023,クレハ,デイトレ,8500,0.00
4023,クレハ,長期,34400,0.32
4025,多木化学,デイトレ,100,0.00
4026,神島化学工業,デイトレ,2300,0.00
4027,テイカ,デイトレ,1300,0.00
4027,テイカ,長期,19500,0.18
4028,石原産業,デイトレ,11100,0.00
4028,石原産業,長期,151500,
4031,片倉コープアグリ,デイトレ,15400,0.00
4040,南海化学,デイトレ,3300,4.40
4041,日本曹達,デイトレ,1800,0.00
4041,日本曹達,長期,406000,
4042,東ソー,デイトレ,10200,0.00
4042,東ソー,長期,1154600,
4043,トクヤマ,デイトレ,13300,0.00
4043,トクヤマ,長期,509200,
4044,セントラル硝子,デイトレ,600,0.00
4044,セントラル硝子,長期,120200,
4045,東亞合成,デイトレ,4300,0.00
4045,東亞合成,長期,499800,
4046,大阪ソーダ,デイトレ,3900,0.00
4046,大阪ソーダ,長期,570800,
4047,関東電化工業,デイトレ,26700,0.00
4047,関東電化工業,長期,100700,0.08
4051,ＧＭＯフィナンシャルゲート,デイトレ,3200,6.59
4052,フィーチャ,デイトレ,9800,1.53
4053,Ｓｕｎ　Ａｓｔｅｒｉｓｋ,デイトレ,4400,0.00
4054,日本情報クリエイト,デイトレ,4300,0.00
4055,ティアンドエスグループ,デイトレ,8100,0.00
4056,ニューラルグループ,デイトレ,18200,0.90
4057,インターファクトリー,デイトレ,3200,0.90
4058,トヨクモ,デイトレ,3600,0.00
4059,まぐまぐ,デイトレ,4400,1.30
4060,ｒａｋｕｍｏ,デイトレ,3800,0.00
4061,デンカ,デイトレ,7200,0.00
4061,デンカ,長期,345500,
4062,イビデン,長期,165000,
4063,信越化学工業,デイトレ,88600,0.00
4063,信越化学工業,長期,440500,
4064,日本カーバイド工業,デイトレ,4600,0.00
4064,日本カーバイド工業,長期,13700,0.30
4068,ベイシス,デイトレ,500,0.90
4069,ＢｌｕｅＭｅｍｅ,デイトレ,28800,1.30
4071,プラスアルファ・コンサルティング,デイトレ,6900,0.00
4071,プラスアルファ・コンサルティング,長期,43500,
4072,電算システムホールディングス,デイトレ,1300,0.00
4072,電算システムホールディングス,長期,1100,
4073,ジィ・シィ企画,デイトレ,13000,3.33
4074,ラキール,デイトレ,1500,0.00
4075,ブレインズテクノロジー,デイトレ,2900,0.90
4076,シイエヌエス,デイトレ,1800,1.30
4078,堺化学工業,デイトレ,5000,0.00
4078,堺化学工業,長期,42800,
407A,ＵＮＩＣＯＮホールディングス,デイトレ,28900,0.90
4088,エア・ウォーター,デイトレ,5200,0.00
4088,エア・ウォーター,長期,701400,
408A,ｉシェアーズ　ＡＩ　グローバル・イノベーション　アクティブ　ＥＴＦ,デイトレ,36820,1.30
4091,日本酸素ホールディングス,デイトレ,2600,0.00
4091,日本酸素ホールディングス,長期,524000,
4092,日本化学工業,デイトレ,5900,0.00
4092,日本化学工業,長期,900,0.22
4094,日本化学産業,デイトレ,800,2.84
4095,日本パーカライジング,長期,463600,
4097,高圧ガス工業,長期,36600,0.10
4098,チタン工業,デイトレ,2200,0.90
4099,四国化成ホールディングス,デイトレ,4100,0.00
4099,四国化成ホールディングス,長期,83600,
409A,オリオンビール,デイトレ,14800,0.00
4100,戸田工業,デイトレ,5200,0.00
4107,伊勢化学工業,デイトレ,58300,3.60
4109,ステラ　ケミファ,デイトレ,2000,0.00
4109,ステラ　ケミファ,長期,13500,
410A,ＧＭＯコマース,デイトレ,8200,1.30
4112,保土谷化学工業,デイトレ,400,0.00
4112,保土谷化学工業,長期,20900,0.16
4113,田岡化学工業,デイトレ,6700,1.10
4114,日本触媒,デイトレ,21200,0.00
4114,日本触媒,長期,784000,
4116,大日精化工業,デイトレ,1900,0.00
4116,大日精化工業,長期,130600,
4118,カネカ,デイトレ,7500,0.00
4118,カネカ,長期,371400,
4119,日本ピグメントホールディングス,デイトレ,1000,6.79
4124,大阪油化工業,デイトレ,100,2.60
4125,三和油化工業,デイトレ,1600,4.02
412A,ＮＥＸＴ　ＦＵＮＤＳ　ＴＩＰ　ＦａｃｔＳｅｔ　台湾イノベイティブ・テクノロジー５０指数連動型上場投信,デイトレ,9680,6.00
413A,ｉＦｒｅｅＥＴＦ　キャセイ台湾テックリーダー指数,デイトレ,7120,0.00
414A,オーバーラップホールディングス,デイトレ,6200,0.00
4151,協和キリン,デイトレ,15600,0.00
4151,協和キリン,長期,31500,
4165,プレイド,デイトレ,47600,0.00
4166,かっこ,デイトレ,4200,2.43
4167,ココペリ,デイトレ,4600,0.00
4168,ヤプリ,デイトレ,5100,0.00
4169,ＥＮＥＣＨＡＮＧＥ,デイトレ,24200,0.00
416A,富士ユナイトホールディングス,デイトレ,1000,0.00
4170,Ｋａｉｚｅｎ　Ｐｌａｔｆｏｒｍ,デイトレ,4100,0.00
4172,Ｈｉクラテス,デイトレ,600,0.16
4174,アピリッツ,デイトレ,3300,0.90
4175,ｃｏｌｙ,デイトレ,1200,3.05
4176,ココナラ,デイトレ,53300,0.00
4177,ｉ－ｐｌｕｇ,デイトレ,400,1.10
4178,Ｓｈａｒｉｎｇ　Ｉｎｎｏｖａｔｉｏｎｓ,デイトレ,300,1.30
4179,ジーネクスト,デイトレ,7200,0.26
417A,ブルーゾーンホールディングス,デイトレ,2300,0.00
417A,ブルーゾーンホールディングス,長期,574800,
4180,Ａｐｐｉｅｒ　Ｇｒｏｕｐ,デイトレ,49300,0.00
4180,Ａｐｐｉｅｒ　Ｇｒｏｕｐ,長期,9700,
4182,三菱瓦斯化学,デイトレ,11400,0.00
4182,三菱瓦斯化学,長期,698100,
4183,三井化学,デイトレ,16200,0.00
4183,三井化学,長期,42700,
4186,東京応化工業,デイトレ,12100,0.00
4186,東京応化工業,長期,286400,
4187,大阪有機化学工業,デイトレ,2500,0.00
4187,大阪有機化学工業,長期,50200,
4188,三菱ケミカルグループ,デイトレ,61100,0.00
4188,三菱ケミカルグループ,長期,198800,
4189,ＫＨネオケム,デイトレ,2000,0.00
4189,ＫＨネオケム,長期,104300,
4192,スパイダープラス,デイトレ,24600,0.00
4193,ファブリカホールディングス,デイトレ,500,2.60
4194,ビジョナル,デイトレ,200,0.00
4194,ビジョナル,長期,2600,
4196,ネオマーケティング,デイトレ,700,1.30
4197,アスマーク,デイトレ,200,2.20
4198,テンダ,デイトレ,2400,1.30
4202,ダイセル,デイトレ,13900,0.00
4202,ダイセル,長期,1811800,
4203,住友ベークライト,デイトレ,11700,0.00
4203,住友ベークライト,長期,439300,
4204,積水化学工業,デイトレ,58800,0.00
4204,積水化学工業,長期,1202200,
4205,日本ゼオン,デイトレ,23800,0.00
4205,日本ゼオン,長期,998900,
4206,アイカ工業,デイトレ,600,0.00
4206,アイカ工業,長期,280900,
4208,ＵＢＥ,デイトレ,32700,0.00
4208,ＵＢＥ,長期,432900,
4212,積水樹脂,デイトレ,1000,0.00
4212,積水樹脂,長期,60600,
4216,旭有機材,デイトレ,500,0.00
4216,旭有機材,長期,28400,
4218,ニチバン,長期,1600,0.13
421A,ムービン・ストラテジック・キャリア,デイトレ,700,4.51
4220,リケンテクノス,デイトレ,1600,0.00
4220,リケンテクノス,長期,5200,0.32
4221,大倉工業,デイトレ,400,0.00
4221,大倉工業,長期,残数量なし,0.44
4222,児玉化学工業,デイトレ,77400,0.90
4224,ロンシール工業,デイトレ,1900,2.20
4228,積水化成品工業,デイトレ,5400,0.00
4228,積水化成品工業,長期,88400,
4229,群栄化学工業,デイトレ,300,0.00
4231,タイガースポリマー,デイトレ,100,0.00
4234,サンエー化研,デイトレ,2600,0.90
4235,ウルトラファブリックス・ホールディングス,デイトレ,1400,0.90
4237,フジプレアム,デイトレ,15500,0.00
4238,ミライアル,デイトレ,4800,1.80
423A,ライオン事務器,デイトレ,6300,0.90
4240,クラスターテクノロジー,デイトレ,1300,0.90
4241,アテクト,デイトレ,2300,0.90
4242,タカギセイコー,デイトレ,200,0.00
4243,ニックス,デイトレ,3300,1.10
4245,ダイキアクシス,デイトレ,21600,0.00
4246,ダイキョーニシカワ,デイトレ,6000,0.00
4246,ダイキョーニシカワ,長期,132300,
4248,竹本容器,デイトレ,5500,0.00
4249,森六,デイトレ,1100,0.00
4249,森六,長期,1300,
424A,グローバルＸ　ゴールド　ＥＴＦ（為替ヘッジあり）,デイトレ,7960,1.30
4251,恵和,デイトレ,11200,0.00
4255,ＴＨＥＣＯＯ,デイトレ,3700,2.89
4256,サインド,デイトレ,500,0.90
4258,網屋,デイトレ,7900,0.00
4259,エクサウィザーズ,デイトレ,101600,0.90
425A,グローバルＸ　ゴールド　ＥＴＦ,デイトレ,39210,1.30
4260,ハイブリッドテクノロジーズ,デイトレ,4700,1.30
4261,アジアクエスト,デイトレ,2800,1.80
4262,ニフティライフスタイル,デイトレ,500,0.00
4263,サスメド,デイトレ,206000,0.29
4264,セキュア,デイトレ,4100,1.23
426A,ニッセイＥＴＦ　Ｓ＆Ｐ５００イコール・ウェイト（為替ヘッジなし）,デイトレ,129,0.00
4270,ＢｅｅＸ,デイトレ,3000,1.10
4272,日本化薬,デイトレ,5000,0.00
4272,日本化薬,長期,773100,
4274,細谷火工,デイトレ,4200,0.90
4275,カーリット,デイトレ,3900,0.00
4275,カーリット,長期,13100,0.15
4284,ソルクシーズ,デイトレ,6900,1.30
4286,ＣＬホールディングス,デイトレ,6000,0.00
4288,アズジェント,デイトレ,残数量なし,0.00
428A,サイプレス・ホールディングス,デイトレ,125100,0.90
4290,プレステージ・インターナショナル,デイトレ,3100,0.00
4290,プレステージ・インターナショナル,長期,117200,
4293,セプテーニ・ホールディングス,デイトレ,36900,0.00
4293,セプテーニ・ホールディングス,長期,58200,0.04
4299,ハイマックス,デイトレ,1400,1.06
429A,テクセンドフォトマスク,デイトレ,28900,0.00
429A,テクセンドフォトマスク,長期,189100,
4301,アミューズ,デイトレ,8200,0.00
4301,アミューズ,長期,1400,
4307,野村総合研究所,デイトレ,17100,0.00
4307,野村総合研究所,長期,55200,
4308,Ｊストリーム,デイトレ,16600,0.90
4310,ドリームインキュベータ,デイトレ,1900,0.00
4310,ドリームインキュベータ,長期,800,0.21
4317,レイ,デイトレ,600,1.30
4318,クイック,デイトレ,1600,0.00
4318,クイック,長期,6700,0.07
431A,ユーソナー,デイトレ,49200,2.79
4320,ＣＥホールディングス,デイトレ,200,0.22
4323,日本システム技術,デイトレ,2100,0.00
4323,日本システム技術,長期,2000,0.13
4324,電通グループ,デイトレ,21800,0.00
4324,電通グループ,長期,909500,
4326,インテージホールディングス,デイトレ,1800,0.00
4331,テイクアンドギヴ・ニーズ,デイトレ,8100,0.90
4334,ユークス,デイトレ,2700,0.90
4335,ＩＰＳホールディングス,デイトレ,800,0.90
4337,ぴあ,デイトレ,4400,0.00
4337,ぴあ,長期,1100,0.20
4341,西菱電機,デイトレ,400,0.00
4343,イオンファンタジー,デイトレ,6000,0.00
4344,ソースネクスト,デイトレ,148900,0.00
4345,シーティーエス,デイトレ,4900,0.00
4345,シーティーエス,長期,3300,0.07
4346,ＮＥＸＹＺ．Ｇｒｏｕｐ,デイトレ,1800,0.00
4347,ブロードメディア,デイトレ,600,1.30
4350,メディカルシステムネットワーク,デイトレ,100,1.30
4351,山田再生系債権回収総合事務所,デイトレ,1400,0.90
4356,応用技術,デイトレ,1100,1.30
435A,ｉＦｒｅｅＥＴＦ　日本株配当ローテーション戦略,デイトレ,13488,0.00
4360,マナック・ケミカル・パートナーズ,デイトレ,1800,0.90
4361,川口化学工業,デイトレ,残数量なし,1.30
4362,日本精化,デイトレ,3500,0.00
4362,日本精化,長期,19100,0.23
4366,ダイトーケミックス,デイトレ,9500,1.53
4368,扶桑化学工業,デイトレ,14300,0.00
4368,扶桑化学工業,長期,615900,
4369,トリケミカル研究所,デイトレ,36800,0.00
4369,トリケミカル研究所,長期,46300,
436A,サイバーソリューションズ,デイトレ,残数量なし,5.32
4370,モビルス,デイトレ,17400,0.90
4371,コアコンセプト・テクノロジー,デイトレ,4500,0.00
4373,シンプレクス・ホールディングス,デイトレ,12900,0.00
4373,シンプレクス・ホールディングス,長期,513000,
4374,ＲＯＢＯＴ　ＰＡＹＭＥＮＴ,デイトレ,5800,0.90
4375,セーフィー,デイトレ,9800,0.00
4376,くふうカンパニーホールディングス,デイトレ,10900,0.90
4377,ワンキャリア,デイトレ,15000,0.00
4378,ＣＩＮＣ,デイトレ,1300,1.30
4379,Ｐｈｏｔｏｓｙｎｔｈ,デイトレ,4300,0.90
4380,Ｍマート,デイトレ,3900,0.90
4381,ビープラッツ,デイトレ,9700,0.68
4382,ＨＥＲＯＺ,デイトレ,21300,0.00
4385,メルカリ,デイトレ,33300,0.00
4385,メルカリ,長期,671700,
4386,ＳＩＧグループ,デイトレ,2800,0.00
4387,ＺＵＵ,デイトレ,200,0.90
4388,エーアイ,デイトレ,900,0.00
4389,プロパティデータバンク,デイトレ,1000,0.23
438A,インフキュリオン,デイトレ,9100,0.90
4390,アイ・ピー・エス,デイトレ,8000,0.00
4391,ロジザード,デイトレ,3900,0.90
4392,ＦＩＧ,デイトレ,94800,0.00
4393,バンク・オブ・イノベーション,デイトレ,3900,0.00
4394,エクスモーション,デイトレ,3800,1.30
4395,アクリート,デイトレ,14200,1.53
4396,システムサポートホールディングス,デイトレ,3700,0.00
4396,システムサポートホールディングス,長期,2100,
4397,チームスピリット,デイトレ,5400,0.34
4401,ＡＤＥＫＡ,デイトレ,2700,0.00
4401,ＡＤＥＫＡ,長期,542800,
4403,日油,デイトレ,12100,0.00
4403,日油,長期,1172200,
4404,ミヨシ油脂,デイトレ,600,1.80
4406,新日本理化,デイトレ,11900,0.00
4409,東邦化学工業,デイトレ,500,0.00
4410,ハリマ化成グループ,デイトレ,8000,0.00
4410,ハリマ化成グループ,長期,1700,0.08
4413,ボードルア,デイトレ,1900,0.16
4414,フレクト,デイトレ,3500,0.90
4415,ブロードエンタープライズ,デイトレ,400,1.93
4416,Ｔｒｕｅ　Ｄａｔａ,デイトレ,1400,0.90
4418,ＪＤＳＣ,デイトレ,37300,0.00
4419,Ｆｉｎａｔｅｘｔホールディングス,デイトレ,90300,0.90
441A,ＮＥ,デイトレ,1500,0.00
4421,ディ・アイ・システム,デイトレ,1100,0.42
4425,Ｋｕｄａｎ,デイトレ,23800,0.00
4428,シノプス,デイトレ,300,0.90
4429,リックソフト,デイトレ,2700,0.00
4430,東海ソフト,デイトレ,600,1.56
4431,スマレジ,デイトレ,5100,0.00
4432,ウイングアーク１ｓｔ,デイトレ,1300,0.00
4432,ウイングアーク１ｓｔ,長期,3000,0.45
4433,ヒト・コミュニケーションズ・ホールディングス,デイトレ,4600,0.90
4434,サーバーワークス,デイトレ,7900,0.00
4437,ｇｏｏｄｄａｙｓホールディングス,デイトレ,300,0.90
4438,Ｗｅｌｂｙ,デイトレ,1800,0.90
4439,東名,デイトレ,1700,0.00
4441,トビラシステムズ,デイトレ,300,0.90
4442,バルテス・ホールディングス,デイトレ,8000,0.00
4443,Ｓａｎｓａｎ,デイトレ,13600,0.00
4443,Ｓａｎｓａｎ,長期,231100,
4444,インフォネットグループ,デイトレ,1000,0.83
4445,リビン・テクノロジーズ,デイトレ,1300,0.90
4447,ピー・ビーシステムズ,デイトレ,4600,0.00
4448,ｋｕｂｅｌｌ,デイトレ,20800,0.00
4452,花王,デイトレ,8600,0.00
4452,花王,長期,980900,
4461,第一工業製薬,デイトレ,4200,0.00
4461,第一工業製薬,長期,18600,2.14
4462,石原ケミカル,デイトレ,2500,0.00
4462,石原ケミカル,長期,1100,0.21
4463,日華化学,デイトレ,1000,0.00
4465,ニイタカ,デイトレ,2400,0.00
446A,ノースサンド,デイトレ,14500,0.00
4471,三洋化成工業,デイトレ,3600,0.00
4471,三洋化成工業,長期,6500,
4475,ＨＥＮＮＧＥ,デイトレ,12700,0.00
4476,ＡＩ　ＣＲＯＳＳ,デイトレ,4400,0.90
4477,ＢＡＳＥ,デイトレ,112200,0.81
4478,フリー,デイトレ,11400,0.00
4479,マクアケ,デイトレ,5600,0.90
447A,ステート・ストリート・スパイダー　ゴールド　ＥＴＦ（為替ヘッジなし）,デイトレ,2200,1.30
4480,メドレー,デイトレ,18800,0.00
4480,メドレー,長期,3400,
4481,ベース,デイトレ,2600,0.00
4482,ウィルズ,デイトレ,6200,0.00
4483,ＪＭＤＣ,デイトレ,5200,0.00
4484,ランサーズ,デイトレ,9600,0.90
4486,ユナイトアンドグロウ,デイトレ,8400,0.00
4487,スペースマーケット,デイトレ,13700,1.30
4488,ＡＩ　ｉｎｓｉｄｅ,デイトレ,5100,1.80
4490,ビザスク,デイトレ,6600,0.90
4491,コンピューターマネージメント,デイトレ,300,0.36
4492,ゼネテック,デイトレ,3500,0.90
4493,サイバーセキュリティクラウド,デイトレ,残数量なし,23.20
4495,アイキューブドシステムズ,デイトレ,1400,0.00
4496,コマースＯｎｅホールディングス,デイトレ,500,0.90
4498,サイバートラスト,デイトレ,52100,0.00
4499,Ｓｐｅｅｅ,デイトレ,12100,0.00
449A,ステート・ストリート・スパイダー　Ｓ＆Ｐ５００　ＥＴＦ（為替ヘッジなし）,デイトレ,190,0.40
4502,武田薬品工業,デイトレ,42200,0.00
4502,武田薬品工業,長期,250900,
4503,アステラス製薬,デイトレ,49100,0.00
4503,アステラス製薬,長期,1496700,
4506,住友ファーマ,デイトレ,215800,0.00
4506,住友ファーマ,長期,1583500,
4507,塩野義製薬,デイトレ,18100,0.00
4507,塩野義製薬,長期,82200,
4512,わかもと製薬,デイトレ,1400,0.00
4516,日本新薬,デイトレ,1600,0.00
4516,日本新薬,長期,483900,
4519,中外製薬,デイトレ,55900,0.00
4519,中外製薬,長期,83100,
451A,ステート・ストリート・スパイダー　Ｓ＆Ｐ５００高配当株　ＥＴＦ,デイトレ,270,0.50
4521,科研製薬,デイトレ,12700,0.00
4521,科研製薬,長期,12900,
4523,エーザイ,デイトレ,69100,0.00
4523,エーザイ,長期,30000,
4526,理研ビタミン,デイトレ,4200,0.00
4526,理研ビタミン,長期,35400,
4527,ロート製薬,デイトレ,11900,0.00
4527,ロート製薬,長期,1315700,
4528,小野薬品工業,デイトレ,24000,0.00
4528,小野薬品工業,長期,1350200,
452A,ｉシェアーズ　Ｓ＆Ｐ　５００　プレミアムインカム　ＥＴＦ,デイトレ,22120,0.30
4531,有機合成薬品工業,デイトレ,21600,0.00
4534,持田製薬,デイトレ,200,0.00
4534,持田製薬,長期,87800,
4536,参天製薬,デイトレ,3700,0.00
4536,参天製薬,長期,1519600,
4539,日本ケミファ,デイトレ,100,0.90
453A,ｉシェアーズ　米国債２０年超　プレミアムインカム　ＥＴＦ,デイトレ,4030,0.00
4540,ツムラ,デイトレ,12600,0.00
4540,ツムラ,長期,143500,
4543,テルモ,デイトレ,24100,0.00
4543,テルモ,長期,1456700,
4544,Ｈ．Ｕ．グループホールディングス,デイトレ,3900,0.00
4544,Ｈ．Ｕ．グループホールディングス,長期,242500,
4547,キッセイ薬品工業,デイトレ,300,0.00
4547,キッセイ薬品工業,長期,204000,
4548,生化学工業,デイトレ,13000,0.00
4548,生化学工業,長期,58200,0.05
4549,栄研化学,デイトレ,3900,0.00
4549,栄研化学,長期,53300,
4552,ＪＣＲファーマ,デイトレ,180900,0.00
4552,ＪＣＲファーマ,長期,11000,
4553,東和薬品,長期,111900,
4554,富士製薬工業,デイトレ,5000,0.00
4554,富士製薬工業,長期,21900,0.14
4558,中京医薬品,デイトレ,2900,0.18
4559,ゼリア新薬工業,デイトレ,1500,0.00
4559,ゼリア新薬工業,長期,57200,
4563,アンジェス,デイトレ,1170800,0.34
4564,オンコセラピー・サイエンス,デイトレ,残数量なし,0.00
4565,ネクセラファーマ,デイトレ,136400,0.00
4565,ネクセラファーマ,長期,60900,
4568,第一三共,デイトレ,238100,0.00
4568,第一三共,長期,1173700,
4569,杏林製薬,デイトレ,700,0.00
4569,杏林製薬,長期,108000,
456A,ＨＵＭＡＮ　ＭＡＤＥ,デイトレ,6000,0.00
4571,ＮＡＮＯホールディングス,デイトレ,277400,0.20
4572,カルナバイオサイエンス,デイトレ,23000,0.20
4574,大幸薬品,デイトレ,14100,0.90
4575,キャンバス,デイトレ,22700,0.81
4576,デ・ウエスタン・セラピテクス研究所,デイトレ,195200,0.31
4577,ダイト,デイトレ,1400,0.00
4577,ダイト,長期,41200,0.11
4578,大塚ホールディングス,デイトレ,4200,0.00
4578,大塚ホールディングス,長期,60700,
4579,ラクオリア創薬,デイトレ,46300,0.90
4582,シンバイオ製薬,デイトレ,168900,0.48
4583,カイオム・バイオサイエンス,デイトレ,166800,0.38
4584,キッズウェル・バイオ,デイトレ,77100,0.90
4586,メドレックス,デイトレ,168200,0.45
4587,ペプチドリーム,デイトレ,37700,0.00
4588,オンコリスバイオファーマ,デイトレ,106800,8.10
4591,リボミック,デイトレ,207300,0.24
4592,サンバイオ,デイトレ,240000,0.81
4593,ヘリオス,デイトレ,160900,0.00
4594,ブライトパス・バイオ,デイトレ,227500,0.34
4595,ミズホメディー,デイトレ,206800,1.53
4597,ソレイジア・ファーマ,デイトレ,残数量なし,0.00
4598,Ｄｅｌｔａ－Ｆｌｙ　Ｐｈａｒｍａ,デイトレ,41000,0.13
4599,ステムリム,デイトレ,253200,0.15
459A,野村高利回りＪリート指数ＥＴＦ,デイトレ,5,0.00
460A,ＢＲＡＮＵ,デイトレ,1700,0.90
4611,大日本塗料,デイトレ,73900,0.00
4611,大日本塗料,長期,30300,0.13
4612,日本ペイントホールディングス,デイトレ,3200,0.00
4612,日本ペイントホールディングス,長期,2956900,
4613,関西ペイント,デイトレ,3000,0.00
4613,関西ペイント,長期,194500,
4615,神東塗料,デイトレ,4800,1.30
4616,川上塗料,デイトレ,100,3.94
4617,中国塗料,デイトレ,6200,0.00
4617,中国塗料,長期,14100,0.29
4619,日本特殊塗料,デイトレ,1900,0.00
4619,日本特殊塗料,長期,13600,0.21
461A,ＭＡＸＩＳ日本株高配当ＳＭＡＲＴ５０上場投信,デイトレ,47,1.00
4620,藤倉化成,デイトレ,1800,0.00
4623,アサヒペン,デイトレ,500,1.30
4625,アトミクス,デイトレ,2700,0.33
4627,ナトコ,デイトレ,600,1.80
4628,エスケー化研,デイトレ,100,13.06
4628,エスケー化研,長期,41800,0.80
4629,大伸化学,デイトレ,200,3.01
462A,ＦＵＮＤＩＮＮＯ,デイトレ,20000,0.90
4631,ＤＩＣ,デイトレ,3300,0.00
4631,ＤＩＣ,長期,403600,
4633,サカタインクス,デイトレ,1600,0.00
4633,サカタインクス,長期,6100,0.21
4634,ａｒｔｉｅｎｃｅ,デイトレ,1700,0.00
4634,ａｒｔｉｅｎｃｅ,長期,185900,
4635,東京インキ,デイトレ,1300,1.30
463A,インテリックスホールディングス,デイトレ,11300,0.00
4641,アルプス技研,デイトレ,1800,0.00
4641,アルプス技研,長期,7400,0.07
4642,オリジナル設計,デイトレ,2800,0.90
4644,イマジニア,デイトレ,9100,0.00
4645,市進ホールディングス,デイトレ,1400,0.37
464A,ＱＰＳホールディングス,デイトレ,58500,0.00
4650,ＳＤエンターテイメント,デイトレ,3700,0.90
4651,サニックスホールディングス,デイトレ,3600,0.00
4657,環境管理センター,デイトレ,1800,0.90
4658,日本空調サービス,長期,2800,0.11
465A,グローバルＸ　日経平均株主還元４０－日本株式　ＥＴＦ,デイトレ,139,0.00
4661,オリエンタルランド,デイトレ,77400,0.00
4661,オリエンタルランド,長期,158100,
4662,フォーカスシステムズ,デイトレ,5500,1.53
4662,フォーカスシステムズ,長期,1800,
4664,アール・エス・シー,デイトレ,2500,0.90
4665,ダスキン,デイトレ,4900,0.00
4665,ダスキン,長期,97000,
4666,パーク二四,デイトレ,46600,0.00
4666,パーク二四,長期,994700,
4667,アイサンテクノロジー,デイトレ,24300,1.53
4668,明光ネットワークジャパン,デイトレ,4000,0.00
466A,グローバルＸ　防衛テック　ＥＴＦ,デイトレ,1769,2.00
4671,ファルコホールディングス,デイトレ,1200,0.00
4673,川崎地質,デイトレ,500,4.40
4674,クレスコ,デイトレ,6400,0.00
4674,クレスコ,長期,78500,0.08
4676,フジ・メディア・ホールディングス,長期,20000,0.32
4679,田谷,デイトレ,2800,0.00
4680,ラウンドワン,デイトレ,79800,0.00
4680,ラウンドワン,長期,1608800,
4681,リゾートトラスト,デイトレ,12700,0.00
4681,リゾートトラスト,長期,1557800,
4684,オービック,デイトレ,5900,0.00
4684,オービック,長期,757900,
4685,菱友システムズ,デイトレ,100,1.80
4686,ジャストシステム,デイトレ,17300,0.00
4686,ジャストシステム,長期,81400,
4687,ＴＤＣソフト,デイトレ,600,0.00
4687,ＴＤＣソフト,長期,5000,0.09
4689,ＬＩＮＥヤフー,デイトレ,178700,0.00
4689,ＬＩＮＥヤフー,長期,408500,
4691,ワシントンホテル,デイトレ,2300,0.90
4694,ビー・エム・エル,デイトレ,100,0.00
4694,ビー・エム・エル,長期,164600,
4704,トレンドマイクロ,デイトレ,7000,0.00
4704,トレンドマイクロ,長期,9500,
4705,クリップコーポレーション,デイトレ,300,0.22
4707,キタック,デイトレ,4000,1.30
4709,ＩＤホールディングス,デイトレ,14300,0.00
4712,ＫｅｙＨｏｌｄｅｒ,デイトレ,11100,1.30
4714,リソー教育グループ,デイトレ,38900,0.00
4716,日本オラクル,デイトレ,4200,0.00
4716,日本オラクル,長期,327800,
4718,早稲田アカデミー,デイトレ,500,0.00
4719,アルファシステムズ,デイトレ,500,0.00
4719,アルファシステムズ,長期,800,
471A,ＮＳグループ,デイトレ,3200,0.90
471A,ＮＳグループ,長期,33200,0.12
4720,城南進学研究社,デイトレ,1500,0.90
4722,フューチャー,デイトレ,900,0.00
4725,ＣＡＣ　Ｈｏｌｄｉｎｇｓ,デイトレ,2700,0.00
4725,ＣＡＣ　Ｈｏｌｄｉｎｇｓ,長期,25800,0.16
4728,トーセ,デイトレ,5000,0.19
472A,ミラティブ,デイトレ,115400,1.10
4732,ユー・エス・エス,デイトレ,22200,0.00
4732,ユー・エス・エス,長期,1610500,
4733,オービックビジネスコンサルタント,デイトレ,1300,0.00
4733,オービックビジネスコンサルタント,長期,177400,
4736,日本ラッド,デイトレ,900,0.90
473A,ニッセイＥＴＦ　日経２２５インデックス,デイトレ,200,0.00
4743,アイティフォー,デイトレ,9200,0.00
4743,アイティフォー,長期,22000,0.13
4746,東計電算,デイトレ,4300,0.00
4750,ダイサン,デイトレ,3300,0.00
4751,サイバーエージェント,デイトレ,123300,0.00
4751,サイバーエージェント,長期,46400,
4752,昭和システムエンジニアリング,デイトレ,400,1.30
4755,楽天グループ,デイトレ,954200,0.00
4755,楽天グループ,長期,3910600,
475A,ギミック,デイトレ,1400,1.30
4761,さくらケーシーエス,デイトレ,1000,0.90
4762,エックスネット,デイトレ,2000,0.00
4763,クリーク・アンド・リバー社,デイトレ,1800,0.00
4763,クリーク・アンド・リバー社,長期,1600,0.06
4765,ＳＢＩグローバルアセットマネジメント,デイトレ,16900,0.00
4766,ピーエイ,デイトレ,3500,1.30
4767,テー・オー・ダブリュー,デイトレ,33000,1.30
4768,大塚商会,デイトレ,3400,0.00
4768,大塚商会,長期,1100200,
4769,ＩＣ,デイトレ,700,0.00
476A,辻・本郷ＩＴコンサルティング,デイトレ,残数量なし,3.23
4771,エフアンドエム,デイトレ,2200,0.00
4772,ＳＭ　ＥＮＴＥＲＴＡＩＮＭＥＮＴ　ＪＡＰＡＮ,デイトレ,23500,0.49
4776,サイボウズ,デイトレ,3100,0.00
4776,サイボウズ,長期,2200,
4777,ガーラ,デイトレ,50500,1.30
477A,スタートライン,デイトレ,21000,1.30
4783,ＮＣＤ,デイトレ,300,0.00
4784,ＧＭＯインターネット,デイトレ,137500,0.90
478A,フツパー,デイトレ,15800,0.00
4792,山田コンサルティンググループ,デイトレ,2000,0.00
4792,山田コンサルティンググループ,長期,1200,0.07
479A,ＰＲＯＮＩ,デイトレ,11300,3.33
4801,セントラルスポーツ,デイトレ,4200,0.00
4809,パラカ,デイトレ,400,1.30
4809,パラカ,長期,900,0.16
480A,リブ・コンサルティング,デイトレ,19700,1.12
4811,ドリーム・アーツ,デイトレ,100,0.83
4813,ＡＣＣＥＳＳ,デイトレ,9500,0.00
4814,ネクストウェア,デイトレ,6400,1.35
4816,東映アニメーション,デイトレ,22700,0.00
4816,東映アニメーション,長期,193400,
4819,デジタルガレージ,デイトレ,15400,0.00
4819,デジタルガレージ,長期,73400,
4820,イーエムシステムズ,デイトレ,12100,0.00
4820,イーエムシステムズ,長期,3300,
4825,ウェザーニューズ,デイトレ,58500,0.00
4825,ウェザーニューズ,長期,19100,0.16
4826,ＣＩＪ,デイトレ,21500,0.00
4826,ＣＩＪ,長期,7000,0.04
4828,ビジネスエンジニアリング,長期,2600,0.09
4829,日本エンタープライズ,デイトレ,17300,0.00
4832,ＪＦＥシステムズ,デイトレ,800,1.30
4833,Ｄｅｆ　ｃｏｎｓｕｌｔｉｎｇ,デイトレ,200700,0.07
4838,スペースシャワーＳＫＩＹＡＫＩホールディングス,デイトレ,14300,0.90
4839,ＷＯＷＯＷ,デイトレ,4100,0.00
483A,テラテクノロジー,デイトレ,400,2.60
4845,スカラ,デイトレ,11800,0.00
4845,スカラ,長期,2200,0.02
4847,インテリジェント　ウェイブ,デイトレ,34100,0.00
4848,フルキャストホールディングス,デイトレ,4300,0.00
4848,フルキャストホールディングス,長期,残数量なし,
4849,エン,デイトレ,700,0.00
4849,エン,長期,48800,
485A,パワーエックス,デイトレ,145600,2.43
486A,ＮＥＸＴ　ＦＵＮＤＳ　ユーロ・ストックス５０指数（為替ヘッジなし）連動型上場投信,デイトレ,3,1.00
487A,ＮＥＸＴ　ＦＵＮＤＳ　ドイツ株式・ＤＡＸ（為替ヘッジなし）連動型上場投信,デイトレ,32,0.00
4880,セルソース,デイトレ,3100,0.00
4881,ファンペップ,デイトレ,57000,0.25
4882,ペルセウスプロテオミクス,デイトレ,6400,0.14
4883,モダリス,デイトレ,352600,0.31
4884,クリングルファーマ,デイトレ,32500,1.53
4885,室町ケミカル,デイトレ,3200,0.00
4886,あすか製薬ホールディングス,デイトレ,1500,1.30
4886,あすか製薬ホールディングス,長期,27900,
4887,サワイグループホールディングス,デイトレ,13200,0.00
4887,サワイグループホールディングス,長期,650000,
4888,ステラファーマ,デイトレ,37800,0.72
4889,レナサイエンス,デイトレ,30300,1.53
488A,ｉシェアーズ　円高フォーカスＥＴＦ,デイトレ,350,0.00
4890,坪田ラボ,デイトレ,8800,0.90
4891,ティムス,デイトレ,94500,1.22
4892,サイフューズ,デイトレ,7300,1.53
4893,ノイルイミューン・バイオテック,デイトレ,3400,0.00
4894,クオリプス,デイトレ,19600,7.20
4896,ケイファーマ,デイトレ,21000,0.90
489A,東証ＲＥＩＴ物流フォーカスＥＴＦ,デイトレ,14,0.00
4901,富士フイルムホールディングス,デイトレ,56100,0.00
4901,富士フイルムホールディングス,長期,163000,
4902,コニカミノルタ,デイトレ,98600,0.00
4902,コニカミノルタ,長期,60400,0.06
4911,資生堂,デイトレ,30200,0.00
4911,資生堂,長期,47600,
4912,ライオン,デイトレ,4100,0.00
4912,ライオン,長期,1900900,
4914,高砂香料工業,長期,286400,
4918,アイビー化粧品,デイトレ,5300,0.90
4919,ミルボン,デイトレ,1900,0.00
4919,ミルボン,長期,100000,
4920,日本色材工業研究所,デイトレ,3400,0.90
4922,コーセーホールディングス,デイトレ,6100,0.00
4922,コーセーホールディングス,長期,200500,
4923,コタ,デイトレ,2600,0.00
4923,コタ,長期,3300,0.05
4925,ハーバー研究所,デイトレ,1300,0.90
4927,ポーラ・オルビスホールディングス,デイトレ,6000,0.00
4927,ポーラ・オルビスホールディングス,長期,128000,
4928,ノエビアホールディングス,デイトレ,6100,0.00
4928,ノエビアホールディングス,長期,11400,0.36
4931,新日本製薬,デイトレ,2200,0.00
4932,アルマード,デイトレ,6200,0.90
4933,Ｉ－ｎｅ,デイトレ,2400,1.80
4934,プレミアアンチエイジング,デイトレ,3700,0.90
4935,リベルタ,デイトレ,328500,1.53
4937,Ｗａｑｏｏ,デイトレ,2500,1.80
4951,エステー,デイトレ,5500,0.00
4951,エステー,長期,2300,0.06
4956,コニシ,デイトレ,4400,0.00
4956,コニシ,長期,213400,
4958,長谷川香料,デイトレ,500,0.00
4958,長谷川香料,長期,5300,0.27
4966,上村工業,デイトレ,200,27.46
4966,上村工業,長期,56700,1.68
4967,小林製薬,デイトレ,3700,0.00
4967,小林製薬,長期,237600,
4968,荒川化学工業,長期,25700,0.19
496A,Ｏｎｅ　ＥＴＦ　日本国債　１７－２０年,デイトレ,10,0.00
4970,東洋合成工業,デイトレ,2900,15.30
4970,東洋合成工業,長期,4600,0.85
4971,メック,デイトレ,6700,0.00
4971,メック,長期,63000,
4972,綜研化学,デイトレ,900,4.86
4973,日本高純度化学,デイトレ,3500,4.38
4975,ＪＣＵ,デイトレ,2900,0.00
4975,ＪＣＵ,長期,152100,
4977,新田ゼラチン,デイトレ,3000,0.00
4978,リプロセル,デイトレ,68900,1.28
4979,ＯＡＴアグリオ,デイトレ,500,2.60
4980,デクセリアルズ,デイトレ,49700,0.00
4980,デクセリアルズ,長期,853900,
4985,アース製薬,デイトレ,3500,0.00
4985,アース製薬,長期,61200,
498A,防衛・航空宇宙　欧州株（ネットリターン）ＥＴＮ,デイトレ,4,0.00
4990,昭和化学工業,デイトレ,1200,0.47
4992,北興化学工業,デイトレ,1700,0.00
4992,北興化学工業,長期,22200,0.16
4994,大成ラミックグループ,デイトレ,400,0.00
4996,クミアイ化学工業,デイトレ,11700,0.00
4996,クミアイ化学工業,長期,188500,
4997,日本農薬,デイトレ,5000,0.00
4997,日本農薬,長期,16400,
4998,フマキラー,デイトレ,4600,0.00
500A,ＴＯブックス,デイトレ,100,2.70
5010,日本精蝋,デイトレ,11500,0.90
5011,ニチレキグループ,デイトレ,3100,0.00
5011,ニチレキグループ,長期,33300,0.17
5013,ユシロ,デイトレ,900,0.00
5015,ビーピー・カストロール,デイトレ,5200,0.26
5016,ＪＸ金属,デイトレ,381500,0.00
5016,ＪＸ金属,長期,778900,
5018,ＭＯＲＥＳＣＯ,デイトレ,2100,0.00
5019,出光興産,デイトレ,54400,0.00
5019,出光興産,長期,129500,
5020,ＥＮＥＯＳホールディングス,デイトレ,73800,0.00
5020,ＥＮＥＯＳホールディングス,長期,371800,
5021,コスモエネルギーホールディングス,デイトレ,4800,0.00
5021,コスモエネルギーホールディングス,長期,708100,
5026,トリプルアイズ,デイトレ,2800,0.90
5027,ＡｎｙＭｉｎｄ　Ｇｒｏｕｐ,デイトレ,63400,0.90
5028,セカンドサイトアナリティカ,デイトレ,9400,0.90
5029,サークレイス,デイトレ,1200,1.30
5031,モイ,デイトレ,10300,0.90
5032,ＡＮＹＣＯＬＯＲ,デイトレ,10600,0.00
5032,ＡＮＹＣＯＬＯＲ,長期,231500,0.41
5033,ヌーラボ,デイトレ,500,0.00
5034,ｕｎｅｒｒｙ,デイトレ,7600,1.80
5035,ＨＯＵＳＥＩ,デイトレ,5400,0.90
5036,日本ビジネスシステムズ,デイトレ,11400,0.00
5038,ｅＷｅＬＬ,デイトレ,400,1.80
504A,イノバセル,デイトレ,4200,0.34
505A,ギークリー,デイトレ,1800,0.90
5071,ヴィス,デイトレ,4600,0.00
5074,テスホールディングス,デイトレ,50300,0.00
5075,アップコン,デイトレ,100,0.00
5076,インフロニア・ホールディングス,デイトレ,11800,0.00
5079,ノバック,デイトレ,2100,1.80
509A,グリーンライト・再エネインフラ投資法人,デイトレ,20,0.00
5101,横浜ゴム,デイトレ,2200,0.00
5101,横浜ゴム,長期,12700,
5105,ＴＯＹＯ　ＴＩＲＥ,デイトレ,5000,0.00
5105,ＴＯＹＯ　ＴＩＲＥ,長期,805500,
5108,ブリヂストン,デイトレ,17300,0.00
5108,ブリヂストン,長期,83600,
5110,住友ゴム工業,デイトレ,19700,0.00
5110,住友ゴム工業,長期,1052400,
5121,藤倉コンポジット,デイトレ,1800,0.00
5121,藤倉コンポジット,長期,1800,0.20
5122,オカモト,デイトレ,100,0.00
5122,オカモト,長期,27000,
5125,ファインズ,デイトレ,6500,0.53
5129,ＦＩＸＥＲ,デイトレ,9500,0.00
5132,ｐｌｕｓｚｅｒｏ,デイトレ,6600,0.00
5133,テリロジーホールディングス,デイトレ,36400,1.53
5136,ｔｒｉｐｌａ,デイトレ,3800,1.80
5137,スマートドライブ,デイトレ,15400,0.00
5138,Ｒｅｂａｓｅ,デイトレ,200,0.59
5139,オープンワーク,デイトレ,3900,0.90
513A,グローバルＸ　防衛テック－日本株式　ＥＴＦ,デイトレ,8009,0.00
5142,アキレス,デイトレ,1200,0.00
5142,アキレス,長期,27100,
515A,ｉシェアーズ　高格付け日本円社債　ＥＴＦ,デイトレ,110,0.40
5161,西川ゴム工業,デイトレ,2800,3.06
5162,朝日ラバー,デイトレ,100,0.00
5184,ニチリン,デイトレ,3100,0.00
5185,フコク,デイトレ,2900,0.00
5185,フコク,長期,1400,
5186,ニッタ,デイトレ,600,0.00
5186,ニッタ,長期,64700,
5187,クリエートメディック,デイトレ,1200,1.10
5189,櫻護謨,デイトレ,1200,3.90
518A,ＮＥＸＴ　ＦＵＮＤＳ　ＦＴＳＥ日本株高配当キャッシュフロー５０指数連動型上場投信,デイトレ,855,1.00
5192,三ツ星ベルト,デイトレ,3900,0.00
5192,三ツ星ベルト,長期,11700,0.27
5194,相模ゴム工業,デイトレ,7500,1.30
5195,バンドー化学,デイトレ,600,0.00
5195,バンドー化学,長期,122800,0.10
519A,ベーシック,デイトレ,600,0.00
5201,ＡＧＣ,デイトレ,24400,0.00
5201,ＡＧＣ,長期,26700,
5204,石塚硝子,デイトレ,3000,0.00
5208,有沢製作所,デイトレ,2300,0.00
5208,有沢製作所,長期,106000,
520A,ジェイファーマ,デイトレ,2400,0.81
5210,日本山村硝子,デイトレ,3300,0.00
5214,日本電気硝子,デイトレ,4200,0.00
5214,日本電気硝子,長期,10100,
5216,倉元製作所,デイトレ,32900,1.11
5218,オハラ,デイトレ,2400,0.00
521A,ｉＦｒｅｅＥＴＦ　ＦＡＮＧ＋ゴールド,デイトレ,2994,0.00
5232,住友大阪セメント,デイトレ,5300,0.00
5232,住友大阪セメント,長期,13200,
5233,太平洋セメント,デイトレ,9500,0.00
5233,太平洋セメント,長期,15600,
5237,ノザワ,デイトレ,1900,1.30
523A,セイワホールディングス,デイトレ,3000,1.30
5240,ｍｏｎｏＡＩ　ｔｅｃｈｎｏｌｏｇｙ,デイトレ,700,0.90
5242,アイズ,デイトレ,900,3.33
5243,ｎｏｔｅ,デイトレ,18600,3.33
5244,ｊｉｇ．ｊｐ,デイトレ,52500,0.00
5246,ＥＬＥＭＥＮＴＳ,デイトレ,39500,0.81
5247,ＢＴＭ,デイトレ,2000,0.90
5248,テクノロジーズ,デイトレ,37500,0.90
5250,ＧＭＯプライム・ストラテジー,デイトレ,3300,1.10
5252,日本ナレッジ,デイトレ,8500,1.10
5253,カバー,デイトレ,43100,0.00
5254,Ａｒｅｎｔ,デイトレ,600,3.62
5255,モンスターラボ,デイトレ,35800,0.78
5256,Ｆｕｓｉｃ,デイトレ,700,5.20
5257,ノバシステム,デイトレ,100,2.20
5258,トランザクション・メディア・ネットワークス,デイトレ,33400,0.00
5261,リソルホールディングス,デイトレ,2100,9.75
5269,日本コンクリート工業,デイトレ,5100,0.00
5269,日本コンクリート工業,長期,4700,0.03
526A,ＪＰＸスタートアップ急成長１００ＥＴＦ,デイトレ,2,0.00
5271,トーヨーアサノ,デイトレ,600,2.60
5273,三谷セキサン,デイトレ,1200,0.00
5273,三谷セキサン,長期,78800,
5279,日本興業,デイトレ,300,0.37
5280,ヨシコン,デイトレ,12600,1.80
5282,ジオスター,デイトレ,8300,0.90
5283,高見澤,デイトレ,700,0.41
5284,ヤマウホールディングス,デイトレ,3300,1.80
5285,ヤマックス,デイトレ,23400,0.00
5287,イトーヨーギョー,デイトレ,4900,0.90
5288,アジアパイルホールディングス,デイトレ,13100,0.22
5288,アジアパイルホールディングス,長期,34500,0.12
5290,ベルテクスコーポレーション,デイトレ,600,0.00
5301,東海カーボン,デイトレ,21200,0.00
5301,東海カーボン,長期,1457300,
5302,日本カーボン,デイトレ,3900,0.00
5302,日本カーボン,長期,11900,0.42
5304,ＳＥＣカーボン,デイトレ,4600,0.00
5310,東洋炭素,デイトレ,1100,0.00
5310,東洋炭素,長期,21100,0.62
5331,ノリタケ,デイトレ,2300,0.00
5331,ノリタケ,長期,241200,
5332,ＴＯＴＯ,デイトレ,15900,0.00
5332,ＴＯＴＯ,長期,14500,
5333,ＮＧＫ,デイトレ,22600,0.00
5333,ＮＧＫ,長期,31800,
5334,日本特殊陶業,デイトレ,54000,0.00
5334,日本特殊陶業,長期,322400,
5337,ダントーホールディングス,デイトレ,200,0.90
533A,ＮＺＡＭ　上場投信　Ｓ＆Ｐ５００（為替ヘッジなし）,デイトレ,6,1.00
5341,ＡＳＡＨＩ　ＥＩＴＯホールディングス,デイトレ,15600,0.29
5343,ニッコー,デイトレ,3800,0.00
5344,ＭＡＲＵＷＡ,デイトレ,1400,0.00
5344,ＭＡＲＵＷＡ,長期,55300,
5351,品川リフラ,デイトレ,4300,0.00
5351,品川リフラ,長期,62800,
5356,美濃窯業,デイトレ,1700,0.00
5357,ヨータイ,デイトレ,1400,0.00
5363,東京窯業,デイトレ,1900,0.00
5367,ニッカトー,デイトレ,10300,0.00
537A,ＮＺＡＭ　上場投信　全世界株式　（ＭＳＣＩ　ＡＣＷＩ）（為替ヘッジなし）,デイトレ,2,0.00
5384,フジミインコーポレーテッド,デイトレ,4700,0.00
5384,フジミインコーポレーテッド,長期,337700,
5386,鶴弥,デイトレ,100,0.00
5388,クニミネ工業,デイトレ,500,0.00
538A,ＮＺＡＭ　上場投信　米国国債７－１０年（為替ヘッジなし）,デイトレ,42,0.00
5391,エーアンドエーマテリアル,デイトレ,16300,0.00
5393,ニチアス,デイトレ,1700,0.00
5393,ニチアス,長期,931000,
5401,日本製鉄,デイトレ,2670700,0.00
5401,日本製鉄,長期,727800,
5406,神戸製鋼所,デイトレ,77800,0.00
5406,神戸製鋼所,長期,51900,
5408,中山製鋼所,デイトレ,19500,0.00
5408,中山製鋼所,長期,5900,0.05
540A,上場インデックスファンド日経銀行株トップ１０,デイトレ,1313,3.00
5410,合同製鐵,デイトレ,6500,0.00
5410,合同製鐵,長期,1000,
5411,ＪＦＥホールディングス,デイトレ,203500,0.00
5411,ＪＦＥホールディングス,長期,1251200,
541A,Ｏｎｅ　ＥＴＦ　ＴＯＰＩＸ高配当株グロース指数,デイトレ,290,0.50
5423,東京製鐵,デイトレ,3000,0.00
5423,東京製鐵,長期,200300,
542A,ビタブリッドジャパン,デイトレ,7600,1.30
5440,共英製鋼,デイトレ,1600,0.00
5440,共英製鋼,長期,36000,0.09
5444,大和工業,デイトレ,600,0.00
5444,大和工業,長期,248500,
5445,東京鐵鋼,長期,3600,0.07
5446,北越メタル,デイトレ,400,0.96
544A,ＧＭＳグループ,デイトレ,20500,0.00
5451,ヨドコウ,デイトレ,5500,0.00
5451,ヨドコウ,長期,287100,
545A,トランヴィア,デイトレ,1200,0.00
5461,中部鋼鈑,デイトレ,2700,0.00
5461,中部鋼鈑,長期,17600,0.17
5463,丸一鋼管,デイトレ,2400,0.00
5463,丸一鋼管,長期,653500,
5464,モリ工業,デイトレ,400,0.00
546A,ＭＩＲＡＩＮＩホールディングス,デイトレ,18900,0.00
546A,ＭＩＲＡＩＮＩホールディングス,長期,33100,
5471,大同特殊鋼,デイトレ,16200,0.00
5471,大同特殊鋼,長期,938400,
547A,ムニノバホールディングス,デイトレ,450400,0.00
547A,ムニノバホールディングス,長期,4511600,
5480,日本冶金工業,デイトレ,1800,0.00
5482,愛知製鋼,デイトレ,3500,0.00
5482,愛知製鋼,長期,114900,
548A,システムエグゼ,デイトレ,900,0.85
5491,日本金属,デイトレ,29500,0.00
550A,ソフトテックス,デイトレ,400,2.58
5527,ｐｒｏｐｅｒｔｙ　ｔｅｃｈｎｏｌｏｇｉｅｓ,デイトレ,3500,0.90
552A,ＭＡＸＩＳ米国ＡＩインフラ株上場投信,デイトレ,1730,0.00
5530,日本システムバンク,デイトレ,100,0.00
5532,リアルゲイト,デイトレ,400,3.72
5535,ミガロホールディングス,デイトレ,233100,0.90
5537,ＡｌｂａＬｉｎｋ,デイトレ,1100,5.30
5541,大平洋金属,デイトレ,20100,0.00
5541,大平洋金属,長期,2200,
5542,新報国マテリアル,デイトレ,1200,0.90
554A,バトンズ,デイトレ,3600,0.90
5563,新日本電工,デイトレ,24200,0.00
5563,新日本電工,長期,209900,
556A,犬猫生活,デイトレ,1500,6.27
5570,ジェノバ,デイトレ,8700,0.54
5572,Ｒｉｄｇｅ－ｉ,デイトレ,5600,2.70
5574,ＡＢＥＪＡ,デイトレ,26200,3.33
5575,Ｇｌｏｂｅｅ,デイトレ,1000,1.60
5576,オービーシステム,デイトレ,1000,2.77
5578,ＡＲアドバンストテクノロジ,デイトレ,12800,0.90
5582,グリッド,デイトレ,1800,0.90
5586,Ｌａｂｏｒｏ．ＡＩ,デイトレ,5200,0.90
5587,インバウンドプラットフォーム,デイトレ,1200,0.90
5588,ファーストアカウンティング,デイトレ,6600,0.90
5589,オートサーバー,デイトレ,300,0.00
558A,ＳＱＵＥＥＺＥ,デイトレ,600,5.49
5590,ネットスターズ,デイトレ,47100,0.00
5591,ＡＶＩＬＥＮ,デイトレ,5300,0.72
5592,くすりの窓口,デイトレ,3300,1.80
5597,ブルーイノベーション,デイトレ,7500,0.90
5599,Ｓ＆Ｊ,デイトレ,残数量なし,16.75
559A,梅乃宿酒造,デイトレ,15500,0.90
5602,栗本鐵工所,デイトレ,7800,0.00
5602,栗本鐵工所,長期,105200,0.13
5603,虹技,デイトレ,400,0.00
5609,日本鋳造,デイトレ,700,1.30
5612,日本鋳鉄管,デイトレ,1400,0.90
5616,雨風太陽,デイトレ,3000,0.90
5631,日本製鋼所,デイトレ,53000,0.00
5631,日本製鋼所,長期,7700,
5632,三菱製鋼,デイトレ,7700,0.00
5632,三菱製鋼,長期,22000,0.10
563A,グローバルＸ　ＮＡＳＤＡＱ１００・デイリー・カバード・コール　ＥＴＦ,デイトレ,142671,0.00
5644,メタルアート,デイトレ,800,0.41
5658,日亜鋼業,デイトレ,3500,0.00
5659,日本精線,デイトレ,1600,0.00
5659,日本精線,長期,1900,0.13
568A,ｉシェアーズ　シルバー　ＥＴＦ,デイトレ,12540,0.30
5697,サンユウ,デイトレ,1600,1.04
5698,エンビプロ・ホールディングス,デイトレ,10600,0.90
5699,イボキン,デイトレ,1500,1.99
5702,大紀アルミニウム工業所,デイトレ,4400,0.00
5702,大紀アルミニウム工業所,長期,43400,0.07
5703,日本軽金属ホールディングス,デイトレ,6600,0.00
5703,日本軽金属ホールディングス,長期,358200,
5704,ＪＭＣ,デイトレ,4800,0.90
5706,三井金属,デイトレ,226200,0.00
5706,三井金属,長期,99500,
570A,ｉシェアーズ　日本国債０－１年　ＥＴＦ,デイトレ,10,0.00
5711,三菱マテリアル,デイトレ,64700,0.00
5711,三菱マテリアル,長期,16200,
5713,住友金属鉱山,デイトレ,57900,0.00
5713,住友金属鉱山,長期,447100,
5714,ＤＯＷＡホールディングス,デイトレ,7400,0.00
5714,ＤＯＷＡホールディングス,長期,5100,
5715,古河機械金属,デイトレ,10300,0.00
5715,古河機械金属,長期,77100,
571A,ｉシェアーズ　日本国債１－３年　ＥＴＦ,デイトレ,30,0.00
5726,大阪チタニウムテクノロジーズ,デイトレ,58600,0.00
5726,大阪チタニウムテクノロジーズ,長期,5000,0.22
5729,日本精鉱,デイトレ,1000,0.90
572A,ｉシェアーズ　日本国債３－７年　ＥＴＦ,デイトレ,10,0.00
573A,ｉシェアーズ　日本国債２０年超　ＥＴＦ,デイトレ,40,0.20
5741,ＵＡＣＪ,デイトレ,16100,0.00
5741,ＵＡＣＪ,長期,1028600,
5742,エヌアイシ・オートテック,デイトレ,1500,0.00
5753,日本伸銅,デイトレ,700,1.80
5757,ＣＫサンエツ,デイトレ,2500,5.26
5757,ＣＫサンエツ,長期,600,0.32
575A,前澤ホールディングス,デイトレ,3300,1.30
576A,グローバルＸ　チャイナテック・カバード・コール　ＥＴＦ,デイトレ,750,0.00
577A,グローバルＸ　シルバー　ＥＴＦ,デイトレ,1840,0.00
578A,グローバルＸ　シルバー　ＥＴＦ（為替ヘッジあり）,デイトレ,40,0.00
579A,グローバルＸ　銀ビジネス　ＥＴＦ,デイトレ,6,0.00
5801,古河電気工業,デイトレ,483700,0.00
5801,古河電気工業,長期,855100,
5802,住友電気工業,デイトレ,227100,0.00
5802,住友電気工業,長期,356100,
5803,フジクラ,デイトレ,226600,0.00
5803,フジクラ,長期,176600,
5805,ＳＷＣＣ,デイトレ,43400,0.00
5805,ＳＷＣＣ,長期,201800,
580A,グローバルＸ　銅ビジネス　ＥＴＦ,デイトレ,506,0.00
5816,オーナンバ,デイトレ,1300,0.00
5819,カナレ電気,デイトレ,1800,1.30
581A,ＧＯ,デイトレ,75400,0.00
5820,三ッ星,デイトレ,5700,0.90
5821,平河ヒューテック,デイトレ,1300,3.56
5821,平河ヒューテック,長期,10200,0.26
5830,いよぎんホールディングス,デイトレ,13500,0.00
5830,いよぎんホールディングス,長期,940200,
5831,しずおかフィナンシャルグループ,デイトレ,13000,0.00
5831,しずおかフィナンシャルグループ,長期,60900,
5832,ちゅうぎんフィナンシャルグループ,デイトレ,4700,0.00
5832,ちゅうぎんフィナンシャルグループ,長期,958700,
5834,ＳＢＩリーシングサービス,デイトレ,7400,0.00
5838,楽天銀行,デイトレ,25700,0.00
5838,楽天銀行,長期,353200,
5842,インテグラル・グループ,デイトレ,700,0.00
5843,ニッポンインシュア,デイトレ,2000,2.60
5844,京都フィナンシャルグループ,デイトレ,12700,0.00
5844,京都フィナンシャルグループ,長期,680500,
5845,全保連,デイトレ,32900,1.30
584A,ＬｉＮＫＸ,デイトレ,5200,3.12
5851,リョービ,デイトレ,1800,0.00
5851,リョービ,長期,66100,
5852,アーレスティ,デイトレ,14900,0.00
5857,ＡＲＥホールディングス,デイトレ,18700,0.00
5857,ＡＲＥホールディングス,長期,568600,
5867,エスネットワークス,デイトレ,100,1.30
5868,ロココ,デイトレ,300,0.90
5869,早稲田学習研究会,デイトレ,300,0.00
586A,ＮＥＸＴ　ＦＵＮＤＳ　日経エンタメ・コンテンツ株指数連動型上場投信,デイトレ,76450,0.30
5870,ナルネットコミュニケーションズ,デイトレ,2700,0.90
5871,ＳＯＬＩＺＥ　Ｈｏｌｄｉｎｇｓ,デイトレ,400,0.00
5884,クラダシ,デイトレ,3500,0.90
5885,ジーデップ・アドバンス,デイトレ,3900,0.00
5888,ＤＡＩＷＡ　ＣＹＣＬＥ,デイトレ,400,2.60
5889,Ｊａｐａｎ　Ｅｙｅｗｅａｒ　Ｈｏｌｄｉｎｇｓ,デイトレ,7600,1.80
5891,ＳＡＫＩＧＡＫＥホールディングス,デイトレ,11400,0.90
5892,ｙｕｔｏｒｉ,デイトレ,900,1.80
589A,ネイス,デイトレ,700,0.90
5901,東洋製罐グループホールディングス,デイトレ,3400,0.00
5901,東洋製罐グループホールディングス,長期,792700,
5902,ホッカン,デイトレ,5100,0.00
5902,ホッカン,長期,13400,0.21
5906,エムケー精工,デイトレ,1600,0.90
5909,コロナ,デイトレ,2500,1.30
590A,ギフティグループ,デイトレ,3000,0.00
5911,横河ブリッジホールディングス,デイトレ,3100,0.00
5911,横河ブリッジホールディングス,長期,183900,
5915,駒井ハルテック,デイトレ,2000,0.00
5921,川岸工業,デイトレ,400,5.70
5922,那須電機鉄工,デイトレ,100,25.99
5923,高田機工,デイトレ,1500,1.53
5928,アルメタックス,デイトレ,700,0.00
5929,三和ホールディングス,デイトレ,2900,0.00
5929,三和ホールディングス,長期,868400,
5930,文化シヤッター,デイトレ,1500,1.30
5930,文化シヤッター,長期,215300,
5932,三協立山,デイトレ,73200,0.00
5932,三協立山,長期,3400,
5933,アルインコ,デイトレ,1400,0.00
5933,アルインコ,長期,2100,0.07
5936,東洋シヤッター,デイトレ,800,0.00
5938,ＬＩＸＩＬ,デイトレ,175800,0.00
5938,ＬＩＸＩＬ,長期,789100,
5940,不二サッシ,デイトレ,2100,0.90
5942,日本フイルコン,デイトレ,5600,1.30
5943,ノーリツ,デイトレ,1700,0.00
5943,ノーリツ,長期,136200,
5945,天龍製鋸,デイトレ,200,2.60
5946,長府製作所,デイトレ,2500,0.00
5946,長府製作所,長期,24200,0.16
5947,リンナイ,デイトレ,2800,0.00
5947,リンナイ,長期,781900,
5949,ユニプレス,デイトレ,1300,0.00
5949,ユニプレス,長期,5000,0.05
5950,日本パワーファスニング,デイトレ,800,1.30
5951,ダイニチ工業,デイトレ,500,0.00
5952,アマテイ,デイトレ,13500,0.17
5955,ワイズホールディングス,デイトレ,85300,0.21
5956,トーソー,デイトレ,700,0.00
5957,日東精工,デイトレ,4600,0.00
5957,日東精工,長期,4300,0.04
5958,三洋工業,デイトレ,500,0.00
5959,岡部,長期,5000,0.08
5965,フジマック,デイトレ,1400,1.30
5967,ＴＯＮＥ,デイトレ,4800,0.00
5970,ジーテクト,デイトレ,1400,0.00
5970,ジーテクト,長期,85200,0.09
5971,共和工業所,デイトレ,100,0.00
5973,トーアミ,デイトレ,1400,1.30
5974,中国工業,デイトレ,900,1.30
5975,東プレ,デイトレ,1000,0.00
5975,東プレ,長期,175100,
5976,高周波熱錬,デイトレ,1000,0.00
5976,高周波熱錬,長期,33900,0.12
5981,東京製綱,デイトレ,2700,0.00
5981,東京製綱,長期,1600,0.12
5982,マルゼン,デイトレ,1200,3.60
5984,兼房,デイトレ,6200,0.00
5986,モリテック　スチール,デイトレ,500,0.26
5988,パイオラックス,デイトレ,1300,0.00
5989,エイチワン,デイトレ,5600,0.00
5989,エイチワン,長期,2800,0.10
598A,チャットプラス,デイトレ,9900,0.90
5990,スーパーツール,デイトレ,400,0.00
5991,日本発条,デイトレ,3100,0.00
5991,日本発条,長期,883500,
5992,中央発條,デイトレ,100,2.70
5994,ファインシンター,デイトレ,1300,0.90
5997,協立エアテック,デイトレ,2000,1.30
6005,三浦工業,デイトレ,2200,0.00
6005,三浦工業,長期,989900,
6013,タクマ,デイトレ,1100,0.00
6013,タクマ,長期,8700,
6022,赤阪鐵工所,デイトレ,1000,3.12
6023,ダイハツインフィニアース,デイトレ,18400,0.00
6023,ダイハツインフィニアース,長期,17100,0.26
6030,アドベンチャー,デイトレ,3800,1.34
6031,ＺＥＴＡ,デイトレ,65200,0.00
6033,エクストリーム,デイトレ,1700,1.30
6034,ＭＲＴ,デイトレ,4500,0.00
6035,アイ・アールジャパンホールディングス,デイトレ,8900,0.00
6035,アイ・アールジャパンホールディングス,長期,1100,
6036,ＫｅｅＰｅｒ技研,デイトレ,46200,0.00
6037,楽待,デイトレ,1300,1.30
6038,イード,デイトレ,2800,0.00
6039,日本動物高度医療センター,デイトレ,2400,0.90
603A,アイ・グリッド・ソリューションズ,デイトレ,16400,0.90
6040,日本スキー場開発,デイトレ,3400,0.90
6042,ニッキ,デイトレ,200,0.00
6044,三機サービス,デイトレ,800,1.30
6045,レントラックス,デイトレ,400,0.00
6047,Ｇｕｎｏｓｙ,デイトレ,48200,0.33
6049,イトクロ,デイトレ,5300,1.30
604A,ビーエイブル,デイトレ,23900,3.33
6054,リブセンス,デイトレ,33300,0.00
6055,ジャパンマテリアル,デイトレ,15700,0.00
6055,ジャパンマテリアル,長期,405100,
6058,ベクトル,デイトレ,53100,0.00
6058,ベクトル,長期,63700,
6059,ウチヤマホールディングス,デイトレ,3400,0.00
605A,ＮＥＸＴ　ＦＵＮＤＳ　日本株政策フォーカス上場投信,デイトレ,10320,0.00
6061,ユニバーサル園芸社,デイトレ,1200,2.70
6062,チャーム・ケア・コーポレーション,デイトレ,12900,0.00
6062,チャーム・ケア・コーポレーション,長期,2300,
6063,日本エマージェンシーアシスタンス,デイトレ,700,0.90
6069,トレンダーズ,デイトレ,8500,0.00
606A,金２倍ブルＥＴＦ,デイトレ,157,0.00
6070,キャリアリンク,デイトレ,1400,0.00
6071,ＩＢＪ,デイトレ,5100,0.00
6071,ＩＢＪ,長期,2100,0.06
6072,ＥＲＴＨ　Ｇｒｏｕｐ,デイトレ,300,0.00
6073,アサンテ,デイトレ,11500,0.90
6073,アサンテ,長期,1300,0.16
6074,ジェイエスエス,デイトレ,1000,1.30
6078,バリューＨＲ,デイトレ,2800,0.00
607A,エブリー,デイトレ,46100,0.81
6080,Ｍ＆Ａキャピタルパートナーズ,デイトレ,20400,0.00
6080,Ｍ＆Ａキャピタルパートナーズ,長期,40300,0.17
6081,アライドアーキテクツ,デイトレ,23300,1.30
6082,ライドオンエクスプレスホールディングス,デイトレ,2900,0.90
6083,ＥＲＩホールディングス,デイトレ,4900,0.00
6086,シンメンテホールディングス,デイトレ,1300,1.30
6087,アビスト,デイトレ,900,0.46
6088,シグマクシス・ホールディングス,デイトレ,35200,0.00
6088,シグマクシス・ホールディングス,長期,96400,
6089,ウィルグループ,デイトレ,1200,0.00
608A,上場インデックスファンド東証ＲＥＩＴ高利回り３０,デイトレ,200,0.00
6090,ヒューマン・メタボローム・テクノロジーズ,デイトレ,4800,1.30
6091,ウエスコホールディングス,デイトレ,4000,0.00
6092,エンバイオ・ホールディングス,デイトレ,4300,0.00
6093,ミトラグループ,デイトレ,77500,0.00
6098,リクルートホールディングス,デイトレ,19800,0.00
6098,リクルートホールディングス,長期,133600,
6099,エラン,デイトレ,10300,0.00
6099,エラン,長期,2200,0.04
609A,グローバルＸ　総合商社＆資源ビジネス－日本株式　ＥＴＦ,デイトレ,304,0.00
6101,ツガミ,デイトレ,3300,0.00
6101,ツガミ,長期,291900,
6103,オークマ,デイトレ,9400,0.00
6103,オークマ,長期,447400,
6104,芝浦機械,デイトレ,500,0.00
6104,芝浦機械,長期,97700,
610A,グローバルＸ　宇宙テック・トップ１０　ＥＴＦ（除く日本）,デイトレ,2193,0.00
6113,アマダ,デイトレ,10500,0.00
6113,アマダ,長期,38500,
6118,アイダエンジニアリング,デイトレ,1000,0.00
6118,アイダエンジニアリング,長期,126400,
6125,岡本工作機械製作所,デイトレ,12800,5.41
6134,ＦＵＪＩ,デイトレ,7100,0.00
6134,ＦＵＪＩ,長期,423500,
6135,牧野フライス製作所,デイトレ,24700,3.90
6136,オーエスジー,デイトレ,4900,0.00
6136,オーエスジー,長期,68900,0.30
6140,旭ダイヤモンド工業,デイトレ,31900,0.00
6140,旭ダイヤモンド工業,長期,7100,
6141,ＤＭＧ森精機,デイトレ,69400,0.00
6141,ＤＭＧ森精機,長期,68800,
6142,富士精工,デイトレ,400,0.00
6143,ソディック,デイトレ,62400,0.00
6143,ソディック,長期,148800,
6145,ＮＩＴＴＯＫＵ,デイトレ,12400,0.00
6146,ディスコ,デイトレ,19200,0.00
6146,ディスコ,長期,11300,
6149,小田原エンジニアリング,デイトレ,3000,1.80
6150,タケダ機械,デイトレ,100,3.03
6151,日東工器,デイトレ,900,0.00
6151,日東工器,長期,1000,
6156,エーワン精密,デイトレ,400,0.90
6157,日進工具,デイトレ,6000,0.00
6157,日進工具,長期,2200,0.08
6158,和井田製作所,デイトレ,100,0.00
6159,ミクロン精密,デイトレ,100,0.41
6165,パンチ工業,デイトレ,2800,0.00
6166,中村超硬,デイトレ,20000,0.90
6171,土木管理総合試験所,デイトレ,9900,0.00
6176,ブランジスタ,デイトレ,9700,0.90
6177,ＡｐｐＢａｎｋ,デイトレ,17300,0.44
6178,日本郵政,デイトレ,109100,0.00
6178,日本郵政,長期,1341700,
6180,ＧＭＯメディア,デイトレ,100,4.88
6181,タメニー,デイトレ,23700,0.26
6182,メタリアル,デイトレ,7600,0.00
6183,ベルシステム２４ホールディングス,デイトレ,5600,0.00
6183,ベルシステム２４ホールディングス,長期,38900,0.11
6184,鎌倉新書,デイトレ,2600,0.00
6185,ＳＭＮ,デイトレ,1800,0.00
6186,一蔵,デイトレ,2300,0.90
6189,グローバルキッズＣＯＭＰＡＮＹ,デイトレ,600,0.00
618A,ＫＯＭＰＥＩＴＯ,デイトレ,5200,2.43
6191,エアトリ,デイトレ,16000,0.00
6193,バーチャレクス・ホールディングス,デイトレ,1100,2.43
6194,アトラエ,デイトレ,5000,0.00
6195,ホープ,デイトレ,4600,0.90
6196,ストライクグループ,デイトレ,2500,0.00
6196,ストライクグループ,長期,52200,
6198,キャリア,デイトレ,2100,1.30
6199,セラク,デイトレ,3500,0.00
619A,オリバー,デイトレ,74900,1.53
6200,インソース,デイトレ,44800,0.00
6200,インソース,長期,6300,
6208,石川製作所,デイトレ,16300,0.00
6209,リケンＮＰＲ,デイトレ,6100,0.00
6209,リケンＮＰＲ,長期,95900,
6218,エンシュウ,デイトレ,2400,0.00
621A,オーディオストック,デイトレ,9400,1.62
6222,島精機製作所,デイトレ,49100,0.00
6223,西部技研,デイトレ,4400,0.00
6224,ＪＲＣ,デイトレ,3400,0.90
6226,守谷輸送機工業,デイトレ,4500,0.00
6227,ＡＩメカテック,デイトレ,13400,0.00
6228,ジェイ・イー・ティ,デイトレ,3100,0.90
6229,オーケーエム,デイトレ,4300,1.30
622A,テクノクラフト,デイトレ,5600,0.72
6230,ＳＡＮＥＩ,デイトレ,100,2.77
6231,木村工機,デイトレ,300,10.91
6232,ＡＣＳＬ,デイトレ,67300,0.00
6233,ＫＬＡＳＳ,デイトレ,400,1.30
6235,オプトラン,デイトレ,6800,0.00
6235,オプトラン,長期,120600,
6237,イワキ,デイトレ,800,0.00
6237,イワキ,長期,5800,0.33
6238,フリュー,デイトレ,800,0.00
6238,フリュー,長期,2900,0.10
623A,ベルテックス,デイトレ,45600,1.53
6240,ヤマシンフィルタ,デイトレ,18100,0.00
6246,テクノスマート,デイトレ,500,0.00
6247,日阪製作所,デイトレ,300,0.00
6247,日阪製作所,長期,29500,0.13
6248,横田製作所,デイトレ,600,1.30
6249,ゲームカードホールディングス,デイトレ,400,11.43
624A,かがやきホールディングス,デイトレ,400,1.36
6250,やまびこ,デイトレ,6500,0.00
6250,やまびこ,長期,158600,
6254,野村マイクロ・サイエンス,デイトレ,58300,0.00
6254,野村マイクロ・サイエンス,長期,65100,0.30
6255,エヌ・ピー・シー,デイトレ,85500,0.00
6257,藤商事,デイトレ,5000,0.00
6258,平田機工,デイトレ,6800,0.00
6258,平田機工,長期,3900,
625A,Ｓｋｙｆａｌｌ,デイトレ,6300,2.43
6262,ＰＥＧＡＳＵＳ,デイトレ,17700,1.30
6262,ＰＥＧＡＳＵＳ,長期,3000,0.04
6264,マルマエ,デイトレ,37800,0.00
6265,コンバム,デイトレ,2200,4.31
6266,タツモ,デイトレ,9800,0.00
6266,タツモ,長期,10600,0.35
6268,ナブテスコ,デイトレ,19500,0.00
6268,ナブテスコ,長期,623600,
6269,三井海洋開発,デイトレ,78800,0.00
6269,三井海洋開発,長期,322700,
626A,ｉＦｒｅｅＥＴＦ　ゴールドプラスインカム,デイトレ,426,3.00
6272,レオン自動機,デイトレ,2000,0.00
6272,レオン自動機,長期,39400,
6273,ＳＭＣ,デイトレ,1500,0.00
6273,ＳＭＣ,長期,7700,
6276,シリウスビジョン,デイトレ,2300,0.29
6277,ホソカワミクロン,デイトレ,400,0.00
6277,ホソカワミクロン,長期,27300,
6278,ユニオンツール,デイトレ,3700,0.00
6278,ユニオンツール,長期,65700,
6279,瑞光,デイトレ,6600,0.00
6279,瑞光,長期,1700,0.06
627A,ａｋｉｐｐａ,デイトレ,17000,3.51
6282,オイレス工業,デイトレ,1000,0.00
6282,オイレス工業,長期,9800,
6284,日精エー・エス・ビー機械,デイトレ,700,0.00
6284,日精エー・エス・ビー機械,長期,35100,
6287,サトー,デイトレ,3700,0.00
6287,サトー,長期,103600,
6289,技研製作所,デイトレ,7700,0.00
6291,日本エアーテック,デイトレ,10800,0.90
6292,カワタ,デイトレ,800,0.90
6294,オカダアイヨン,デイトレ,5100,0.00
6298,ワイエイシイホールディングス,デイトレ,15900,0.00
6298,ワイエイシイホールディングス,長期,1000,0.09
6301,小松製作所,デイトレ,43400,0.00
6301,小松製作所,長期,120500,0.29
6302,住友重機械工業,デイトレ,4300,0.00
6302,住友重機械工業,長期,613000,
6305,日立建機,デイトレ,5700,0.00
6305,日立建機,長期,608700,
6306,日工,デイトレ,1900,0.00
6306,日工,長期,4600,0.04
6307,サンセイ,デイトレ,400,0.90
6309,巴工業,デイトレ,4900,0.00
6310,井関農機,デイトレ,3800,0.00
6310,井関農機,長期,1500,0.08
6315,ＴＯＷＡ,デイトレ,95700,0.00
6315,ＴＯＷＡ,長期,70200,
6316,丸山製作所,デイトレ,200,2.60
6317,北川鉄工所,デイトレ,2800,0.00
6317,北川鉄工所,長期,28500,0.08
6323,ローツェ,デイトレ,146500,0.00
6323,ローツェ,長期,679900,
6324,ハーモニック・ドライブ・システムズ,デイトレ,23800,0.00
6324,ハーモニック・ドライブ・システムズ,長期,198400,
6325,タカキタ,デイトレ,1600,0.00
6326,クボタ,デイトレ,42000,0.00
6326,クボタ,長期,1168000,
6327,北川精機,デイトレ,18200,2.79
6328,荏原実業,デイトレ,10500,0.00
6328,荏原実業,長期,15600,0.20
6331,三菱化工機,デイトレ,10200,0.00
6331,三菱化工機,長期,102000,
6332,月島ホールディングス,デイトレ,9100,0.00
6332,月島ホールディングス,長期,86000,
6333,ＴＥＩＫＯＫＵ,デイトレ,800,0.00
6333,ＴＥＩＫＯＫＵ,長期,16700,0.28
6334,明治機械,デイトレ,400,0.90
6335,東京機械製作所,デイトレ,4700,0.90
6336,石井表記,デイトレ,24000,0.90
6337,テセック,デイトレ,5100,5.32
6338,タカトリ,デイトレ,39900,1.53
6339,新東工業,長期,73100,
633A,グローバルＸ　韓国半導体・トップ１０　ＥＴＦ,デイトレ,255,2.00
6340,澁谷工業,デイトレ,200,0.00
6340,澁谷工業,長期,70000,
6343,フリージア・マクロス,デイトレ,3600,0.35
6345,アイチコーポレーション,デイトレ,7300,0.00
6345,アイチコーポレーション,長期,47700,
6349,小森コーポレーション,デイトレ,4200,0.00
6349,小森コーポレーション,長期,7000,0.16
634A,レイヤード,デイトレ,1700,6.03
6351,鶴見製作所,デイトレ,300,0.00
6351,鶴見製作所,長期,64800,
6356,日本ギア工業,デイトレ,15100,0.00
6357,三精テクノロジーズ,デイトレ,10300,0.00
6358,酒井重工業,長期,800,0.14
6360,東京自働機械製作所,デイトレ,300,6.17
6361,荏原製作所,デイトレ,44400,0.00
6361,荏原製作所,長期,58800,
6363,酉島製作所,デイトレ,26200,0.00
6363,酉島製作所,長期,39700,
6364,ＡＩＲＭＡＮ,デイトレ,700,0.00
6364,ＡＩＲＭＡＮ,長期,9600,0.33
6365,電業社機械製作所,デイトレ,1300,0.00
6366,千代田化工建設,デイトレ,309000,0.00
6367,ダイキン工業,デイトレ,19900,0.00
6367,ダイキン工業,長期,35500,
6368,オルガノ,デイトレ,29300,0.00
6368,オルガノ,長期,96000,
6369,トーヨーカネツ,デイトレ,16200,0.00
6369,トーヨーカネツ,長期,21700,0.18
6370,栗田工業,デイトレ,6300,0.00
6370,栗田工業,長期,347400,
6371,椿本チエイン,デイトレ,700,0.00
6371,椿本チエイン,長期,524700,
6376,日機装,デイトレ,14100,0.00
6376,日機装,長期,154800,
6378,木村化工機,デイトレ,22400,0.00
6379,レイズネクスト,デイトレ,8100,0.00
6380,オリエンタルチエン工業,デイトレ,600,2.70
6381,アネスト岩田,デイトレ,2500,0.00
6381,アネスト岩田,長期,86100,
6382,トリニティ工業,デイトレ,1300,1.10
6383,ダイフク,デイトレ,14100,0.00
6383,ダイフク,長期,475400,
6384,昭和真空,デイトレ,400,1.91
6387,サムコ,デイトレ,3200,8.10
6390,加藤製作所,デイトレ,17600,0.00
6391,加地テック,デイトレ,700,5.58
6392,ヤマダコーポレーション,デイトレ,300,0.00
6393,油研工業,デイトレ,300,3.90
6395,タダノ,デイトレ,10200,0.00
6395,タダノ,長期,594900,
639A,ＮＥＸＴ　ＦＵＮＤＳ　Ｓｏｌａｃｔｉｖｅグローバル・メモリ指数連動型上場投信,デイトレ,3070,0.50
6400,不二精機,デイトレ,5800,0.00
6402,兼松エンジニアリング,デイトレ,200,0.90
6405,鈴茂器工,デイトレ,2300,0.90
6407,ＣＫＤ,デイトレ,22100,0.00
6407,ＣＫＤ,長期,351500,
640A,ＡＳＮＯＶＡ　Ｃｏｍｐａｎｉｅｓ,デイトレ,1800,0.95
6412,平和ホールディングス,デイトレ,12100,0.00
6412,平和ホールディングス,長期,135800,
6413,理想科学工業,デイトレ,218800,0.00
6413,理想科学工業,長期,47400,0.09
6417,三共,デイトレ,21100,0.00
6417,三共,長期,672600,
6418,日本金銭機械,デイトレ,4600,0.00
6418,日本金銭機械,長期,3200,0.09
6419,マースグループホールディングス,デイトレ,7900,0.00
6419,マースグループホールディングス,長期,8000,0.24
641A,ＮＯＫ　Ｇｒｏｕｐ,デイトレ,4900,6.85
6420,ガリレイホールディングス,デイトレ,100,0.00
6420,ガリレイホールディングス,長期,234600,0.27
6424,高見沢サイバネティックス,デイトレ,900,1.15
6425,ユニバーサルエンターテインメント,デイトレ,19900,0.00
6428,オーイズミ,デイトレ,4100,0.00
642A,キューデンホールディングス,デイトレ,33600,4.75
6430,ダイコク電機,デイトレ,3800,0.00
6432,竹内製作所,デイトレ,58900,0.00
6432,竹内製作所,長期,179100,
6433,ヒーハイスト,デイトレ,16000,0.90
6436,アマノ,デイトレ,3000,0.00
6436,アマノ,長期,347800,
6439,中日本鋳工,デイトレ,100,0.00
643A,データセンターインフラ　日本株（ネットリターン）ＥＴＮ,デイトレ,49,29.00
6440,ＪＵＫＩ,デイトレ,14500,0.00
6444,サンデン,デイトレ,30000,0.00
6445,ジャノメ,デイトレ,3600,0.00
6445,ジャノメ,長期,2200,0.07
6448,ブラザー工業,デイトレ,2500,0.00
6448,ブラザー工業,長期,836400,
644A,防衛フォーカス　日本株（ネットリターン）ＥＴＮ,デイトレ,7,25.00
6454,マックス,デイトレ,32400,0.00
6454,マックス,長期,457600,
6455,モリタホールディングス,デイトレ,600,0.00
6455,モリタホールディングス,長期,138100,
6457,グローリー,デイトレ,1200,0.00
6457,グローリー,長期,255200,
6458,新晃工業,デイトレ,42000,0.00
6458,新晃工業,長期,119200,
6459,だいわ,デイトレ,800,0.00
6459,だいわ,長期,71400,
6460,セガサミーホールディングス,デイトレ,10400,0.00
6460,セガサミーホールディングス,長期,1137800,
6463,ＴＰＲ,デイトレ,1300,0.00
6463,ＴＰＲ,長期,6200,0.06
6464,ツバキ・ナカシマ,デイトレ,17900,0.00
6465,ホシザキ,デイトレ,2000,0.00
6465,ホシザキ,長期,605800,
6466,ＴＶＥ,デイトレ,1500,5.56
6467,ニチダイ,デイトレ,2300,1.30
6469,放電精密加工研究所,デイトレ,17200,3.33
646A,クラサスケミカル,デイトレ,59200,0.63
6470,大豊工業,デイトレ,300,0.00
6471,日本精工,デイトレ,58400,0.00
6471,日本精工,長期,2809800,
6472,ＮＴＮ,デイトレ,77700,0.00
6472,ＮＴＮ,長期,3100100,
6473,ジェイテクト,デイトレ,11100,0.00
6473,ジェイテクト,長期,25300,
6474,不二越,デイトレ,2600,0.00
6474,不二越,長期,62800,
6479,ミネベアミツミ,デイトレ,44500,0.00
6479,ミネベアミツミ,長期,40300,
6480,日本トムソン,デイトレ,33600,0.00
6480,日本トムソン,長期,217000,
6481,ＴＨＫ,デイトレ,13300,0.00
6481,ＴＨＫ,長期,449500,
6482,ＹＵＳＨＩＮ,デイトレ,7100,0.00
6484,ＫＶＫ,デイトレ,600,2.42
6485,前澤給装工業,デイトレ,1000,0.00
6485,前澤給装工業,長期,21400,0.13
6488,ヨシタケ,デイトレ,6800,0.91
6490,ＰＩＬＬＡＲ,デイトレ,900,0.00
6490,ＰＩＬＬＡＲ,長期,59100,
6493,ＮＩＴＴＡＮ,デイトレ,38500,0.90
6494,ＮＦＫホールディングス,デイトレ,124300,0.13
6496,中北製作所,デイトレ,7000,10.40
6497,ハマイ,デイトレ,700,1.10
6498,キッツ,デイトレ,10300,0.00
6498,キッツ,長期,422600,
6501,日立製作所,デイトレ,72300,0.00
6501,日立製作所,長期,677300,
6503,三菱電機,デイトレ,194400,0.00
6503,三菱電機,長期,299900,
6504,富士電機,デイトレ,10000,0.00
6504,富士電機,長期,253600,
6505,東洋電機製造,デイトレ,1600,0.00
6506,安川電機,デイトレ,179800,0.00
6506,安川電機,長期,527100,
6507,シンフォニア　テクノロジー,デイトレ,2500,0.00
6507,シンフォニア　テクノロジー,長期,195400,
6508,明電舎,デイトレ,4300,0.00
6508,明電舎,長期,361000,
6516,山洋電気,デイトレ,7000,0.00
6516,山洋電気,長期,99700,
6517,デンヨー,デイトレ,1000,0.00
6517,デンヨー,長期,21700,
6518,三相電機,デイトレ,2400,0.90
6521,オキサイド,デイトレ,15900,2.70
6523,ＰＨＣホールディングス,デイトレ,23400,1.10
6523,ＰＨＣホールディングス,長期,99900,
6524,湖北工業,デイトレ,15100,0.00
6525,ＫＯＫＵＳＡＩ　ＥＬＥＣＴＲＩＣ,デイトレ,77700,0.00
6525,ＫＯＫＵＳＡＩ　ＥＬＥＣＴＲＩＣ,長期,20200,
6526,ソシオネクスト,デイトレ,144100,0.00
6526,ソシオネクスト,長期,935100,
6532,ベイカレント,デイトレ,4500,0.00
6532,ベイカレント,長期,21600,
6533,Ｏｒｃｈｅｓｔｒａ　Ｈｏｌｄｉｎｇｓ,デイトレ,2800,1.80
6535,アイモバイル,デイトレ,10800,0.00
6535,アイモバイル,長期,3900,
6537,ＷＡＳＨハウス,デイトレ,6300,0.00
6538,ディスラプターズ,デイトレ,2100,0.00
6539,ＭＳ－Ｊａｐａｎ,長期,1200,0.04
6540,船場,デイトレ,1200,0.00
6543,日宣,デイトレ,300,1.30
6544,ジャパンエレベーターサービスホールディングス,デイトレ,14400,0.00
6544,ジャパンエレベーターサービスホールディングス,長期,1837900,
6545,インターネットインフィニティー,デイトレ,6300,0.00
6546,フルテック,デイトレ,200,0.00
6547,グリーンズ,デイトレ,23900,0.00
6548,旅工房,デイトレ,5100,1.21
6549,ディーエムソリューションズ,デイトレ,1800,0.90
6551,ツナググループ・ホールディングス,デイトレ,10700,0.00
6552,ＧａｍｅＷｉｔｈ,デイトレ,10600,0.90
6554,エスユーエス,デイトレ,3400,0.90
6555,ＭＳ＆Ｃｏｎｓｕｌｔｉｎｇ,デイトレ,3300,1.30
6560,エル・ティー・エス,デイトレ,1100,0.00
6560,エル・ティー・エス,長期,200,0.10
6561,ＨＡＮＡＴＯＵＲ　ＪＡＰＡＮ,デイトレ,4900,0.74
6562,ジーニー,デイトレ,6000,0.00
6563,みらいワークス,デイトレ,8000,0.00
6564,ミダックホールディングス,デイトレ,500,1.30
6565,ＡＢホテル,デイトレ,2400,0.23
6566,要興業,デイトレ,800,0.00
6568,神戸天然物化学,デイトレ,2700,1.10
6571,キュービーネットホールディングス,デイトレ,200,1.30
6571,キュービーネットホールディングス,長期,1300,0.09
6572,オープングループ,長期,3000,0.01
6573,ＣＲＡＶＩＡ,デイトレ,96700,0.23
6577,ベストワンドットコム,デイトレ,400,1.13
6578,コレックホールディングス,デイトレ,2200,1.30
6579,ログリー,デイトレ,1300,0.90
6580,ライトアップ,デイトレ,4300,1.30
6584,三櫻工業,長期,3200,
6586,マキタ,デイトレ,4800,0.00
6586,マキタ,長期,33500,
6588,東芝テック,デイトレ,1000,0.00
6588,東芝テック,長期,125000,
6590,芝浦メカトロニクス,デイトレ,33800,0.00
6592,マブチモーター,デイトレ,3400,0.00
6592,マブチモーター,長期,907500,
6597,ＨＰＣシステムズ,デイトレ,7600,2.70
6599,エブレン,デイトレ,2900,4.40
6612,バルミューダ,デイトレ,10200,0.32
6614,シキノハイテック,デイトレ,3900,0.00
6615,ユー・エム・シー・エレクトロニクス,デイトレ,7500,0.00
6616,トレックス・セミコンダクター,デイトレ,16700,1.10
6616,トレックス・セミコンダクター,長期,1100,0.08
6617,東光高岳,デイトレ,2100,0.00
6617,東光高岳,長期,35400,0.29
6619,ダブル・スコープ,デイトレ,103100,0.00
6620,宮越ホールディングス,デイトレ,27400,0.00
6622,ダイヘン,デイトレ,15100,0.00
6622,ダイヘン,長期,79000,
6623,愛知電機,デイトレ,400,0.45
6625,ＪＡＬＣＯホールディングス,デイトレ,201800,0.00
6626,ＳＥＭＩＴＥＣ,デイトレ,1000,2.60
6627,テラプローブ,デイトレ,12400,1.80
6629,テクノホライゾン,デイトレ,17400,0.00
6630,ヤーマン,デイトレ,7300,0.00
6632,ＪＶＣケンウッド,デイトレ,11400,0.00
6632,ＪＶＣケンウッド,長期,1026300,
6633,ＣＧＳホールディングス,デイトレ,3100,0.00
6634,ＪＮグループ,デイトレ,27900,0.38
6635,大日光・エンジニアリング,デイトレ,2400,0.00
6637,寺崎電気産業,デイトレ,3900,4.95
6638,ミマキエンジニアリング,デイトレ,900,0.00
6638,ミマキエンジニアリング,長期,14900,0.19
6643,戸上電機製作所,デイトレ,400,0.00
6644,大崎電気工業,デイトレ,10500,0.00
6644,大崎電気工業,長期,57200,0.13
6645,オムロン,デイトレ,9700,0.00
6645,オムロン,長期,22400,
6647,森尾電機,デイトレ,1000,0.00
6648,かわでん,デイトレ,500,1.10
6651,日東工業,デイトレ,400,0.00
6651,日東工業,長期,96600,
6652,ＩＤＥＣ,デイトレ,2600,0.00
6652,ＩＤＥＣ,長期,90200,
6653,正興電機製作所,デイトレ,50600,0.00
6654,不二電機工業,デイトレ,1600,0.00
6655,東洋電機,デイトレ,400,0.00
6656,インスペック,デイトレ,4100,0.00
6658,シライ電子工業,デイトレ,2500,0.41
6659,メディアリンクス,デイトレ,残数量なし,0.00
6662,ユビテック,デイトレ,900,0.90
6663,太洋テクノレックス,デイトレ,4900,0.90
6664,オプトエレクトロニクス,デイトレ,10700,0.00
6666,リバーエレテック,デイトレ,10600,0.90
6668,アドテック　プラズマ　テクノロジー,デイトレ,4300,7.65
6674,ジーエス・ユアサ　コーポレーション,デイトレ,19100,0.00
6674,ジーエス・ユアサ　コーポレーション,長期,9400,
6675,サクサ,デイトレ,300,0.00
6676,バッファロー,デイトレ,800,0.00
6677,エスケーエレクトロニクス,デイトレ,2200,2.77
6678,テクノメディカ,デイトレ,500,1.30
6694,ズーム,デイトレ,200,0.90
6696,トラース・オン・プロダクト,デイトレ,700,0.27
6699,ダイヤモンドエレクトリックホールディングス,デイトレ,22600,0.90
6701,日本電気,デイトレ,223300,0.00
6701,日本電気,長期,725800,
6702,富士通,デイトレ,97800,0.00
6702,富士通,長期,222400,
6703,沖電気工業,デイトレ,39100,0.00
6703,沖電気工業,長期,513500,
6706,電気興業,デイトレ,400,0.00
6706,電気興業,長期,1000,
6707,サンケン電気,長期,41500,
6718,アイホン,デイトレ,1800,0.00
6718,アイホン,長期,16400,0.22
6721,ウインテスト,デイトレ,97200,0.78
6723,ルネサスエレクトロニクス,デイトレ,71500,0.00
6723,ルネサスエレクトロニクス,長期,758600,
6724,セイコーエプソン,デイトレ,6000,0.00
6724,セイコーエプソン,長期,24900,
6727,ワコム,デイトレ,18400,0.00
6727,ワコム,長期,567200,
6728,アルバック,デイトレ,6400,0.00
6728,アルバック,長期,318100,
6730,アクセル,デイトレ,4100,0.00
6731,ピクセラ,デイトレ,21500,0.46
6736,サン電子,デイトレ,300,0.00
6737,ＥＩＺＯ,デイトレ,4500,0.00
6737,ＥＩＺＯ,長期,56300,
6740,ジャパンディスプレイ,デイトレ,2291000,0.40
6741,日本信号,デイトレ,2500,0.00
6741,日本信号,長期,209800,
6742,京三製作所,デイトレ,5500,0.00
6742,京三製作所,長期,117300,0.05
6743,大同信号,デイトレ,1200,1.30
6744,能美防災,デイトレ,6600,0.00
6744,能美防災,長期,82800,
6745,ホーチキ,長期,83300,0.13
6748,星和電機,デイトレ,22000,0.00
6750,エレコム,デイトレ,2500,0.00
6750,エレコム,長期,257700,
6752,パナソニック　ホールディングス,デイトレ,128600,0.00
6752,パナソニック　ホールディングス,長期,317100,
6753,シャープ,デイトレ,387900,0.00
6753,シャープ,長期,130800,0.03
6754,アンリツ,デイトレ,107000,0.00
6754,アンリツ,長期,820900,
6757,ＯＳＧコーポレーション,デイトレ,4500,0.90
6758,ソニーグループ,デイトレ,243700,0.00
6762,ＴＤＫ,デイトレ,290400,0.00
6762,ＴＤＫ,長期,234000,
6763,帝国通信工業,デイトレ,800,0.00
6763,帝国通信工業,長期,1100,0.19
6768,タムラ製作所,デイトレ,14600,0.00
6768,タムラ製作所,長期,259700,
6769,ザインエレクトロニクス,デイトレ,4500,0.90
6770,アルプスアルパイン,デイトレ,42400,0.00
6770,アルプスアルパイン,長期,18700,
6771,池上通信機,デイトレ,3900,0.00
6775,ＴＢグループ,デイトレ,14100,1.30
6776,天昇電気工業,デイトレ,800,0.90
6777,ｓａｎｔｅｃ　Ｈｏｌｄｉｎｇｓ,デイトレ,6700,20.97
6778,アルチザネットワークス,デイトレ,20700,0.17
6779,日本電波工業,デイトレ,22200,4.05
6779,日本電波工業,長期,3200,
6785,鈴木,デイトレ,3500,0.00
6785,鈴木,長期,1400,0.24
6786,ＲＶＨ,デイトレ,15500,0.35
6787,メイコー,デイトレ,10400,0.00
6787,メイコー,長期,122700,
6788,日本トリム,デイトレ,300,0.00
6788,日本トリム,長期,300,0.35
6794,フォスター電機,デイトレ,800,0.00
6794,フォスター電機,長期,13400,0.29
6798,ＳＭＫ,デイトレ,1400,0.00
6798,ＳＭＫ,長期,15300,0.13
6800,ヨコオ,デイトレ,4700,0.00
6800,ヨコオ,長期,60300,
6803,ティアック,デイトレ,4700,0.00
6804,ホシデン,デイトレ,3300,0.00
6804,ホシデン,長期,193300,
6806,ヒロセ電機,デイトレ,1200,0.00
6806,ヒロセ電機,長期,117500,
6807,日本航空電子工業,デイトレ,1300,0.00
6807,日本航空電子工業,長期,186600,
6809,ＴＯＡ,長期,34600,0.14
6810,マクセル,デイトレ,6400,0.00
6810,マクセル,長期,151900,
6814,古野電気,デイトレ,9200,0.00
6814,古野電気,長期,53000,
6817,スミダコーポレーション,デイトレ,25600,0.00
6817,スミダコーポレーション,長期,48100,0.09
6819,伊豆シャボテンリゾート,デイトレ,33300,0.00
6820,アイコム,長期,9900,0.28
6822,大井電気,デイトレ,1200,5.50
6823,リオン,デイトレ,2700,0.00
6823,リオン,長期,11200,0.28
6824,新コスモス電機,デイトレ,300,4.20
6832,アオイ電子,デイトレ,8700,2.60
6834,精工技研,デイトレ,14200,0.00
6835,アライドテレシスホールディングス,デイトレ,67100,1.53
6837,京写,デイトレ,13500,0.90
6838,多摩川ホールディングス,デイトレ,13800,0.90
6840,ＡＫＩＢＡホールディングス,デイトレ,10200,0.90
6841,横河電機,デイトレ,7100,0.00
6841,横河電機,長期,21700,
6844,新電元工業,デイトレ,3900,0.00
6844,新電元工業,長期,11100,0.24
6845,アズビル,デイトレ,28200,0.00
6845,アズビル,長期,1933400,
6848,東亜ディーケーケー,デイトレ,300,0.00
6849,日本光電工業,デイトレ,7000,0.00
6849,日本光電工業,長期,978400,
6850,チノー,デイトレ,200,0.00
6850,チノー,長期,2200,0.12
6853,共和電業,デイトレ,8300,0.00
6855,日本電子材料,デイトレ,25400,0.00
6855,日本電子材料,長期,19500,1.15
6856,堀場製作所,デイトレ,3500,0.00
6856,堀場製作所,長期,117100,
6857,アドバンテスト,デイトレ,67000,0.00
6857,アドバンテスト,長期,52000,
6858,小野測器,デイトレ,4100,0.77
6859,エスペック,デイトレ,1400,0.00
6859,エスペック,長期,68600,
6861,キーエンス,デイトレ,残数量なし,0.00
6861,キーエンス,長期,26700,
6863,ニレコ,デイトレ,2000,1.10
6864,エヌエフホールディングス,デイトレ,4400,0.90
6866,日置電機,デイトレ,1800,0.00
6866,日置電機,長期,40900,
6869,シスメックス,デイトレ,22700,0.00
6869,シスメックス,長期,2059500,
6870,日本フェンオール,デイトレ,500,2.60
6871,日本マイクロニクス,デイトレ,13100,0.00
6871,日本マイクロニクス,長期,185600,
6874,協立電機,デイトレ,1000,0.00
6875,メガチップス,デイトレ,1700,0.00
6875,メガチップス,長期,33600,
6877,ＯＢＡＲＡ　ＧＲＯＵＰ,デイトレ,1700,0.00
6888,アクモス,デイトレ,3600,0.00
6890,フェローテック,デイトレ,37000,0.00
6890,フェローテック,長期,86100,0.91
6897,ツインバード,デイトレ,12500,0.48
6902,デンソー,デイトレ,151800,0.00
6902,デンソー,長期,250200,
6904,原田工業,デイトレ,22600,1.53
6905,コーセル,デイトレ,1700,0.00
6905,コーセル,長期,29300,0.12
6907,ジオマテック,デイトレ,10100,0.90
6908,イリソ電子工業,デイトレ,2100,0.00
6908,イリソ電子工業,長期,53200,
6912,菊水ホールディングス,デイトレ,2400,2.20
6914,オプテックスグループ,デイトレ,4900,0.00
6914,オプテックスグループ,長期,137600,
6915,千代田インテグレ,デイトレ,400,0.00
6915,千代田インテグレ,長期,9500,0.28
6918,アバールデータ,デイトレ,6900,3.60
6919,ケル,デイトレ,1900,0.00
6920,レーザーテック,デイトレ,22700,0.00
6920,レーザーテック,長期,70000,
6923,スタンレー電気,デイトレ,600,0.00
6923,スタンレー電気,長期,725900,
6925,ウシオ電機,デイトレ,2200,0.00
6925,ウシオ電機,長期,462600,
6926,岡谷電機産業,デイトレ,6300,0.00
6927,ヘリオス　テクノ　ホールディング,デイトレ,4300,0.90
6928,エノモト,デイトレ,500,3.62
6929,日本セラミック,デイトレ,2900,0.00
6929,日本セラミック,長期,34900,
6932,遠藤照明,デイトレ,100,0.00
6941,山一電機,デイトレ,15400,0.00
6941,山一電機,長期,95200,
6942,ソフィアホールディングス,デイトレ,300,1.27
6946,日本アビオニクス,デイトレ,8500,8.82
6947,図研,デイトレ,1600,0.00
6947,図研,長期,102600,
6951,日本電子,デイトレ,1700,0.00
6951,日本電子,長期,223000,
6952,カシオ計算機,デイトレ,38600,0.00
6952,カシオ計算機,長期,1000900,
6954,ファナック,デイトレ,125100,0.00
6954,ファナック,長期,127800,
6955,ＦＤＫ,デイトレ,84000,0.36
6958,日本シイエムケイ,デイトレ,25800,0.00
6958,日本シイエムケイ,長期,96800,
6960,フクダ電子,デイトレ,1200,0.00
6960,フクダ電子,長期,90000,0.90
6961,エンプラス,デイトレ,4100,0.00
6961,エンプラス,長期,12600,
6962,大真空,デイトレ,15000,0.00
6963,ローム,デイトレ,34500,0.00
6963,ローム,長期,640100,
6964,サンコー,デイトレ,900,1.30
6965,浜松ホトニクス,デイトレ,86300,0.00
6965,浜松ホトニクス,長期,1341200,
6966,三井ハイテック,デイトレ,70900,0.00
6966,三井ハイテック,長期,165100,
6969,松尾電機,デイトレ,1600,0.90
6971,京セラ,デイトレ,28900,0.00
6971,京セラ,長期,891800,
6976,太陽誘電,デイトレ,90100,0.00
6976,太陽誘電,長期,249500,
6981,村田製作所,デイトレ,189400,0.00
6981,村田製作所,長期,225900,
6986,双葉電子工業,デイトレ,16200,0.00
6986,双葉電子工業,長期,63900,
6988,日東電工,デイトレ,26400,0.00
6988,日東電工,長期,69700,
6989,北陸電気工業,デイトレ,2200,0.00
6989,北陸電気工業,長期,20700,
6994,指月電機製作所,デイトレ,43400,0.00
6995,東海理化電機製作所,デイトレ,2500,0.00
6995,東海理化電機製作所,長期,287600,
6996,ニチコン,デイトレ,17400,0.00
6996,ニチコン,長期,49400,
6997,日本ケミコン,デイトレ,30300,0.00
6997,日本ケミコン,長期,70300,
6998,日本タングステン,デイトレ,3400,0.00
6999,ＫＯＡ,デイトレ,7000,0.00
6999,ＫＯＡ,長期,112500,
7003,三井Ｅ＆Ｓ,デイトレ,179100,0.00
7003,三井Ｅ＆Ｓ,長期,546700,
7004,カナデビア,デイトレ,9500,0.00
7011,三菱重工業,デイトレ,884300,0.00
7011,三菱重工業,長期,837500,
7012,川崎重工業,長期,77200,
7013,ＩＨＩ,デイトレ,412500,0.00
7013,ＩＨＩ,長期,1145300,
7014,名村造船所,デイトレ,48800,0.00
7014,名村造船所,長期,344600,
7021,ニッチツ,デイトレ,2600,2.60
7022,サノヤスホールディングス,デイトレ,900,0.00
7030,スプリックス,デイトレ,1700,0.00
7031,インバウンドテック,デイトレ,600,1.30
7033,マネジメントソリューションズ,デイトレ,7500,0.00
7034,プロレド・パートナーズ,デイトレ,84700,1.30
7035,ａｎｄ　ｆａｃｔｏｒｙ,デイトレ,6000,1.30
7036,イーエムネットジャパン,デイトレ,300,1.10
7037,テノ．ホールディングス,デイトレ,1500,1.30
7038,フロンティア・マネジメント,デイトレ,700,0.90
7039,ブリッジインターナショナルグループ,デイトレ,600,0.00
7040,サン・ライフホールディング,デイトレ,2300,0.00
7041,ＣＲＧホールディングス,デイトレ,5600,1.30
7042,アクセスグループ・ホールディングス,デイトレ,4200,1.30
7044,ピアラ,デイトレ,3100,0.90
7046,ＴＤＳＥ,デイトレ,800,0.90
7047,ポート,デイトレ,24500,0.00
7048,ベルトラ,デイトレ,7700,0.00
7049,識学,デイトレ,2000,0.00
7050,フロンティアインターナショナル,デイトレ,5100,0.90
7059,コプロ・ホールディングス,デイトレ,25700,0.00
7060,ギークス,デイトレ,1200,0.00
7061,日本ホスピスホールディングス,デイトレ,6100,0.00
7063,Ｂｉｒｄｍａｎ,デイトレ,70000,0.53
7065,ユーピーアール,デイトレ,9000,0.00
7066,ピアズ,デイトレ,3900,1.30
7068,フィードフォースグループ,デイトレ,5300,0.00
7069,サイバー・バズ,デイトレ,4600,0.25
7071,アンビスホールディングス,デイトレ,19500,0.00
7074,トゥエンティーフォーセブンホールディングス,デイトレ,9600,1.30
7075,ＱＬＳホールディングス,デイトレ,11200,1.30
7076,名南Ｍ＆Ａ,デイトレ,200,0.00
7077,ＡＬｉＮＫインターネット,デイトレ,1200,0.90
7078,ＩＮＣＬＵＳＩＶＥ　Ｈｏｌｄｉｎｇｓ,デイトレ,8200,0.90
7080,スポーツフィールド,デイトレ,3800,0.90
7084,Ｓｍｉｌｅ　Ｈｏｌｄｉｎｇｓ,デイトレ,400,2.60
7085,カーブスホールディングス,デイトレ,7200,0.00
7085,カーブスホールディングス,長期,53700,0.11
7087,ウイルテック,デイトレ,200,0.00
7089,フォースタートアップス,デイトレ,8000,1.30
7091,リビングプラットフォーム,デイトレ,200,1.30
7093,アディッシュ,デイトレ,1100,1.30
7094,ＮｅｘＴｏｎｅ,デイトレ,2400,0.00
7095,Ｍａｃｂｅｅ　Ｐｌａｎｅｔ,デイトレ,2200,1.02
7096,ステムセル研究所,デイトレ,1000,0.00
7097,さくらさくプラス,デイトレ,200,1.80
7102,日本車輌製造,デイトレ,1600,0.00
7102,日本車輌製造,長期,11000,0.32
7110,クラシコム,デイトレ,100,0.00
7111,ＩＮＥＳＴ,デイトレ,5400,0.53
7114,フーディソン,デイトレ,1200,0.90
7115,アルファパーチェス,デイトレ,5900,1.10
7119,ハルメクホールディングス,デイトレ,600,0.00
7120,ＳＨＩＮＫＯ,デイトレ,17200,1.53
7122,近畿車輛,デイトレ,1000,1.80
7126,グローバルスタイル,デイトレ,700,1.30
7127,一家ホールディングス,デイトレ,4500,0.17
7128,ユニソルホールディングス,デイトレ,1100,0.00
7128,ユニソルホールディングス,長期,19800,0.23
7129,ミアヘルサホールディングス,デイトレ,300,0.90
7130,ヤマエグループホールディングス,デイトレ,8100,0.00
7130,ヤマエグループホールディングス,長期,46700,0.18
7134,アップガレージグループ,デイトレ,1800,0.00
7135,ジャパンクラフトホールディングス,デイトレ,7600,0.00
7138,ＴＯＲＩＣＯ,デイトレ,9400,1.29
7140,ペットゴー,デイトレ,1500,0.90
7148,ＦＰＧ,デイトレ,43400,0.00
7148,ＦＰＧ,長期,42600,
7150,島根銀行,デイトレ,8600,0.00
7157,ライフネット生命保険,長期,72600,0.06
7161,じもとホールディングス,デイトレ,34300,0.00
7164,全国保証,デイトレ,8300,0.00
7164,全国保証,長期,778300,
7167,めぶきフィナンシャルグループ,デイトレ,17800,0.00
7167,めぶきフィナンシャルグループ,長期,2101900,
7172,ジャパンインベストメントアドバイザー,デイトレ,36400,0.00
7173,東京きらぼしフィナンシャルグループ,デイトレ,13000,0.00
7173,東京きらぼしフィナンシャルグループ,長期,1817200,
7175,今村証券,デイトレ,2100,0.90
7177,ＧＭＯフィナンシャルホールディングス,デイトレ,9400,0.90
7180,九州フィナンシャルグループ,デイトレ,10600,0.00
7180,九州フィナンシャルグループ,長期,2076800,
7181,かんぽ生命保険,デイトレ,44900,0.00
7181,かんぽ生命保険,長期,94700,0.07
7182,ゆうちょ銀行,デイトレ,36000,0.00
7182,ゆうちょ銀行,長期,971100,
7184,富山第一銀行,デイトレ,2300,0.00
7184,富山第一銀行,長期,161400,
7185,ヒロセ通商,デイトレ,1700,3.27
7186,横浜フィナンシャルグループ,デイトレ,27700,0.00
7186,横浜フィナンシャルグループ,長期,144800,
7187,ジェイリース,デイトレ,8200,0.00
7187,ジェイリース,長期,1600,0.13
7189,西日本フィナンシャルホールディングス,デイトレ,2300,0.00
7189,西日本フィナンシャルホールディングス,長期,730700,
7191,イントラスト,デイトレ,200,0.00
7192,日本モーゲージサービス,デイトレ,8600,0.00
7198,ＳＢＩアルヒ,デイトレ,6700,0.90
7199,プレミアグループ,デイトレ,11900,0.00
7199,プレミアグループ,長期,128900,
7201,日産自動車,デイトレ,2629400,0.00
7201,日産自動車,長期,2498800,
7202,いすゞ自動車,デイトレ,65300,0.00
7202,いすゞ自動車,長期,77700,
7203,トヨタ自動車,デイトレ,531800,0.00
7203,トヨタ自動車,長期,1487400,
7208,カネミツ,デイトレ,400,0.00
7211,三菱自動車工業,デイトレ,233700,0.00
7212,エフテック,デイトレ,2200,0.00
7213,レシップホールディングス,デイトレ,500,0.00
7214,ＧＭＢ,デイトレ,6600,0.00
7215,ファルテック,デイトレ,300,0.15
7217,テイン,デイトレ,1500,0.28
7218,田中精密工業,デイトレ,300,0.90
7220,武蔵精密工業,デイトレ,16500,0.00
7220,武蔵精密工業,長期,278900,
7222,日産車体,デイトレ,3700,0.00
7222,日産車体,長期,55000,0.08
7224,新明和工業,デイトレ,17100,0.00
7224,新明和工業,長期,191400,
7226,極東開発工業,デイトレ,12700,0.00
7226,極東開発工業,長期,119800,
7228,デイトナ,デイトレ,700,5.20
7231,トピー工業,デイトレ,3000,0.00
7231,トピー工業,長期,9300,
7235,東京ラヂエーター製造,デイトレ,5600,0.90
7236,ティラド,デイトレ,23800,0.00
7236,ティラド,長期,34600,0.12
7238,曙ブレーキ工業,デイトレ,残数量なし,0.00
7239,タチエス,デイトレ,15000,0.00
7239,タチエス,長期,117300,
7241,フタバ産業,デイトレ,3100,0.00
7241,フタバ産業,長期,144700,
7242,カヤバ,デイトレ,12800,0.00
7242,カヤバ,長期,残数量なし,
7244,市光工業,デイトレ,2900,0.00
7244,市光工業,長期,5500,0.04
7245,大同メタル工業,デイトレ,18300,0.00
7245,大同メタル工業,長期,90400,0.05
7246,プレス工業,デイトレ,10000,0.00
7246,プレス工業,長期,314000,
7247,ミクニ,デイトレ,2600,0.33
7254,ユニバンス,デイトレ,1200,1.30
7256,河西工業,デイトレ,72600,0.90
7259,アイシン,デイトレ,21300,0.00
7259,アイシン,長期,1410800,
7261,マツダ,デイトレ,133100,0.00
7261,マツダ,長期,61800,
7266,今仙電機製作所,デイトレ,5300,0.00
7267,本田技研工業,デイトレ,69200,0.00
7267,本田技研工業,長期,2130400,
7269,スズキ,デイトレ,589700,0.00
7269,スズキ,長期,193000,
7270,ＳＵＢＡＲＵ,デイトレ,93500,0.00
7270,ＳＵＢＡＲＵ,長期,77000,
7271,安永,デイトレ,1400,0.90
7272,ヤマハ発動機,デイトレ,27700,0.00
7272,ヤマハ発動機,長期,124200,
7273,イクヨ,デイトレ,1300,0.90
7276,小糸製作所,デイトレ,59700,0.00
7276,小糸製作所,長期,1271500,
7277,ＴＢＫ,デイトレ,4200,0.00
7278,エクセディ,デイトレ,7100,0.00
7278,エクセディ,長期,8400,0.42
7279,ハイレックスコーポレーション,デイトレ,3600,0.00
7279,ハイレックスコーポレーション,長期,17500,0.19
7280,ミツバ,デイトレ,13300,0.00
7280,ミツバ,長期,57100,0.09
7282,豊田合成,デイトレ,6700,0.00
7282,豊田合成,長期,324700,
7283,愛三工業,デイトレ,1500,0.00
7283,愛三工業,長期,168000,
7284,盟和産業,デイトレ,500,0.90
7287,日本精機,デイトレ,6800,0.00
7287,日本精機,長期,518300,
7291,日本プラスト,デイトレ,9000,0.00
7292,村上開明堂,長期,1800,0.54
7294,ヨロズ,デイトレ,7400,0.00
7296,エフ・シー・シー,デイトレ,2400,0.00
7296,エフ・シー・シー,長期,119700,
7297,カーメイト,デイトレ,400,1.30
7299,フジオーゼックス,デイトレ,800,1.30
7305,新家工業,デイトレ,400,0.00
7309,シマノ,デイトレ,2300,0.00
7309,シマノ,長期,179700,
7313,テイ・エス　テック,デイトレ,6300,0.00
7313,テイ・エス　テック,長期,277500,
7318,セレンディップ・ホールディングス,デイトレ,52500,0.90
7320,Ｓｏｌｖｖｙ,デイトレ,17900,1.30
7322,三十三フィナンシャルグループ,デイトレ,7500,0.00
7322,三十三フィナンシャルグループ,長期,274900,
7325,アイリックコーポレーション,デイトレ,500,1.30
7326,ＳＢＩインシュアランスグループ,デイトレ,18000,2.43
7327,第四北越フィナンシャルグループ,デイトレ,26700,0.00
7327,第四北越フィナンシャルグループ,長期,980100,
7337,ひろぎんホールディングス,デイトレ,12900,0.00
7337,ひろぎんホールディングス,長期,1424800,
7347,マーキュリアホールディングス,デイトレ,4400,0.00
7350,おきなわフィナンシャルグループ,デイトレ,1800,0.00
7350,おきなわフィナンシャルグループ,長期,67100,
7351,グッドパッチ,デイトレ,2500,0.62
7352,ＴＷＯＳＴＯＮＥ＆Ｓｏｎｓ,デイトレ,残数量なし,1.53
7353,ＫＩＹＯラーニング,デイトレ,3500,1.30
7354,ダイレクトマーケティングミックス,デイトレ,20900,0.00
7354,ダイレクトマーケティングミックス,長期,1900,0.02
7356,Ｒｅｔｔｙ,デイトレ,2400,0.00
7357,ジオコード,デイトレ,700,1.52
7358,ポピンズ,デイトレ,1300,2.46
7359,東京通信グループ,デイトレ,14400,0.90
7360,オンデック,デイトレ,300,0.80
7361,ヒューマンクリエイションホールディングス,デイトレ,4500,0.90
7362,Ｔ．Ｓ．Ｉ,デイトレ,400,1.30
7363,ベビーカレンダー,デイトレ,1900,1.30
7366,ＬＩＴＡＬＩＣＯ,デイトレ,1100,0.00
7366,ＬＩＴＡＬＩＣＯ,長期,22000,0.16
7367,セルム,デイトレ,3700,1.30
7368,表示灯,デイトレ,600,0.00
7369,メイホーホールディングス,デイトレ,1900,1.30
7370,Ｅｎｊｉｎ,デイトレ,4700,0.00
7371,Ｚｅｎｋｅｎ,デイトレ,8400,0.00
7373,アイドマ・ホールディングス,デイトレ,10200,0.00
7374,コンフィデンス・インターワークス,デイトレ,3200,0.90
7375,リファインバースグループ,デイトレ,5300,1.53
7376,ＢＣＣ,デイトレ,25700,1.53
7377,ＤＮホールディングス,デイトレ,700,1.54
7378,アシロ,デイトレ,900,0.00
7380,十六フィナンシャルグループ,デイトレ,7000,0.00
7380,十六フィナンシャルグループ,長期,376900,
7381,ＣＣＩグループ,デイトレ,7300,0.00
7381,ＣＣＩグループ,長期,929600,
7383,ネットプロテクションズホールディングス,デイトレ,47000,0.00
7383,ネットプロテクションズホールディングス,長期,6300,0.03
7384,プロクレアホールディングス,デイトレ,1800,0.00
7384,プロクレアホールディングス,長期,76900,
7388,ＦＰパートナー,デイトレ,2900,0.00
7389,あいちフィナンシャルグループ,デイトレ,7100,0.00
7389,あいちフィナンシャルグループ,長期,496200,
7399,ナンシン,デイトレ,400,0.35
7409,ＡｅｒｏＥｄｇｅ,デイトレ,9300,0.90
7412,アトム,デイトレ,102000,0.00
7414,小野建,デイトレ,7100,0.00
7414,小野建,長期,27100,0.11
7416,はるやまホールディングス,デイトレ,1900,0.00
7417,南陽,デイトレ,300,0.00
7419,ノジマ,デイトレ,1557900,0.00
7419,ノジマ,長期,688000,
7421,カッパ・クリエイト,デイトレ,17800,0.00
7421,カッパ・クリエイト,長期,400,0.12
7422,東邦レマック,デイトレ,1800,0.68
7425,初穂商事,デイトレ,400,0.38
7427,エコートレーディング,デイトレ,2000,1.30
7433,伯東,デイトレ,3400,0.00
7433,伯東,長期,5000,0.08
7434,オータケ,デイトレ,400,0.40
7435,ナ・デックス,デイトレ,500,0.90
7438,コンドーテック,デイトレ,100,0.00
7438,コンドーテック,長期,2200,0.07
7442,中山福,デイトレ,2000,0.00
7443,横浜魚類,デイトレ,2500,0.00
7446,東北化学薬品,デイトレ,100,0.00
7447,ナガイレーベン,デイトレ,2800,0.00
7447,ナガイレーベン,長期,30000,0.14
7453,良品計画,デイトレ,13300,0.00
7453,良品計画,長期,58000,
7456,松田産業,デイトレ,3200,0.00
7456,松田産業,長期,2000,
7458,第一興商,デイトレ,7400,0.00
7458,第一興商,長期,223200,
7459,メディパルホールディングス,デイトレ,1500,0.00
7459,メディパルホールディングス,長期,1144500,
7462,ＣＡＰＩＴＡ,デイトレ,100,0.40
7463,アドヴァングループ,デイトレ,1400,0.00
7466,ＳＰＫ,デイトレ,5400,0.00
7466,ＳＰＫ,長期,2300,0.10
7472,鳥羽洋行,デイトレ,200,3.90
7476,アズワン,デイトレ,1400,0.00
7476,アズワン,長期,8400,0.20
7480,スズデン,デイトレ,1900,0.00
7481,尾家産業,デイトレ,400,2.60
7482,シモジマ,デイトレ,2500,0.00
7482,シモジマ,長期,2000,0.07
7483,ドウシシャ,デイトレ,1500,0.00
7483,ドウシシャ,長期,103400,0.12
7486,サンリン,デイトレ,100,0.00
7487,小津産業,デイトレ,3100,0.00
7494,コナカ,デイトレ,34500,0.00
7502,プラザホールディングス,デイトレ,500,0.00
7504,高速,デイトレ,1400,0.00
7504,高速,長期,1700,0.24
7505,扶桑電通,デイトレ,2100,0.90
7506,ハウス　オブ　ローゼ,デイトレ,1400,0.00
7508,Ｇ－７ホールディングス,デイトレ,2200,0.00
7508,Ｇ－７ホールディングス,長期,36400,0.11
7510,たけびし,デイトレ,1000,0.00
7510,たけびし,長期,1000,0.19
7513,コジマ,デイトレ,4600,0.00
7514,ヒマラヤ,デイトレ,1500,0.32
7515,マルヨシセンター,デイトレ,100,0.00
7516,コーナン商事,デイトレ,13200,0.00
7516,コーナン商事,長期,90400,
7520,エコス,デイトレ,4200,0.17
7522,ワタミ,デイトレ,11900,0.00
7522,ワタミ,長期,3300,0.04
7523,アールビバン,デイトレ,1900,0.00
7524,マルシェ,デイトレ,12700,0.00
7525,リックス,デイトレ,900,0.00
7525,リックス,長期,500,0.23
7527,システムソフト,デイトレ,570800,0.18
7532,パン・パシフィック・インターナショナルホールディングス,デイトレ,319300,0.00
7532,パン・パシフィック・インターナショナルホールディングス,長期,3615700,
7537,丸文,デイトレ,8600,0.00
7538,大水,デイトレ,1100,1.30
7539,アイナボホールディングス,デイトレ,3000,0.00
7544,スリーエフ,デイトレ,1700,1.30
7545,西松屋チェーン,デイトレ,4600,0.00
7550,ゼンショーホールディングス,デイトレ,48800,0.00
7550,ゼンショーホールディングス,長期,349600,
7551,ウェッズ,デイトレ,1500,0.00
7552,ハピネット,デイトレ,7300,0.00
7552,ハピネット,長期,122700,
7554,幸楽苑,デイトレ,7900,0.00
7554,幸楽苑,長期,600,0.08
7555,大田花き,デイトレ,300,0.36
7561,ハークスレイホールディングス,デイトレ,31000,0.00
7562,安楽亭,デイトレ,2100,2.70
7564,ワークマン,デイトレ,21100,0.00
7564,ワークマン,長期,45800,0.43
7567,栄電子,デイトレ,600,0.90
7570,橋本総業ホールディングス,デイトレ,200,0.00
7575,日本ライフライン,デイトレ,5200,0.00
7575,日本ライフライン,長期,230400,
7578,ニチリョク,デイトレ,19100,0.30
7581,サイゼリヤ,デイトレ,10100,0.00
7581,サイゼリヤ,長期,163600,0.26
7585,かんなん丸,デイトレ,1700,1.30
7590,タカショー,デイトレ,14900,0.90
7593,ＶＴホールディングス,デイトレ,10300,0.00
7593,ＶＴホールディングス,長期,224600,0.02
7595,アルゴグラフィックス,デイトレ,6900,0.00
7595,アルゴグラフィックス,長期,9700,0.10
7596,魚力,デイトレ,1200,0.33
7599,ＩＤＯＭ,デイトレ,38500,0.00
7599,ＩＤＯＭ,長期,3000,0.19
7600,日本エム・ディ・エム,デイトレ,36500,1.30
7601,ポプラ,デイトレ,14400,0.90
7603,ジーイエット,デイトレ,31300,0.00
7604,梅の花グループ,デイトレ,7000,0.22
7606,ＴＡＢＡＹＡホールディングス,デイトレ,41100,0.00
7606,ＴＡＢＡＹＡホールディングス,長期,52700,
7607,進和,デイトレ,1100,0.00
7607,進和,長期,14600,0.24
7608,エスケイジャパン,デイトレ,50500,0.00
7609,ダイトロン,デイトレ,2200,0.00
7609,ダイトロン,長期,18700,0.31
7610,テイツー,デイトレ,37100,0.00
7611,ハイデイ日高,デイトレ,7200,0.00
7611,ハイデイ日高,長期,3500,0.72
7613,シークス,デイトレ,3300,0.00
7613,シークス,長期,96000,
7614,オーエムツーネットワーク,デイトレ,300,1.30
7615,京都きもの友禅ホールディングス,デイトレ,37100,0.00
7616,コロワイド,デイトレ,60200,0.00
7619,田中商事,デイトレ,300,0.00
7621,うかい,デイトレ,1600,2.70
7624,ＮａＩＴＯ,デイトレ,23700,1.30
7625,グローバルダイニング,デイトレ,15700,0.00
7628,オーハシテクニカ,デイトレ,1300,0.00
7628,オーハシテクニカ,長期,2600,0.06
7630,壱番屋,デイトレ,56300,0.90
7634,星医療酸器,デイトレ,100,5.20
7636,ハンズマン,デイトレ,600,1.03
7637,白銅,デイトレ,1600,0.00
7637,白銅,長期,800,0.23
7638,ＮＥＷ　ＡＲＴ　ＨＯＬＤＩＮＧＳ,デイトレ,1600,0.00
7643,ダイイチ,デイトレ,1900,0.90
7646,ＰＬＡＮＴ,デイトレ,400,0.90
7649,スギホールディングス,デイトレ,36800,0.00
7649,スギホールディングス,長期,663100,
7670,オーウエル,デイトレ,2200,0.90
7673,ダイコー通産,デイトレ,500,0.90
7674,ＮＡＴＴＹ　ＳＷＡＮＫＹホールディングス,デイトレ,5000,1.80
7679,薬王堂ホールディングス,デイトレ,2000,0.00
7679,薬王堂ホールディングス,長期,1600,
7683,ダブルエー,デイトレ,3100,0.90
7685,ＢｕｙＳｅｌｌ　Ｔｅｃｈｎｏｌｏｇｉｅｓ,デイトレ,6600,2.43
7685,ＢｕｙＳｅｌｌ　Ｔｅｃｈｎｏｌｏｇｉｅｓ,長期,16100,0.22
7686,ひとまいる,デイトレ,4300,0.00
7687,ミクリード,デイトレ,5300,0.90
7689,コパ・コーポレーション,デイトレ,2200,1.30
7692,アースインフィニティ,デイトレ,117200,0.00
7694,いつも,デイトレ,6600,0.90
7701,島津製作所,デイトレ,8400,0.00
7701,島津製作所,長期,763800,
7702,ジェイ・エム・エス,デイトレ,4100,0.00
7707,プレシジョン・システム・サイエンス,デイトレ,18800,0.00
7713,シグマ光機,デイトレ,1100,2.86
7715,長野計器,デイトレ,1800,0.00
7715,長野計器,長期,9900,0.35
7716,ナカニシ,デイトレ,9500,0.00
7716,ナカニシ,長期,561000,
7717,ブイ・テクノロジー,デイトレ,15900,0.00
7717,ブイ・テクノロジー,長期,9300,
7719,東京衡機,デイトレ,48000,0.43
7721,東京計器,デイトレ,7500,0.00
7721,東京計器,長期,3600,0.55
7722,国際計測器,デイトレ,700,0.90
7723,愛知時計電機,デイトレ,2400,0.00
7723,愛知時計電機,長期,1200,0.19
7725,インターアクション,デイトレ,2500,0.00
7726,黒田精工,デイトレ,400,1.30
7727,オーバル,デイトレ,2000,0.00
7729,東京精密,デイトレ,1400,0.00
7729,東京精密,長期,176300,
7730,マニー,デイトレ,22500,0.00
7730,マニー,長期,238600,
7731,ニコン,デイトレ,7000,0.00
7731,ニコン,長期,1385000,
7733,オリンパス,デイトレ,23500,0.00
7733,オリンパス,長期,136400,
7734,理研計器,デイトレ,200,0.00
7734,理研計器,長期,15000,0.29
7735,ＳＣＲＥＥＮホールディングス,デイトレ,26900,0.00
7735,ＳＣＲＥＥＮホールディングス,長期,13400,
7740,タムロン,デイトレ,42900,0.00
7740,タムロン,長期,100000,
7741,ＨＯＹＡ,デイトレ,10000,0.00
7741,ＨＯＹＡ,長期,50200,
7744,ノーリツ鋼機,デイトレ,1900,0.00
7744,ノーリツ鋼機,長期,405200,
7745,Ａ＆Ｄホロンホールディングス,デイトレ,2000,0.00
7745,Ａ＆Ｄホロンホールディングス,長期,95700,0.12
7747,朝日インテック,デイトレ,16300,0.00
7747,朝日インテック,長期,921100,
7749,メディキット,デイトレ,800,2.60
7751,キヤノン,デイトレ,15300,0.00
7751,キヤノン,長期,86600,
7752,リコー,デイトレ,19500,0.00
7752,リコー,長期,49300,
7760,ＩＭＶ,デイトレ,6800,2.43
7762,シチズン時計,デイトレ,19300,0.00
7762,シチズン時計,長期,20900,
7769,リズム,デイトレ,1100,0.00
7774,ジャパン・ティッシュエンジニアリング,デイトレ,16300,0.00
7775,大研医器,デイトレ,18800,0.55
7776,セルシード,デイトレ,63500,0.90
7777,スリー・ディー・マトリックス,デイトレ,514500,0.81
7779,ＣＹＢＥＲＤＹＮＥ,デイトレ,159700,0.00
7780,メニコン,デイトレ,6400,0.00
7780,メニコン,長期,159300,
7781,平山ホールディングス,デイトレ,3100,0.29
7782,シンシア,デイトレ,1900,0.00
7791,ドリームベッド,デイトレ,800,0.90
7792,コラントッテ,デイトレ,12500,0.90
7795,ＫＹＯＲＩＴＳＵ,デイトレ,3500,0.00
7800,アミファ,デイトレ,2300,0.90
7803,ブシロード,デイトレ,49500,0.00
7804,ビーアンドピー,デイトレ,1600,1.80
7805,プリントネット,デイトレ,300,0.00
7806,ＭＴＧ,デイトレ,4100,0.00
7806,ＭＴＧ,長期,3600,0.72
7807,幸和製作所,デイトレ,6000,1.30
7808,シー・エス・ランバー,デイトレ,200,3.45
7809,壽屋,デイトレ,6300,1.30
7810,クロスフォー,デイトレ,8300,0.90
7811,中本パックス,デイトレ,1000,0.00
7812,クレステック,デイトレ,300,0.00
7813,プラッツ,デイトレ,1100,0.90
7814,日本創発グループ,デイトレ,3200,0.00
7818,トランザクション,デイトレ,11300,0.00
7818,トランザクション,長期,39300,0.10
7819,粧美堂,デイトレ,2300,0.00
7820,ニホンフラッシュ,デイトレ,3500,0.00
7820,ニホンフラッシュ,長期,2400,0.07
7821,前田工繊,デイトレ,1900,0.00
7821,前田工繊,長期,460600,
7822,永大産業,デイトレ,2400,0.00
7823,アートネイチャー,デイトレ,2100,0.00
7826,フルヤ金属,デイトレ,7000,0.00
7826,フルヤ金属,長期,42200,
7827,オービス,デイトレ,500,0.90
7831,ウイルコホールディングス,デイトレ,13500,0.34
7832,バンダイナムコホールディングス,デイトレ,28700,0.00
7832,バンダイナムコホールディングス,長期,53200,
7833,アイフィスジャパン,デイトレ,1900,0.00
7836,アビックス,デイトレ,130200,0.18
7837,アールシーコア,デイトレ,1400,1.30
7839,ＳＨＯＥＩ,デイトレ,4500,0.00
7839,ＳＨＯＥＩ,長期,93100,
7840,フランスベッドホールディングス,デイトレ,2100,0.00
7841,遠藤製作所,デイトレ,1200,1.30
7844,マーベラス,デイトレ,18800,0.00
7844,マーベラス,長期,4200,
7846,パイロットコーポレーション,長期,439900,
7847,グラファイトデザイン,デイトレ,4700,1.30
7850,総合商研,デイトレ,300,0.00
7856,萩原工業,デイトレ,4500,0.00
7857,セキ,デイトレ,1000,0.00
7859,アルメディオ,デイトレ,13200,0.23
7860,エイベックス,デイトレ,10600,0.00
7860,エイベックス,長期,55200,
7864,フジシールインターナショナル,デイトレ,500,0.00
7864,フジシールインターナショナル,長期,370000,
7865,ピープル,デイトレ,900,1.30
7867,タカラトミー,デイトレ,21300,0.00
7867,タカラトミー,長期,198600,
7868,広済堂ホールディングス,デイトレ,120900,0.00
7870,福島印刷,デイトレ,1800,0.00
7872,エステールホールディングス,デイトレ,1400,0.22
7874,レック,デイトレ,7200,0.00
7874,レック,長期,3100,0.07
7879,ノダ,デイトレ,4700,0.90
7883,サンメッセ,デイトレ,38800,0.34
7885,タカノ,デイトレ,1500,0.90
7886,ヤマト　モビリティ　＆　Ｍｆｇ．,デイトレ,100,1.10
7887,南海プライウッド,デイトレ,3700,1.30
7888,三光合成,デイトレ,10500,0.00
7888,三光合成,長期,2600,
7893,プロネクサス,デイトレ,8100,0.00
7893,プロネクサス,長期,2500,
7896,セブン工業,デイトレ,300,0.65
7897,ホクシン,デイトレ,20800,1.12
7898,ウッドワン,デイトレ,700,0.00
7902,ソノコム,デイトレ,2600,0.00
7906,ヨネックス,デイトレ,10900,0.00
7906,ヨネックス,長期,66400,0.19
7908,きもと,デイトレ,36000,0.90
7911,ＴＯＰＰＡＮホールディングス,デイトレ,22900,0.00
7911,ＴＯＰＰＡＮホールディングス,長期,67900,
7912,大日本印刷,デイトレ,9900,0.00
7912,大日本印刷,長期,60500,
7914,共同印刷,デイトレ,2900,0.00
7914,共同印刷,長期,24400,0.14
7915,ＮＩＳＳＨＡ,デイトレ,11200,0.00
7915,ＮＩＳＳＨＡ,長期,5000,
7916,光村印刷,デイトレ,900,2.47
7917,ＺＡＣＲＯＳ,デイトレ,6400,0.00
7917,ＺＡＣＲＯＳ,長期,233600,
7918,ヴィア・ホールディングス,デイトレ,85700,1.05
7919,野崎印刷紙業,デイトレ,800,1.30
7921,ＴＡＫＡＲＡ　＆　ＣＯＭＰＡＮＹ,デイトレ,2200,0.00
7921,ＴＡＫＡＲＡ　＆　ＣＯＭＰＡＮＹ,長期,1500,0.17
7927,ムトー精工,デイトレ,1100,0.00
7928,旭化学工業,デイトレ,2600,0.55
7931,未来工業,デイトレ,3600,0.00
7931,未来工業,長期,1100,
7932,ニッピ,デイトレ,3100,10.06
7936,アシックス,デイトレ,55200,0.00
7936,アシックス,長期,655900,
7937,ツツミ,デイトレ,300,0.00
7938,リーガルコーポレーション,デイトレ,2400,1.80
7939,研創,デイトレ,800,0.38
7942,ＪＳＰ,デイトレ,1200,0.00
7942,ＪＳＰ,長期,21500,0.24
7943,ニチハ,デイトレ,100,0.00
7943,ニチハ,長期,100900,
7944,ローランド,デイトレ,2600,0.00
7944,ローランド,長期,57900,
7947,エフピコ,デイトレ,6200,0.00
7947,エフピコ,長期,202100,
7949,小松ウオール工業,デイトレ,500,0.00
7949,小松ウオール工業,長期,1800,0.18
7951,ヤマハ,デイトレ,17600,0.00
7951,ヤマハ,長期,21600,
7952,河合楽器製作所,デイトレ,100,0.00
7953,菊水化学工業,デイトレ,600,1.30
7955,クリナップ,デイトレ,3900,0.00
7955,クリナップ,長期,51500,
7956,ピジョン,デイトレ,8300,0.00
7956,ピジョン,長期,586900,
7957,フジコピアン,デイトレ,1000,2.60
7962,キングジム,デイトレ,600,0.00
7963,興研,デイトレ,400,0.00
7965,象印マホービン,デイトレ,5900,0.00
7965,象印マホービン,長期,32800,0.12
7966,リンテック,デイトレ,1800,0.00
7966,リンテック,長期,92300,0.23
7970,信越ポリマー,デイトレ,2200,0.00
7970,信越ポリマー,長期,346200,
7971,東リ,デイトレ,29600,0.00
7972,イトーキ,デイトレ,3800,0.00
7972,イトーキ,長期,158500,
7974,任天堂,デイトレ,226700,0.00
7974,任天堂,長期,175800,
7976,三菱鉛筆,デイトレ,1000,0.00
7976,三菱鉛筆,長期,60700,0.28
7979,松風,デイトレ,2100,0.00
7979,松風,長期,49900,0.15
7980,重松製作所,デイトレ,9700,0.90
7981,タカラスタンダード,デイトレ,100,0.00
7981,タカラスタンダード,長期,186000,
7983,ミロク,デイトレ,1000,1.30
7984,コクヨ,デイトレ,13400,0.00
7984,コクヨ,長期,2012700,
7986,日本アイ・エス・ケイ,デイトレ,残数量なし,5.00
7987,ナカバヤシ,デイトレ,6200,0.00
7988,ニフコ,デイトレ,3800,0.00
7988,ニフコ,長期,395000,
7989,立川ブラインド工業,デイトレ,1100,0.00
7989,立川ブラインド工業,長期,1100,0.17
7990,グローブライド,デイトレ,1400,0.00
7990,グローブライド,長期,25700,
7991,マミヤ・オーピー,デイトレ,6500,0.00
7992,セーラー万年筆,デイトレ,32700,0.13
7994,オカムラ,長期,374300,
7995,バルカー,デイトレ,800,0.00
7995,バルカー,長期,52000,
7997,くろがね工作所,デイトレ,1200,0.90
8001,伊藤忠商事,デイトレ,273400,0.00
8001,伊藤忠商事,長期,1670600,
8002,丸紅,デイトレ,76800,0.00
8002,丸紅,長期,227500,
8005,スクロール,デイトレ,10400,0.00
8005,スクロール,長期,30200,0.14
8006,ユアサ・フナショク,デイトレ,300,0.90
8007,高島,デイトレ,10300,0.00
8008,ヨンドシーホールディングス,長期,2600,0.14
8011,三陽商会,デイトレ,11900,0.00
8012,長瀬産業,デイトレ,5400,0.00
8012,長瀬産業,長期,2389700,
8013,ナイガイ,デイトレ,5600,0.90
8014,蝶理,デイトレ,500,0.00
8014,蝶理,長期,18600,
8015,豊田通商,デイトレ,54100,0.00
8015,豊田通商,長期,67200,
8016,オンワードホールディングス,デイトレ,66200,0.00
8016,オンワードホールディングス,長期,404600,0.04
8018,三共生興,デイトレ,2200,0.00
8020,兼松,デイトレ,6200,0.00
8020,兼松,長期,1399700,
8023,ＤＡＩＫＯ　ＸＴＥＣＨ,デイトレ,5400,0.00
8029,ルックホールディングス,デイトレ,100,0.00
8030,中央魚類,デイトレ,200,0.00
8031,三井物産,デイトレ,154600,0.00
8031,三井物産,長期,411900,
8032,日本紙パルプ商事,デイトレ,6100,0.00
8032,日本紙パルプ商事,長期,271900,
8035,東京エレクトロン,デイトレ,188600,0.00
8035,東京エレクトロン,長期,233300,
8037,カメイ,デイトレ,2100,0.00
8037,カメイ,長期,80600,
8039,築地魚市場,デイトレ,400,3.90
8041,ＯＵＧホールディングス,デイトレ,4000,5.20
8043,スターゼン,デイトレ,8200,0.00
8043,スターゼン,長期,62400,
8046,丸藤シートパイル,デイトレ,4300,0.00
8050,セイコーグループ,デイトレ,9900,0.00
8050,セイコーグループ,長期,421500,
8051,山善,デイトレ,2600,0.00
8051,山善,長期,190600,
8052,椿本興業,デイトレ,1000,0.00
8052,椿本興業,長期,1700,0.20
8053,住友商事,デイトレ,482300,0.00
8053,住友商事,長期,714500,
8056,ＢＩＰＲＯＧＹ,デイトレ,1400,0.00
8056,ＢＩＰＲＯＧＹ,長期,603700,
8057,内田洋行,デイトレ,800,0.00
8057,内田洋行,長期,5000,0.11
8058,三菱商事,長期,569600,
8059,第一実業,デイトレ,300,0.00
8059,第一実業,長期,3900,
8060,キヤノンマーケティングジャパン,デイトレ,2200,0.00
8060,キヤノンマーケティングジャパン,長期,543700,
8061,西華産業,デイトレ,10400,0.00
8061,西華産業,長期,59300,0.14
8065,佐藤商事,デイトレ,1800,0.00
8065,佐藤商事,長期,1600,0.14
8066,三谷商事,デイトレ,1100,0.00
8070,東京産業,デイトレ,6000,0.00
8070,東京産業,長期,2700,0.07
8071,東海エレクトロニクス,デイトレ,100,0.00
8074,ＹＵＡＳＡ,デイトレ,200,0.00
8074,ＹＵＡＳＡ,長期,69700,
8075,神鋼商事,デイトレ,1000,0.00
8075,神鋼商事,長期,25700,0.12
8076,カノークス,デイトレ,800,0.00
8077,トルク,デイトレ,3100,0.00
8078,阪和興業,デイトレ,3500,0.00
8078,阪和興業,長期,1863100,
8079,正栄食品工業,デイトレ,2100,0.00
8081,カナデン,デイトレ,100,0.00
8081,カナデン,長期,22200,0.21
8084,ＲＹＯＤＥＮ,デイトレ,1100,0.00
8084,ＲＹＯＤＥＮ,長期,4400,0.10
8085,ナラサキ産業,デイトレ,1600,5.72
8086,ニプロ,デイトレ,18500,0.00
8086,ニプロ,長期,629500,
8088,岩谷産業,デイトレ,34500,0.00
8088,岩谷産業,長期,1181700,
8093,極東貿易,デイトレ,5900,0.00
8093,極東貿易,長期,1600,0.14
8095,アステナホールディングス,デイトレ,6900,0.00
8097,三愛オブリ,長期,6700,0.19
8098,稲畑産業,デイトレ,1400,0.00
8098,稲畑産業,長期,178000,
8101,ＧＳＩクレオス,デイトレ,600,0.00
8101,ＧＳＩクレオス,長期,1600,0.16
8103,明和産業,デイトレ,11700,0.00
8103,明和産業,長期,30100,0.08
8104,クワザワホールディングス,デイトレ,3400,1.30
8111,ゴールドウイン,デイトレ,56900,0.00
8111,ゴールドウイン,長期,270500,
8113,ユニ・チャーム,デイトレ,53600,0.00
8113,ユニ・チャーム,長期,3306600,
8115,ムーンバット,デイトレ,1100,1.17
8117,中央自動車工業,長期,700,0.39
8125,ワキタ,デイトレ,1800,0.00
8125,ワキタ,長期,72600,0.15
8127,ヤマト　インターナショナル,デイトレ,100,0.00
8129,東邦ホールディングス,デイトレ,1400,2.70
8129,東邦ホールディングス,長期,142200,
8130,サンゲツ,デイトレ,4900,0.00
8130,サンゲツ,長期,203600,
8131,ミツウロコグループホールディングス,デイトレ,900,0.00
8131,ミツウロコグループホールディングス,長期,72200,
8132,シナネンホールディングス,デイトレ,200,0.00
8132,シナネンホールディングス,長期,6800,0.58
8133,伊藤忠エネクス,デイトレ,2200,0.00
8133,伊藤忠エネクス,長期,217700,
8135,ゼット,デイトレ,1100,1.30
8136,サンリオ,長期,9700,
8137,サンワテクノス,デイトレ,1600,0.00
8139,ナガホリ,デイトレ,200,1.80
8142,トーホー,長期,3300,0.10
8147,トミタ,デイトレ,300,0.90
8150,三信電気,デイトレ,1000,0.00
8150,三信電気,長期,14900,0.27
8151,東陽テクニカ,デイトレ,4000,0.00
8152,ソマール,デイトレ,2400,8.09
8153,モスフードサービス,デイトレ,14200,0.00
8153,モスフードサービス,長期,4700,0.21
8154,加賀電子,デイトレ,4400,0.00
8154,加賀電子,長期,276800,
8157,都築電気,デイトレ,1100,0.00
8157,都築電気,長期,6400,0.34
8158,ソーダニッカ,デイトレ,3800,0.00
8158,ソーダニッカ,長期,2200,0.09
8159,立花エレテック,長期,22400,0.17
8160,木曽路,デイトレ,11700,0.00
8163,ＳＲＳホールディングス,デイトレ,800,0.00
8165,千趣会,デイトレ,20600,0.00
8166,タカキュー,デイトレ,16200,0.36
8167,リテールパートナーズ,デイトレ,800,0.00
8167,リテールパートナーズ,長期,500,
8173,Ｊｏｓｈｉｎ,デイトレ,1200,0.00
8173,Ｊｏｓｈｉｎ,長期,12100,
8174,日本瓦斯,デイトレ,2300,0.00
8174,日本瓦斯,長期,516900,
8179,ロイヤルホールディングス,デイトレ,9000,0.00
8181,東天紅,デイトレ,100,1.30
8185,チヨダ,デイトレ,78800,0.00
8185,チヨダ,長期,2800,0.04
8194,ライフコーポレーション,デイトレ,2000,0.00
8194,ライフコーポレーション,長期,169500,
8198,マックスバリュ東海,デイトレ,4800,0.00
8200,リンガーハット,デイトレ,13400,0.00
8202,ラオックスホールディングス,デイトレ,50600,0.00
8203,ミスターマックス・ホールディングス,デイトレ,2300,0.00
8203,ミスターマックス・ホールディングス,長期,2700,0.04
8207,テンアライド,デイトレ,11700,0.27
8214,ＡＯＫＩホールディングス,デイトレ,12900,0.00
8214,ＡＯＫＩホールディングス,長期,35500,
8217,オークワ,デイトレ,300,0.00
8217,オークワ,長期,3900,0.03
8218,コメリ,デイトレ,900,0.00
8218,コメリ,長期,118600,
8219,青山商事,デイトレ,37900,0.00
8219,青山商事,長期,19000,
8226,理経,デイトレ,29500,0.90
8227,しまむら,デイトレ,10800,0.00
8227,しまむら,長期,100000,
8228,マルイチ産商,デイトレ,1500,0.00
8230,はせがわ,デイトレ,4100,0.00
8233,高島屋,長期,1112600,
8237,松屋,デイトレ,1800,0.00
8242,エイチ・ツー・オー　リテイリング,デイトレ,10000,0.00
8242,エイチ・ツー・オー　リテイリング,長期,281800,
8244,近鉄百貨店,デイトレ,3800,0.00
8247,大和,デイトレ,300,0.00
8252,丸井グループ,デイトレ,7600,0.00
8252,丸井グループ,長期,976900,
8253,クレディセゾン,デイトレ,11500,0.00
8253,クレディセゾン,長期,7600,
8255,アクシアル　リテイリング,デイトレ,2300,0.00
8255,アクシアル　リテイリング,長期,162800,
8260,井筒屋,デイトレ,200,0.00
8267,イオン,デイトレ,238900,0.00
8267,イオン,長期,2356300,
8273,イズミ,デイトレ,10000,0.00
8273,イズミ,長期,347600,
8275,フォーバル,デイトレ,1700,0.00
8276,平和堂,デイトレ,1400,0.00
8276,平和堂,長期,3300,0.48
8278,フジ,デイトレ,1000,0.00
8278,フジ,長期,3400,0.26
8281,ゼビオホールディングス,デイトレ,13300,0.00
8281,ゼビオホールディングス,長期,23500,0.09
8282,ケーズホールディングス,デイトレ,6600,0.00
8282,ケーズホールディングス,長期,616300,
8285,三谷産業,デイトレ,3600,0.00
8291,日産東京販売ホールディングス,デイトレ,22500,0.00
8303,ＳＢＩ新生銀行,デイトレ,401100,0.00
8303,ＳＢＩ新生銀行,長期,83800,0.12
8304,あおぞら銀行,デイトレ,28800,0.00
8304,あおぞら銀行,長期,221700,
8306,三菱ＵＦＪフィナンシャル・グループ,長期,874800,
8308,りそなホールディングス,デイトレ,103800,0.00
8308,りそなホールディングス,長期,288500,
8309,三井住友トラストグループ,デイトレ,50900,0.00
8309,三井住友トラストグループ,長期,479200,
8316,三井住友フィナンシャルグループ,デイトレ,1084300,0.00
8316,三井住友フィナンシャルグループ,長期,454700,
8331,千葉銀行,デイトレ,残数量なし,0.00
8331,千葉銀行,長期,1149400,
8334,群馬銀行,デイトレ,6300,0.00
8334,群馬銀行,長期,1223700,
8336,武蔵野銀行,デイトレ,2100,0.00
8336,武蔵野銀行,長期,242800,
8337,千葉興業銀行,デイトレ,500,0.00
8337,千葉興業銀行,長期,65300,0.22
8338,筑波銀行,デイトレ,29500,0.00
8338,筑波銀行,長期,65800,0.07
8341,七十七銀行,デイトレ,5700,0.00
8341,七十七銀行,長期,26300,0.19
8343,秋田銀行,デイトレ,8000,0.00
8344,山形銀行,デイトレ,2600,0.00
8344,山形銀行,長期,71200,0.24
8345,岩手銀行,デイトレ,4700,0.00
8345,岩手銀行,長期,191300,
8346,東邦銀行,デイトレ,18100,0.00
8346,東邦銀行,長期,862700,
8349,東北銀行,デイトレ,1700,0.00
8354,ふくおかフィナンシャルグループ,デイトレ,9000,0.00
8354,ふくおかフィナンシャルグループ,長期,21200,
8358,スルガ銀行,デイトレ,19700,0.00
8358,スルガ銀行,長期,876000,
8359,八十二長野銀行,デイトレ,5400,0.00
8359,八十二長野銀行,長期,1217700,
8360,山梨中央銀行,デイトレ,6500,0.00
8360,山梨中央銀行,長期,15100,
8361,大垣共立銀行,デイトレ,5900,0.00
8361,大垣共立銀行,長期,80700,
8362,福井銀行,デイトレ,1400,0.00
8362,福井銀行,長期,53300,
8364,清水銀行,デイトレ,400,0.00
8364,清水銀行,長期,1000,0.17
8365,富山銀行,デイトレ,3600,0.00
8366,滋賀銀行,デイトレ,1400,0.00
8366,滋賀銀行,長期,897500,
8367,南都銀行,デイトレ,13100,0.00
8367,南都銀行,長期,795000,
8368,百五銀行,デイトレ,5600,0.00
8368,百五銀行,長期,1380500,
8370,紀陽銀行,デイトレ,2300,0.00
8370,紀陽銀行,長期,146500,
8377,ほくほくフィナンシャルグループ,デイトレ,54700,0.00
8377,ほくほくフィナンシャルグループ,長期,415600,
8381,山陰合同銀行,デイトレ,5000,0.00
8381,山陰合同銀行,長期,818200,
8383,鳥取銀行,デイトレ,7900,0.00
8386,百十四銀行,デイトレ,6500,0.00
8386,百十四銀行,長期,471600,
8387,四国銀行,デイトレ,3600,0.00
8387,四国銀行,長期,125200,
8388,阿波銀行,デイトレ,14000,0.00
8388,阿波銀行,長期,84000,
8392,大分銀行,デイトレ,4200,0.00
8392,大分銀行,長期,324600,
8393,宮崎銀行,デイトレ,46700,0.00
8393,宮崎銀行,長期,244500,
8395,佐賀銀行,デイトレ,400,0.00
8395,佐賀銀行,長期,32300,0.64
8399,琉球銀行,デイトレ,2200,0.00
8399,琉球銀行,長期,139400,
8410,セブン銀行,デイトレ,147300,0.00
8410,セブン銀行,長期,2683800,
8411,みずほフィナンシャルグループ,デイトレ,275600,0.00
8411,みずほフィナンシャルグループ,長期,385900,
8418,山口フィナンシャルグループ,デイトレ,4700,0.00
8418,山口フィナンシャルグループ,長期,1042100,
8421,信金中央金庫,デイトレ,56,0.00
8424,芙蓉総合リース,デイトレ,1900,0.00
8424,芙蓉総合リース,長期,401300,
8425,みずほリース,デイトレ,31500,0.00
8425,みずほリース,長期,860800,
8439,東京センチュリー,デイトレ,8100,0.00
8439,東京センチュリー,長期,1203800,
8473,ＳＢＩホールディングス,デイトレ,138000,0.00
8473,ＳＢＩホールディングス,長期,1131100,
8508,Ｊトラスト,デイトレ,71900,0.00
8508,Ｊトラスト,長期,16100,0.07
8511,日本証券金融,デイトレ,10500,0.00
8511,日本証券金融,長期,364100,
8518,日本アジア投資,デイトレ,18900,1.30
8522,名古屋銀行,デイトレ,1400,0.00
8522,名古屋銀行,長期,180700,
8524,北洋銀行,デイトレ,34800,0.00
8524,北洋銀行,長期,2126900,
8537,大光銀行,デイトレ,7600,0.00
8541,愛媛銀行,デイトレ,2900,0.00
8541,愛媛銀行,長期,70900,
8542,トマト銀行,デイトレ,13200,0.00
8544,京葉銀行,デイトレ,1800,0.00
8544,京葉銀行,長期,267500,
8550,栃木銀行,デイトレ,11200,0.00
8550,栃木銀行,長期,356700,
8551,北日本銀行,デイトレ,2000,0.00
8551,北日本銀行,長期,2300,0.11
8558,東和銀行,デイトレ,5100,0.00
8558,東和銀行,長期,55700,
8562,福島銀行,デイトレ,4900,0.00
8563,大東銀行,デイトレ,5300,0.00
8566,リコーリース,デイトレ,2800,0.00
8566,リコーリース,長期,40700,
8570,イオンフィナンシャルサービス,デイトレ,39500,0.00
8570,イオンフィナンシャルサービス,長期,15800,0.06
8585,オリエントコーポレーション,デイトレ,87000,0.00
8585,オリエントコーポレーション,長期,180700,
8591,オリックス,デイトレ,144300,0.00
8591,オリックス,長期,490100,
8593,三菱ＨＣキャピタル,長期,2270600,
8595,ＪＡＦＣＯ,デイトレ,6500,0.00
8595,ＪＡＦＣＯ,長期,50800,0.18
8596,九州リースサービス,デイトレ,6700,0.00
8600,トモニホールディングス,デイトレ,4300,0.00
8600,トモニホールディングス,長期,20900,0.06
8601,大和証券グループ本社,デイトレ,70900,0.00
8601,大和証券グループ本社,長期,1713300,
8604,野村ホールディングス,デイトレ,315500,0.00
8604,野村ホールディングス,長期,1982200,
8609,岡三証券グループ,デイトレ,1200,0.00
8609,岡三証券グループ,長期,722000,
8613,丸三証券,デイトレ,13300,0.00
8613,丸三証券,長期,102300,
8614,東洋証券,デイトレ,23400,0.00
8616,東海東京フィナンシャル・ホールディングス,デイトレ,400,0.00
8616,東海東京フィナンシャル・ホールディングス,長期,31400,0.04
8617,光世証券,デイトレ,7600,0.00
8622,水戸証券,デイトレ,11500,0.00
8622,水戸証券,長期,7200,
8624,いちよし証券,デイトレ,1000,0.00
8624,いちよし証券,長期,27000,0.13
8628,松井証券,デイトレ,7600,0.00
8630,ＳＯＭＰＯホールディングス,デイトレ,31600,0.00
8630,ＳＯＭＰＯホールディングス,長期,484100,
8697,日本取引所グループ,長期,149800,
8698,マネックスグループ,デイトレ,143200,0.00
8698,マネックスグループ,長期,355100,
8699,ＨＳホールディングス,デイトレ,61600,0.00
8700,丸八証券,デイトレ,200,1.80
8704,トレイダーズホールディングス,デイトレ,6400,0.00
8705,日産証券グループ,デイトレ,11500,0.00
8706,極東証券,デイトレ,11100,0.00
8707,岩井コスモホールディングス,デイトレ,3000,0.00
8707,岩井コスモホールディングス,長期,61200,
8708,アイザワ証券グループ,長期,2300,0.07
8713,フィデアホールディングス,デイトレ,2700,0.00
8713,フィデアホールディングス,長期,23600,0.21
8714,池田泉州ホールディングス,デイトレ,15500,0.00
8714,池田泉州ホールディングス,長期,1283000,
8715,アニコム　ホールディングス,デイトレ,5100,0.00
8715,アニコム　ホールディングス,長期,128800,
8725,ＭＳ＆ＡＤインシュアランスグループホールディングス,デイトレ,94500,0.00
8725,ＭＳ＆ＡＤインシュアランスグループホールディングス,長期,168400,
8729,ソニーフィナンシャルグループ,デイトレ,2523000,0.00
8729,ソニーフィナンシャルグループ,長期,20328300,
8737,あかつき本社,デイトレ,14300,0.90
8739,スパークス・グループ,デイトレ,2300,0.00
8739,スパークス・グループ,長期,16300,0.25
8746,ｕｎｂａｎｋｅｄ,デイトレ,14700,0.40
8747,豊トラスティ証券,デイトレ,2100,1.89
8750,第一ライフグループ,デイトレ,92300,0.00
8750,第一ライフグループ,長期,1731200,
8766,東京海上ホールディングス,デイトレ,1392700,0.00
8769,アドバンテッジリスクマネジメント,デイトレ,19400,0.00
8771,イー・ギャランティ,デイトレ,2900,0.00
8771,イー・ギャランティ,長期,70300,
8772,アサックス,デイトレ,1700,1.30
8789,フィンテック　グローバル,デイトレ,89000,0.00
8793,ＮＥＣキャピタルソリューション,デイトレ,800,0.00
8793,ＮＥＣキャピタルソリューション,長期,9000,0.32
8795,Ｔ＆Ｄホールディングス,デイトレ,3300,0.00
8795,Ｔ＆Ｄホールディングス,長期,65900,
8798,アドバンスクリエイト,デイトレ,29400,0.38
8801,三井不動産,デイトレ,142900,0.00
8801,三井不動産,長期,2055600,
8802,三菱地所,デイトレ,25700,0.00
8802,三菱地所,長期,168600,
8803,平和不動産,デイトレ,3000,0.00
8803,平和不動産,長期,163400,
8804,東京建物,デイトレ,1800,0.00
8804,東京建物,長期,20300,
8818,京阪神ビルディング,デイトレ,7500,0.00
8818,京阪神ビルディング,長期,8600,0.13
8830,住友不動産,デイトレ,22600,0.00
8830,住友不動産,長期,79600,
8835,太平洋興発,デイトレ,900,0.00
8836,ＲＩＳＥ,デイトレ,67600,0.26
8841,テーオーシー,デイトレ,3200,0.00
8841,テーオーシー,長期,8800,0.08
8844,コスモスイニシア,デイトレ,8100,0.00
8850,スターツコーポレーション,デイトレ,600,0.00
8850,スターツコーポレーション,長期,109500,
8860,フジ住宅,デイトレ,3200,0.00
8860,フジ住宅,長期,3400,0.08
8864,空港施設,デイトレ,5700,0.00
8864,空港施設,長期,33300,0.08
8869,明和地所,デイトレ,6300,0.00
8871,ゴールドクレスト,デイトレ,1200,0.00
8871,ゴールドクレスト,長期,37900,
8876,リログループ,デイトレ,6500,0.00
8876,リログループ,長期,776800,
8877,エスリード,デイトレ,2600,0.00
8877,エスリード,長期,10100,0.39
8881,日神グループホールディングス,デイトレ,6500,0.00
8881,日神グループホールディングス,長期,4200,0.03
8887,シーラホールディングス,デイトレ,22800,0.00
8891,ＡＭＧホールディングス,デイトレ,1100,0.00
8892,エスコン,デイトレ,8300,0.00
8892,エスコン,長期,49200,0.09
8894,ＲＥＶＯＬＵＴＩＯＮ,デイトレ,128100,0.00
8897,ＭＩＲＡＲＴＨホールディングス,デイトレ,21800,0.00
8897,ＭＩＲＡＲＴＨホールディングス,長期,16000,0.05
8898,センチュリー２１・ジャパン,デイトレ,2400,1.46
8904,ＡＶＡＮＴＩＡ,デイトレ,6400,1.30
8908,毎日コムネット,デイトレ,1500,0.00
8912,エリアクエスト,デイトレ,23000,0.90
8914,エリアリンク,デイトレ,70800,0.00
8917,ファースト住建,デイトレ,7000,0.00
8918,ランド,デイトレ,824400,0.11
8919,カチタス,デイトレ,5400,0.00
8919,カチタス,長期,481400,
8920,東祥,デイトレ,11700,0.00
8923,トーセイ,デイトレ,12900,0.00
8923,トーセイ,長期,255200,
8927,明豊エンタープライズ,デイトレ,11500,0.00
8928,穴吹興産,デイトレ,2000,0.00
8929,青山財産ネットワークス,デイトレ,7800,0.90
8931,和田興産,デイトレ,11000,0.00
8934,サンフロンティア不動産,デイトレ,3900,0.00
8934,サンフロンティア不動産,長期,110400,
8935,ＦＪネクストホールディングス,デイトレ,2100,0.00
8935,ＦＪネクストホールディングス,長期,19800,0.15
8944,ランドビジネス,デイトレ,2700,0.90
8945,サンネクスタグループ,デイトレ,7500,0.90
8946,ＡＳＩＡＮ　ＳＴＡＲ,デイトレ,71400,0.27
8951,日本ビルファンド投資法人,デイトレ,23,0.00
8951,日本ビルファンド投資法人,長期,24399,
8952,ジャパンリアルエステイト投資法人,デイトレ,95,0.00
8952,ジャパンリアルエステイト投資法人,長期,26600,
8953,日本都市ファンド投資法人,デイトレ,716,0.00
8953,日本都市ファンド投資法人,長期,27800,4.00
8954,オリックス不動産投資法人,デイトレ,165,0.00
8954,オリックス不動産投資法人,長期,32300,
8955,日本プライムリアルティ投資法人,デイトレ,19,0.00
8955,日本プライムリアルティ投資法人,長期,25000,
8956,ＮＴＴ都市開発リート投資法人,デイトレ,119,0.00
8956,ＮＴＴ都市開発リート投資法人,長期,6700,
8957,東急リアル・エステート投資法人,長期,2200,
8958,グローバル・ワン不動産投資法人,デイトレ,77,0.00
8958,グローバル・ワン不動産投資法人,長期,4700,
8960,ユナイテッド・アーバン投資法人,デイトレ,37,0.00
8960,ユナイテッド・アーバン投資法人,長期,16500,
8961,森トラストリート投資法人,デイトレ,315,0.00
8961,森トラストリート投資法人,長期,8200,
8963,インヴィンシブル投資法人,デイトレ,1898,0.00
8963,インヴィンシブル投資法人,長期,47700,
8964,三井不動産商業ファンド投資法人,デイトレ,224,0.00
8964,三井不動産商業ファンド投資法人,長期,15799,
8966,平和不動産リート投資法人,デイトレ,130,0.00
8966,平和不動産リート投資法人,長期,4000,
8967,日本ロジスティクスファンド投資法人,デイトレ,17,0.00
8967,日本ロジスティクスファンド投資法人,長期,11500,
8968,福岡リート投資法人,デイトレ,125,0.00
8968,福岡リート投資法人,長期,2500,
8972,ＫＤＸ不動産投資法人,デイトレ,303,0.00
8972,ＫＤＸ不動産投資法人,長期,20600,
8975,いちごオフィスリート投資法人,デイトレ,337,0.00
8975,いちごオフィスリート投資法人,長期,3229,
8976,大和証券オフィス投資法人,デイトレ,2,0.00
8976,大和証券オフィス投資法人,長期,2600,
8977,阪急阪神リート投資法人,デイトレ,106,0.00
8979,スターツプロシード投資法人,デイトレ,41,227.00
8979,スターツプロシード投資法人,長期,300,14.00
8984,大和ハウスリート投資法人,デイトレ,117,0.00
8984,大和ハウスリート投資法人,長期,25496,
8985,ジャパン・ホテル・リート投資法人,デイトレ,1404,0.00
8985,ジャパン・ホテル・リート投資法人,長期,40600,
8986,大和証券リビング投資法人,デイトレ,179,0.00
8986,大和証券リビング投資法人,長期,6107,
8987,ジャパンエクセレント投資法人,デイトレ,12,0.00
8987,ジャパンエクセレント投資法人,長期,6600,
8996,ハウスフリーダム,デイトレ,1400,0.00
8999,グランディハウス,デイトレ,8700,0.00
8999,グランディハウス,長期,2100,0.04
9001,東武鉄道,デイトレ,27800,0.00
9001,東武鉄道,長期,27100,
9003,相鉄ホールディングス,デイトレ,19300,0.00
9003,相鉄ホールディングス,長期,161300,
9005,東急,デイトレ,116400,0.00
9005,東急,長期,73900,
9006,京浜急行電鉄,デイトレ,38200,0.00
9006,京浜急行電鉄,長期,477800,
9007,小田急電鉄,デイトレ,12700,0.00
9007,小田急電鉄,長期,23600,
9008,京王電鉄,デイトレ,66200,0.00
9008,京王電鉄,長期,64500,
9009,京成電鉄,デイトレ,12400,0.00
9009,京成電鉄,長期,29500,
9010,富士急行,デイトレ,2500,0.00
9010,富士急行,長期,300,0.65
9012,秩父鉄道,デイトレ,400,0.00
9017,新潟交通,デイトレ,600,0.00
9020,東日本旅客鉄道,デイトレ,56100,0.00
9020,東日本旅客鉄道,長期,899500,
9021,西日本旅客鉄道,デイトレ,628800,0.00
9021,西日本旅客鉄道,長期,997200,
9022,東海旅客鉄道,デイトレ,43300,0.00
9022,東海旅客鉄道,長期,860800,
9023,東京地下鉄,デイトレ,114200,0.00
9023,東京地下鉄,長期,42400,0.12
9024,西武ホールディングス,デイトレ,27100,0.00
9024,西武ホールディングス,長期,29200,
9025,鴻池運輸,長期,154100,
9028,ゼロ,デイトレ,1200,0.00
9029,ヒガシホールディングス,デイトレ,2100,0.90
9031,西日本鉄道,デイトレ,2200,0.00
9031,西日本鉄道,長期,141300,
9036,東部ネットワーク,デイトレ,100,1.53
9037,ハマキョウレックス,デイトレ,600,0.00
9037,ハマキョウレックス,長期,237300,
9039,サカイ引越センター,デイトレ,900,0.00
9039,サカイ引越センター,長期,29200,
9041,近鉄グループホールディングス,デイトレ,11500,0.00
9041,近鉄グループホールディングス,長期,559100,
9042,阪急阪神ホールディングス,デイトレ,8900,0.00
9042,阪急阪神ホールディングス,長期,662300,
9044,ＮＡＮＫＡＩ,デイトレ,7500,0.00
9044,ＮＡＮＫＡＩ,長期,319900,
9045,京阪ホールディングス,デイトレ,11300,0.00
9045,京阪ホールディングス,長期,327900,
9046,神戸電鉄,デイトレ,1300,1.80
9048,名古屋鉄道,デイトレ,69300,0.00
9048,名古屋鉄道,長期,492300,
9051,センコン物流,デイトレ,1700,0.00
9052,山陽電気鉄道,デイトレ,2400,0.00
9057,遠州トラック,デイトレ,5100,3.50
9059,カンダホールディングス,デイトレ,1100,0.00
9060,日本ロジテム,デイトレ,200,5.44
9063,岡山県貨物運送,デイトレ,200,0.15
9064,ヤマトホールディングス,デイトレ,12300,0.00
9064,ヤマトホールディングス,長期,34000,
9065,山九,デイトレ,5800,0.00
9065,山九,長期,247000,
9068,丸全昭和運輸,デイトレ,700,0.00
9068,丸全昭和運輸,長期,3300,
9069,センコーグループホールディングス,デイトレ,1600,0.00
9069,センコーグループホールディングス,長期,777600,
9072,ニッコンホールディングス,デイトレ,1700,0.00
9074,日本石油輸送,デイトレ,200,0.00
9075,福山通運,長期,90000,
9076,セイノーホールディングス,デイトレ,1100,0.00
9076,セイノーホールディングス,長期,784800,
9081,神奈川中央交通,デイトレ,4000,0.00
9082,大和自動車交通,デイトレ,1500,3.15
9083,神姫バス,デイトレ,500,0.90
9090,ＡＺ－ＣＯＭ丸和ホールディングス,デイトレ,4300,0.00
9101,日本郵船,デイトレ,47900,0.00
9101,日本郵船,長期,150000,
9104,商船三井,デイトレ,61600,0.00
9104,商船三井,長期,578300,
9107,川崎汽船,デイトレ,60500,0.00
9107,川崎汽船,長期,55000,
9115,明海グループ,デイトレ,1300,0.90
9119,飯野海運,デイトレ,4900,0.00
9119,飯野海運,長期,206200,
9127,玉井商船,デイトレ,300,4.63
9130,共栄タンカー,デイトレ,4500,1.30
9142,九州旅客鉄道,デイトレ,32500,0.00
9142,九州旅客鉄道,長期,886100,
9143,ＳＧホールディングス,デイトレ,9400,0.00
9143,ＳＧホールディングス,長期,46000,
9147,ＮＩＰＰＯＮ　ＥＸＰＲＥＳＳ　ホールディングス,デイトレ,4900,0.00
9147,ＮＩＰＰＯＮ　ＥＸＰＲＥＳＳ　ホールディングス,長期,28900,
9158,シーユーシー,デイトレ,18600,0.00
9159,Ｗ　ＴＯＫＹＯ,デイトレ,800,0.90
9160,オンザページ,デイトレ,4600,0.00
9162,ブリーチ,デイトレ,9600,1.30
9163,ナレルグループ,デイトレ,6300,2.20
9165,クオルテック,デイトレ,1200,1.10
9166,ＧＥＮＤＡ,デイトレ,72700,0.00
9168,ライズ・コンサルティング・グループ,デイトレ,37900,0.90
9171,栗林商船,デイトレ,300,0.90
9173,東海汽船,デイトレ,500,2.60
9201,日本航空,デイトレ,71500,0.00
9202,ＡＮＡホールディングス,デイトレ,142000,0.00
9204,スカイマーク,デイトレ,135000,0.90
9206,スターフライヤー,デイトレ,3300,2.47
9211,エフ・コード,デイトレ,7900,0.90
9212,Ｇｒｅｅｎ　Ｅａｒｔｈ　Ｉｎｓｔｉｔｕｔｅ,デイトレ,24200,0.90
9215,ＣａＳｙ,デイトレ,1100,1.30
9216,ビーウィズ,デイトレ,4400,0.00
9218,メンタルヘルステクノロジーズ,デイトレ,2200,0.00
9219,ギックス,デイトレ,2200,0.00
9220,エフビー介護サービス,デイトレ,500,0.90
9221,フルハシＥＰＯ,デイトレ,1800,0.90
9227,ＭＷＣＣ,デイトレ,32100,0.00
9229,サンウェルズ,デイトレ,74500,0.15
9233,アジア航測,デイトレ,2200,0.00
9236,ジャパンＭ＆Ａソリューション,デイトレ,200,1.30
9237,笑美面,デイトレ,200,1.30
9238,バリュークリエーション,デイトレ,3900,0.90
9244,デジタリフト,デイトレ,1800,1.41
9247,ＴＲＥホールディングス,デイトレ,2200,0.00
9247,ＴＲＥホールディングス,長期,101500,
9248,人・夢・技術グループ,デイトレ,200,1.10
9251,ＡＢ＆Ｃｏｍｐａｎｙ,デイトレ,2300,0.90
9252,ラストワンマイル,デイトレ,500,5.58
9254,ラバブルマーケティンググループ,デイトレ,100,1.30
9258,ＣＳ－Ｃ,デイトレ,300,1.30
9259,タカヨシホールディングス,デイトレ,10800,1.30
9262,シルバーライフ,デイトレ,2000,0.00
9264,ポエック,デイトレ,100,0.00
9267,Ｇｅｎｋｙ　ＤｒｕｇＳｔｏｒｅｓ,デイトレ,1600,0.00
9267,Ｇｅｎｋｙ　ＤｒｕｇＳｔｏｒｅｓ,長期,11400,0.28
9268,オプティマスグループ,デイトレ,9200,0.00
9270,バリュエンスホールディングス,デイトレ,13300,0.00
9271,和心,デイトレ,2700,0.90
9272,ブティックス,デイトレ,6000,1.30
9273,コーア商事ホールディングス,デイトレ,14000,0.00
9274,ＫＰＰグループホールディングス,デイトレ,2300,0.00
9274,ＫＰＰグループホールディングス,長期,62500,
9278,ブックオフグループホールディングス,デイトレ,1400,0.00
9279,ギフトホールディングス,デイトレ,27500,0.00
9282,いちごグリーンインフラ投資法人,デイトレ,184,24.00
9284,カナディアン・ソーラー・インフラ投資法人,デイトレ,58,0.00
9285,東京インフラ・エネルギー投資法人,デイトレ,116,33.00
9286,エネクス・インフラ投資法人,デイトレ,314,0.00
9301,三菱倉庫,デイトレ,12700,0.00
9301,三菱倉庫,長期,1794000,
9302,三井倉庫ホールディングス,デイトレ,3300,0.00
9302,三井倉庫ホールディングス,長期,154000,
9303,住友倉庫,デイトレ,1400,0.00
9303,住友倉庫,長期,261500,
9304,澁澤倉庫,デイトレ,3500,0.00
9304,澁澤倉庫,長期,3800,0.11
9305,ヤマタネ,デイトレ,1400,2.60
9307,杉村倉庫,デイトレ,3600,0.00
9308,乾汽船,デイトレ,900,0.00
9310,日本トランスシティ,長期,108800,
9312,ケイヒン,デイトレ,1400,0.00
9319,中央倉庫,長期,1300,0.11
9322,川西倉庫,デイトレ,600,2.08
9324,安田倉庫,デイトレ,800,0.00
9324,安田倉庫,長期,1700,0.14
9325,ファイズホールディングス,デイトレ,6900,1.10
9326,関通ホールディングス,デイトレ,1700,0.90
9330,揚羽,デイトレ,100,1.30
9331,キャスター,デイトレ,1200,1.30
9332,ＮＩＳＳＯホールディングス,デイトレ,1600,0.00
9336,大栄環境,デイトレ,1000,0.00
9336,大栄環境,長期,260800,
9337,トリドリ,デイトレ,1200,0.90
9339,コーチ・エィ,デイトレ,200,1.30
9340,アソインターナショナル,デイトレ,1600,1.30
9341,ＧＥＮＯＶＡ,デイトレ,5300,0.90
9342,スマサポ,デイトレ,300,0.90
9343,アイビス,デイトレ,1700,0.90
9344,アクシスコンサルティング,デイトレ,300,1.10
9345,ビズメイツ,デイトレ,300,1.30
9346,ココルポート,デイトレ,900,1.65
9347,日本管財ホールディングス,デイトレ,2000,0.00
9347,日本管財ホールディングス,長期,2900,0.13
9348,ｉｓｐａｃｅ,デイトレ,145700,0.81
9363,大運,デイトレ,200,0.90
9364,上組,デイトレ,5100,0.00
9364,上組,長期,622200,
9365,トレーディア,デイトレ,100,1.30
9366,サンリツ,デイトレ,2500,0.00
9367,大東港運,デイトレ,800,1.80
9368,キムラユニティー,デイトレ,5400,0.00
9369,キユーソー流通システム,デイトレ,1900,0.00
9376,ユーラシア旅行社,デイトレ,1000,0.00
9380,東海運,デイトレ,6300,0.00
9381,エーアイテイー,デイトレ,3100,2.60
9381,エーアイテイー,長期,1700,0.09
9385,ショーエイコーポレーション,デイトレ,5300,0.00
9401,ＴＢＳホールディングス,デイトレ,1200,0.00
9401,ＴＢＳホールディングス,長期,215900,
9402,中部日本放送,デイトレ,9200,0.00
9404,日本テレビホールディングス,デイトレ,2500,0.00
9404,日本テレビホールディングス,長期,427800,
9405,朝日放送グループホールディングス,デイトレ,5200,0.00
9409,テレビ朝日ホールディングス,デイトレ,2000,0.00
9409,テレビ朝日ホールディングス,長期,75600,
9412,スカパーＪＳＡＴ,デイトレ,110200,0.00
9412,スカパーＪＳＡＴ,長期,480000,
9413,テレビ東京ホールディングス,デイトレ,3000,0.00
9413,テレビ東京ホールディングス,長期,1300,0.17
9414,日本ＢＳ放送,デイトレ,14600,0.00
9416,ビジョン,デイトレ,1500,0.00
9416,ビジョン,長期,103600,0.04
9417,スマートバリュー,デイトレ,2400,0.00
9418,Ｕ－ＮＥＸＴ　ＨＯＬＤＩＮＧＳ,デイトレ,5700,0.00
9419,ワイヤレスゲート,デイトレ,15200,0.90
9421,エヌジェイホールディングス,デイトレ,800,0.26
9423,フォーバル・リアルストレート,デイトレ,21600,0.00
9424,日本通信,デイトレ,159300,0.00
9424,日本通信,長期,23300,
9425,ＲｅＹｕｕ　Ｊａｐａｎ,デイトレ,6200,0.90
9432,ＮＴＴ,デイトレ,5326100,0.00
9432,ＮＴＴ,長期,21466700,
9433,ＫＤＤＩ,長期,388000,
9434,ソフトバンク,デイトレ,1590600,0.00
9434,ソフトバンク,長期,4473700,
9435,光通信,デイトレ,1600,0.00
9435,光通信,長期,84700,
9436,沖縄セルラー電話,デイトレ,8000,0.00
9436,沖縄セルラー電話,長期,97900,0.31
9438,エムティーアイ,デイトレ,2700,0.00
9438,エムティーアイ,長期,1800,0.05
9439,エム・エイチ・グループ,デイトレ,900,0.90
9441,ベルパーク,デイトレ,800,0.00
9444,トーシンホールディングス,デイトレ,11500,0.18
9445,フォーバルテレコム,デイトレ,1400,0.00
9446,サカイホールディングス,デイトレ,1200,0.90
9449,ＧＭＯインターネットグループ,デイトレ,6500,0.00
9449,ＧＭＯインターネットグループ,長期,384400,
9450,ファイバーゲート,デイトレ,3300,0.00
9466,アイドママーケティングコミュニケーション,デイトレ,10500,0.00
9467,アルファポリス,デイトレ,8300,0.00
9468,ＫＡＤＯＫＡＷＡ,デイトレ,8000,0.00
9468,ＫＡＤＯＫＡＷＡ,長期,356900,0.29
9470,学研ホールディングス,デイトレ,7400,0.00
9470,学研ホールディングス,長期,4800,
9474,ゼンリン,デイトレ,43000,0.00
9474,ゼンリン,長期,2300,
9475,昭文社ホールディングス,デイトレ,2300,0.90
9478,ＳＥホールディングス・アンド・インキュベーションズ,デイトレ,5400,1.30
9501,東京電力ホールディングス,デイトレ,1775600,0.00
9501,東京電力ホールディングス,長期,6331900,
9502,中部電力,デイトレ,27800,0.00
9502,中部電力,長期,1050600,
9503,関西電力,デイトレ,61500,0.00
9503,関西電力,長期,1380000,
9504,中国電力,デイトレ,70100,0.00
9504,中国電力,長期,1260200,
9505,北陸電力,デイトレ,78200,0.00
9505,北陸電力,長期,791700,
9506,東北電力,デイトレ,88200,0.00
9506,東北電力,長期,2633200,
9507,四国電力,デイトレ,10400,0.00
9507,四国電力,長期,1072600,
9509,北海道電力,デイトレ,197600,0.00
9511,沖縄電力,デイトレ,4000,0.00
9511,沖縄電力,長期,6700,0.09
9513,電源開発,デイトレ,84000,0.00
9513,電源開発,長期,877200,
9514,エフオン,デイトレ,12800,0.90
9517,イーレックス,デイトレ,10100,0.00
9519,レノバ,デイトレ,250100,0.00
9519,レノバ,長期,58500,0.07
9531,東京瓦斯,デイトレ,8100,0.00
9531,東京瓦斯,長期,48500,
9532,大阪瓦斯,デイトレ,10000,0.00
9532,大阪瓦斯,長期,47800,
9533,東邦瓦斯,デイトレ,10100,0.00
9533,東邦瓦斯,長期,1777900,
9534,北海道瓦斯,デイトレ,16000,0.00
9534,北海道瓦斯,長期,165800,0.08
9535,広島ガス,デイトレ,4400,0.00
9535,広島ガス,長期,5700,0.03
9536,西部ガスホールディングス,デイトレ,500,0.00
9536,西部ガスホールディングス,長期,5500,0.19
9539,京葉瓦斯,デイトレ,1200,0.22
9543,静岡ガス,デイトレ,1500,0.00
9543,静岡ガス,長期,134100,
9551,メタウォーター,デイトレ,2600,0.00
9551,メタウォーター,長期,264600,0.26
9552,クオンツ総研ホールディングス,デイトレ,8100,0.00
9553,マイクロアド,デイトレ,11800,0.00
9554,ＡＶｉＣ,デイトレ,100,0.90
9556,ＩＮＴＬＯＯＰ,デイトレ,4600,1.80
9557,エアークローゼット,デイトレ,6500,1.30
9558,ジャパニアス,デイトレ,900,1.80
9561,グラッドキューブ,デイトレ,100,0.90
9562,ビジネスコーチ,デイトレ,1100,1.30
9563,Ａｔｌａｓ　Ｔｅｃｈｎｏｌｏｇｉｅｓ,デイトレ,3300,1.30
9564,ＦＣＥ,デイトレ,2400,0.90
9565,ＧＬＯＥ,デイトレ,600,0.90
9601,松竹,デイトレ,3100,0.00
9602,東宝,デイトレ,30000,0.00
9602,東宝,長期,1693400,
9603,エイチ・アイ・エス,デイトレ,105300,0.00
9603,エイチ・アイ・エス,長期,65200,0.05
9605,東映,デイトレ,800,0.00
9605,東映,長期,106100,
9612,ラックランド,デイトレ,2000,1.60
9616,共立メンテナンス,デイトレ,23500,0.00
9616,共立メンテナンス,長期,23700,0.26
9619,イチネンホールディングス,デイトレ,1400,0.00
9619,イチネンホールディングス,長期,19600,0.21
9621,建設技術研究所,デイトレ,1300,0.00
9621,建設技術研究所,長期,51800,
9622,スペース,デイトレ,2000,0.00
9622,スペース,長期,1900,0.06
9625,セレスポ,デイトレ,5000,1.30
9627,アインホールディングス,デイトレ,1800,5.97
9627,アインホールディングス,長期,109000,
9628,燦ホールディングス,デイトレ,2200,0.00
9628,燦ホールディングス,長期,2300,0.11
9629,ピー・シー・エー,デイトレ,2500,1.30
9632,スバル興業,デイトレ,1900,5.20
9633,東京テアトル,デイトレ,5300,0.00
9635,武蔵野興業,デイトレ,300,2.60
9636,きんえい,デイトレ,100,5.52
9639,三協フロンテア,デイトレ,20100,2.60
9640,セゾンテクノロジー,デイトレ,500,2.12
9644,タナベコンサルティンググループ,デイトレ,2700,0.00
9651,日本プロセス,デイトレ,4000,1.30
9656,グリーンランドリゾート,デイトレ,700,1.30
9658,ビジネスブレイン太田昭和,デイトレ,1900,1.30
9658,ビジネスブレイン太田昭和,長期,3000,0.08
9661,歌舞伎座,デイトレ,5200,0.48
9663,ナガワ,デイトレ,400,0.00
9664,御園座,デイトレ,900,0.00
9672,東京都競馬,デイトレ,1700,0.00
9672,東京都競馬,長期,57100,0.38
9678,カナモト,デイトレ,1200,0.00
9678,カナモト,長期,142300,
9682,ＤＴＳ,デイトレ,23500,0.00
9682,ＤＴＳ,長期,816700,
9684,スクウェア・エニックス・ホールディングス,デイトレ,8200,0.00
9684,スクウェア・エニックス・ホールディングス,長期,39300,
9685,ＫＹＣＯＭホールディングス,デイトレ,200,1.30
9686,東洋テック,デイトレ,900,1.46
9687,ＫＳＫ,デイトレ,1300,0.00
9692,シーイーシー,デイトレ,1500,0.00
9692,シーイーシー,長期,61000,0.15
9697,カプコン,デイトレ,34900,0.00
9697,カプコン,長期,992000,
9698,クレオ,デイトレ,800,1.14
9699,ニシオホールディングス,デイトレ,1500,0.00
9699,ニシオホールディングス,長期,71600,0.16
9702,アイ・エス・ビー,デイトレ,61600,0.00
9702,アイ・エス・ビー,長期,1200,0.16
9704,アゴーラ　ホスピタリティー　グループ,デイトレ,308500,0.27
9706,日本空港ビルデング,デイトレ,9600,0.00
9706,日本空港ビルデング,長期,162600,
9708,帝国ホテル,デイトレ,5600,0.00
9709,ＮＣＳ＆Ａ,デイトレ,1100,1.30
9713,ロイヤルホテル,デイトレ,1000,0.82
9715,トランス・コスモス,デイトレ,500,0.00
9715,トランス・コスモス,長期,96600,
9716,乃村工藝社,デイトレ,14100,0.00
9716,乃村工藝社,長期,305000,
9722,藤田観光,デイトレ,8400,0.00
9722,藤田観光,長期,13400,0.25
9723,京都ホテル,デイトレ,1800,0.19
9726,ＫＮＴ－ＣＴホールディングス,デイトレ,900,2.60
9729,トーカイ,デイトレ,400,0.00
9729,トーカイ,長期,30700,
9731,白洋舎,デイトレ,2100,2.70
9733,ナガセ,デイトレ,1700,1.80
9735,セコム,デイトレ,36900,0.00
9735,セコム,長期,50200,
9739,ＮＳＷ,デイトレ,19900,0.00
9739,ＮＳＷ,長期,1100,0.22
9740,セントラル警備保障,デイトレ,3000,0.00
9740,セントラル警備保障,長期,1400,0.17
9742,アイネス,デイトレ,200,0.00
9742,アイネス,長期,24000,0.18
9743,丹青社,デイトレ,34000,0.00
9743,丹青社,長期,81700,
9744,メイテックグループホールディングス,デイトレ,2900,0.00
9744,メイテックグループホールディングス,長期,536500,
9746,ＴＫＣ,デイトレ,1200,0.00
9746,ＴＫＣ,長期,117600,
9753,アイエックス・ナレッジ,デイトレ,400,1.86
9755,応用地質,デイトレ,3900,0.00
9755,応用地質,長期,12100,0.22
9757,船井総研ホールディングス,デイトレ,14100,0.00
9757,船井総研ホールディングス,長期,283400,
9759,ＮＳＤ,デイトレ,4400,0.00
9759,ＮＳＤ,長期,245800,
9760,進学会ホールディングス,デイトレ,9500,0.00
9761,東海リース,デイトレ,5300,2.60
9763,丸建リース,デイトレ,1600,0.00
9765,オオバ,デイトレ,6700,0.00
9766,コナミグループ,デイトレ,2500,0.00
9766,コナミグループ,長期,7300,
9768,いであ,デイトレ,400,2.70
9769,学究社,デイトレ,700,1.80
9769,学究社,長期,1000,0.17
9778,昴,デイトレ,200,0.00
9780,ハリマビステム,デイトレ,500,0.36
9782,ディーエムエス,デイトレ,1300,2.70
9788,ナック,デイトレ,5200,0.00
9788,ナック,長期,2500,0.04
9790,福井コンピュータホールディングス,デイトレ,900,0.00
9790,福井コンピュータホールディングス,長期,18300,0.25
9791,ビケンテクノ,デイトレ,6900,0.14
9793,ダイセキ,デイトレ,1000,0.00
9793,ダイセキ,長期,5500,0.29
9795,ステップ,長期,900,0.15
9799,旭情報サービス,デイトレ,5400,0.90
9812,テーオーホールディングス,デイトレ,3400,0.90
9816,ストライダーズ,デイトレ,5500,1.30
9818,大丸エナウィン,デイトレ,300,1.30
9820,エムティジェネックス,デイトレ,300,4.92
9823,マミーマートホールディングス,デイトレ,5800,1.30
9824,泉州電業,デイトレ,600,0.00
9824,泉州電業,長期,11500,
9827,リリカラ,デイトレ,2000,1.30
9828,Ｇｅｎｋｉ　Ｇｌｏｂａｌ　Ｄｉｎｉｎｇ　Ｃｏｎｃｅｐｔｓ,デイトレ,4200,0.00
9830,トラスコ中山,デイトレ,4900,0.00
9830,トラスコ中山,長期,231400,
9831,ヤマダホールディングス,デイトレ,68200,0.00
9832,オートバックスセブン,デイトレ,12800,0.00
9832,オートバックスセブン,長期,152800,
9835,ジュンテンドー,デイトレ,400,0.00
9837,モリト,デイトレ,6100,0.00
9837,モリト,長期,2200,0.12
9842,アークランズ,デイトレ,14500,0.00
9843,ニトリホールディングス,デイトレ,27300,0.00
9843,ニトリホールディングス,長期,39700,
9845,パーカーコーポレーション,デイトレ,600,1.30
9846,天満屋ストア,デイトレ,500,1.30
9849,共同紙販ホールディングス,デイトレ,200,5.82
9850,グルメ杵屋,デイトレ,8300,0.00
9853,銀座ルノアール,デイトレ,900,0.90
9854,愛眼,デイトレ,3800,1.30
9856,ケーユーホールディングス,デイトレ,21100,0.00
9857,英和,デイトレ,2700,3.38
9861,吉野家ホールディングス,デイトレ,36700,0.00
9869,加藤産業,デイトレ,400,0.00
9869,加藤産業,長期,80700,
9872,北恵,デイトレ,1600,0.00
9876,コックス,デイトレ,2900,0.90
9880,イノテック,デイトレ,14800,0.00
9880,イノテック,長期,13900,0.30
9882,イエローハット,デイトレ,7400,0.00
9882,イエローハット,長期,161500,
9885,シャルレ,デイトレ,2100,0.90
9887,松屋フーズホールディングス,デイトレ,2200,0.00
9888,ＵＥＸ,デイトレ,4000,1.10
9889,ＪＢＣＣホールディングス,デイトレ,2200,0.00
9889,ＪＢＣＣホールディングス,長期,194000,
9890,マキヤ,デイトレ,1400,1.82
9895,コンセック,デイトレ,300,1.13
9896,ＪＫホールディングス,デイトレ,1300,0.00
9900,サガミホールディングス,デイトレ,27200,0.00
9900,サガミホールディングス,長期,7800,
9902,日伝,デイトレ,600,0.00
9902,日伝,長期,1600,0.13
9903,カンセキ,デイトレ,100,0.00
9904,ベリテ,デイトレ,6500,0.00
9906,藤井産業ホールディングス,デイトレ,100,5.26
9908,日本電計,デイトレ,1200,2.60
9914,植松商会,デイトレ,300,0.00
9928,ミロク情報サービス,デイトレ,3200,0.00
9928,ミロク情報サービス,長期,27300,0.18
9929,平和紙業,デイトレ,400,0.00
9930,北沢産業,デイトレ,500,0.00
9932,杉本商事,デイトレ,2200,0.00
9934,因幡電機産業,デイトレ,2000,0.00
9934,因幡電機産業,長期,598300,
9936,王将フードサービス,デイトレ,19600,0.00
9936,王将フードサービス,長期,5900,0.37
9941,太洋物産,デイトレ,1000,0.90
9946,ミニストップ,デイトレ,2600,0.00
9948,アークス,デイトレ,1000,0.00
9948,アークス,長期,150800,
9955,ヨンキュウ,デイトレ,600,0.00
9956,バローホールディングス,デイトレ,6200,0.00
9956,バローホールディングス,長期,11700,
9959,アシードホールディングス,デイトレ,1300,0.00
9960,東テク,デイトレ,1200,0.00
9960,東テク,長期,81700,
9962,ミスミグループ本社,デイトレ,4400,0.00
9962,ミスミグループ本社,長期,857800,
9969,ショクブン,デイトレ,4200,0.90
9972,アルテック,デイトレ,2300,0.90
9973,ＫＯＺＯホールディングス,デイトレ,53600,0.18
9974,ベルク,デイトレ,100,0.00
9974,ベルク,長期,23600,
9978,文教堂グループホールディングス,デイトレ,26000,0.28
9979,大庄,デイトレ,2900,0.00
9980,ＭＲＫホールディングス,デイトレ,8200,0.12
9982,タキヒヨー,デイトレ,1300,1.80
9983,ファーストリテイリング,デイトレ,8800,0.00
9983,ファーストリテイリング,長期,15700,
9984,ソフトバンクグループ,デイトレ,767400,0.00
9984,ソフトバンクグループ,長期,510000,
9986,蔵王産業,デイトレ,400,0.15
9987,スズケン,デイトレ,300,0.00
9987,スズケン,長期,300000,
9989,サンドラッグ,デイトレ,15500,0.00
9989,サンドラッグ,長期,526800,
9990,サックスバー　ホールディングス,デイトレ,14300,0.00
9990,サックスバー　ホールディングス,長期,2300,0.05
9991,ジェコス,デイトレ,3700,0.00
9991,ジェコス,長期,1800,0.07
9993,ヤマザワ,デイトレ,800,1.30
9994,やまや,デイトレ,1200,0.00
9997,ベルーナ,デイトレ,14100,0.00
9997,ベルーナ,長期,35600,

ZZZZ,,, 10/09 06:03
