銘柄名,銘柄コード,市場,弁済期限(いちにち),弁済期限(14日),弁済期限(無期限),売建可能数量[株],優待権利付き最終日,株主優待,特別空売り料[円],現在値[円],前日比[円],当日株価変動率[％],日中出来高増減率[％],ティック数,出来高[株],直近高値騰落率[％],貸借区分,逆日歩[円]
"ティアフォー","593A","東証","○","-","-","62,400","-","無","4.20","2,193","292","15.66 %","-","108,872","41,287,500","-3.94 %","信用","0.00"
"ジィ・シィ企画","4073","東証","○","-","-","0","-","無","0.90","780","97","14.20 %","-","2,003","917,500","-0.38 %","信用","0.00"
"クリングルファーマ","4884","東証","○","-","-","200","-","無","0.20","564","80","13.25 %","-","1,473","688,600","0.00 %","信用","0.00"
"ＭＦＳ","196A","東証","○","-","-","4,200","-","無","0.30","363","34","10.33 %","-","322","206,400","0.00 %","信用","0.00"
"ＢＡＳＥ","4477","東証","○","-","-","27,500","-","無","0.80","404","34","9.78 %","-","2,993","9,147,400","-2.88 %","貸借","0.00"
"オンコリスバイオファーマ","4588","東証","○","-","-","8,900","-","無","17.90","6,490","510","9.07 %","-","2,938","1,470,900","-1.21 %","信用","0.00"
"ＮＦブラジル株","1325","東証","○","-","-","3,790","-","無","0.00","331.0","36.3","8.88 %","-","879","378,550","-1.48 %","貸借","0.00"
"テクニスコ","2962","東証","○","-","-","7,200","-","無","6.90","2,898","166","7.85 %","-","4,910","900,900","-4.67 %","信用","0.00"
"アオイ電子","6832","東証","○","-","-","1,400","-","無","0.10","2,749","225","7.80 %","-","400","69,500","0.00 %","信用","0.00"
"アーキテクツＳＪ","6085","東証","○","-","-","111,700","-","無","0.70","115","13","7.47 %","-","3,389","13,957,200","-5.73 %","-","0.00"
"いつも","7694","東証","○","-","-","3,000","-","無","0.80","682","42","7.06 %","-","848","148,200","-1.58 %","信用","0.00"
"暁飯島工業","1997","東証","○","-","-","100","02/24","有","2.20","4,360","260","6.99 %","-","30","3,900","-0.57 %","信用","0.00"
"ＭＴＧ","7806","東証","○","-","-","2,600","03/29","有","0.00","9,240","640","5.96 %","-","1,001","248,600","-0.10 %","貸借","0.00"
"Ｆｕｓｉｃ","5256","東証","○","-","-","500","-","無","3.30","3,740","220","5.94 %","-","179","25,400","-3.35 %","信用","0.00"
"ｕｎｂａｎｋｅｄ","8746","東証","○","-","-","0","03/29","有","0.10","125","11","5.93 %","-","2,500","3,479,400","-15.54 %","信用","0.00"
"オプトエレクトロニクス","6664","東証","○","-","-","8,800","-","無","0.20","274","38","5.38 %","-","1,929","874,200","-6.48 %","貸借","0.00"
"ステラファーマ","4888","東証","○","-","-","11,100","-","無","0.40","452","26","5.36 %","-","969","552,200","-0.22 %","信用","0.00"
"クラサスケミカル","646A","東証","○","-","○","0","-","無","0.10","217.0","0.3","5.28 %","-","14,530","28,072,100","-17.64 %","信用","0.00"
"フォースタートアップス","7089","東証","○","-","-","4,600","-","無","1.00","1,542","136","5.18 %","-","1,083","230,500","-5.97 %","信用","0.00"
"ＥＲＴＨＧＲＯＵＰ","6072","東証","○","-","-","6,900","-","無","1.60","1,130","39","5.01 %","-","1,512","431,900","-0.08 %","貸借","0.00"
"加地テック","6391","東証","○","-","-","0","-","無","2.70","5,130","315","5.01 %","-","57","10,500","-0.38 %","信用","0.00"
"多木化学","4025","東証","○","-","○","0","12/28","有","0.00","5,840","280","4.84 %","-","109","21,300","-1.35 %","貸借","0.00"
"倉敷紡績","3106","東証","○","-","○","17,400","-","無","0.00","2,454","139","4.78 %","-","912","224,500","0.00 %","貸借","0.00"
"ダイナミックマッププラット","336A","東証","○","-","-","84,000","-","無","5.20","1,648","27","4.76 %","-","35,336","13,118,100","-8.95 %","信用","0.00"
"メディアリンクス","6659","東証","○","-","-","0","-","無","0.20","44","1","4.76 %","-","90","2,397,300","0.00 %","貸借","0.00"
"日本電技","1723","東証","○","-","-","9,300","-","無","1.00","2,213","88","4.68 %","-","1,661","449,100","-0.67 %","信用","0.00"
"第一工業製薬","4461","東証","○","-","○","7,000","03/29","有","0.00","16,220","1,370","4.64 %","-","1,218","221,500","-0.12 %","貸借","0.00"
"技術承継機構","319A","東証","○","-","-","400","-","無","69.70","22,540","1,420","4.59 %","-","501","63,800","-0.96 %","信用","0.00"
"誠建設工業","8995","東証","○","-","-","5,400","-","無","4.90","2,053","40","4.58 %","-","1,710","271,300","-4.90 %","信用","0.00"
"石原ケミカル","4462","東証","○","-","○","8,100","03/29","有","0.00","3,100","150","4.51 %","-","272","56,800","-1.27 %","貸借","0.20"
"タムロン","7740","東証","○","-","○","14,900","-","無","0.00","1,439","70","4.42 %","-","2,208","973,200","-0.06 %","貸借","0.00"
"イワブチ","5983","東証","○","-","-","100","-","無","3.20","15,140","640","4.41 %","-","33","4,500","-1.68 %","信用","0.00"
"ＥＬＥＭＥＮＴＳ","5246","東証","○","-","-","14,400","-","無","1.80","878","52","4.39 %","-","1,435","719,100","-1.23 %","信用","0.00"
"スターシーズ","3083","東証","○","-","-","16,100","11/26","有","0.70","1,100","50","4.36 %","-","2,750","802,500","-2.65 %","信用","0.00"
"荒川化学工業","4968","東証","○","-","○","9,100","-","無","0.00","2,500","180","4.34 %","-","1,155","270,700","-0.15 %","貸借","0.00"
"ミダックホールディングス","6564","東証","○","-","-","2,100","-","無","0.30","1,970","103","4.34 %","-","556","103,800","-0.05 %","信用","0.00"
"松本油脂製薬","4365","東証","○","-","-","200","03/29","有","4.10","24,500","510","4.29 %","-","5","500","0.00 %","信用","0.00"
"ＧｒｅｅｎＢｅｅ","3913","東証","○","-","-","0","-","無","0.30","1,075","35","4.26 %","-","47","7,100","-0.27 %","信用","0.00"
"乾汽船","9308","東証","○","-","○","700","-","無","0.00","2,200","75","4.26 %","-","960","236,800","-11.25 %","貸借","0.05"
"サン電子","6736","東証","○","-","-","400","-","無","12.50","9,560","490","4.25 %","-","211","34,100","-8.07 %","貸借","0.50"
"日本プリメックス","2795","東証","○","-","-","100","-","無","0.70","1,016","0","4.20 %","-","7","1,700","0.00 %","信用","0.00"
"東洋水産","2875","東証","○","-","○","5,100","03/29","有","0.00","9,919","441","4.20 %","-","4,589","1,083,200","-0.70 %","貸借","0.00"
"四国化成ホールディンク","4099","東証","○","-","○","20,400","-","無","0.00","2,519","170","4.09 %","-","3,009","1,147,500","0.00 %","貸借","0.00"
"ＩＮＴＬＯＯＰ","9556","東証","○","-","-","0","-","無","1.70","2,495","109","4.00 %","-","317","51,800","-0.75 %","信用","0.00"
"ＨＥＡＲＴＳＥＥＤ","219A","東証","○","-","-","5,000","-","無","3.60","2,700","121","3.96 %","-","2,268","499,700","-0.55 %","貸借","0.00"
"日機装","6376","東証","○","-","○","64,000","-","無","0.00","3,815","215","3.95 %","-","876","472,900","-0.26 %","貸借","0.00"
"ルネサスエレクトロニクス","6723","東証","○","-","○","41,200","-","無","0.00","3,862.0","287.0","3.95 %","-","33,088","18,812,000","0.00 %","貸借","0.00"
"ＦＯＯＤ＆ＬＩＦＥＣＯＭＰＡＮ","3563","東証","○","-","○","93,100","03/29","有","0.00","5,340","273","3.91 %","-","7,801","2,706,200","-0.59 %","貸借","0.00"
"ＡＬＢＡＬＩＮＫ","5537","東証","○","-","-","800","-","無","3.40","3,845","165","3.91 %","-","218","39,200","-0.64 %","信用","0.00"
"ＮＥ","441A","東証","○","-","-","500","10/28","有","0.00","267","9","3.89 %","-","144","35,900","-1.11 %","貸借","0.00"
"モイ","5031","東証","○","-","-","1,000","01/27","有","0.50","403","17","3.86 %","-","406","232,300","-0.98 %","信用","0.00"
"ブシロード","7803","東証","○","-","-","9,300","12/28","有","0.00","459","20","3.84 %","-","803","815,700","-1.07 %","貸借","0.00"
"ツルハホールディングス","3391","東証","○","-","○","48,300","02/24","有","0.00","2,128.5","67.5","3.82 %","-","5,179","2,265,600","-0.65 %","貸借","0.00"
"ＦＦＲＩセキュリティ","3692","東証","○","-","-","1,700","-","無","33.40","8,150","550","3.82 %","-","2,322","556,400","-0.60 %","貸借","0.00"
"ムービン・ストラテジック・キ","421A","東証","○","-","-","700","-","無","3.40","3,945","110","3.81 %","-","233","35,900","-0.37 %","信用","0.00"
"ＪＣＵ","4975","東証","○","-","○","15,900","-","無","0.00","6,280","330","3.80 %","-","473","119,600","-0.78 %","貸借","0.00"
"スマレジ","4431","東証","○","-","-","800","-","無","3.20","3,560","190","3.79 %","-","397","74,900","-0.97 %","貸借","0.00"
"日本高純度化学","4973","東証","○","-","○","4,600","-","無","0.80","5,100","325","3.76 %","-","698","184,500","0.00 %","信用","0.00"
"ジーエヌアイグループ","2160","東証","○","-","-","16,200","-","無","0.00","3,455","150","3.75 %","-","2,169","1,621,200","-1.84 %","貸借","0.00"
"イチカワ","3513","東証","○","-","-","100","-","無","1.00","3,685","60","3.65 %","-","20","2,600","0.00 %","信用","0.00"
"ＴＯＰＰＡＮホールディングス","7911","東証","○","-","○","27,000","03/29","有","0.00","2,469.0","84.5","3.60 %","-","8,275","3,253,000","-0.44 %","貸借","0.00"
"日本特殊陶業","5334","東証","○","-","○","170,200","-","無","0.00","3,947","189","3.59 %","-","9,446","2,850,700","0.00 %","貸借","0.00"
"ツクルバ","2978","東証","○","-","-","100","-","無","0.20","318","5","3.58 %","-","18","3,500","0.00 %","信用","0.00"
"ＡＩメカテック","6227","東証","○","-","-","3,800","-","無","5.20","8,380","430","3.58 %","-","3,902","1,217,300","-1.64 %","貸借","0.40"
"日本エム・ディ・エム","7600","東証","○","-","-","2,100","-","無","0.00","640","27","3.55 %","-","600","174,800","0.00 %","貸借","0.00"
"ブロードバンドセキュリテ","4398","東証","○","-","-","800","12/28","有","1.70","1,522","82","3.53 %","-","204","32,100","-4.81 %","信用","0.00"
"インティメート・マージャー","7072","東証","○","-","-","0","-","無","0.60","1,141","58","3.53 %","-","69","11,100","-0.60 %","信用","0.00"
"プロクレアホールディングス","7384","東証","○","-","○","11,300","03/29","有","0.00","5,890","170","3.51 %","-","1,063","274,700","-1.34 %","貸借","0.30"
"日本ペイントＨＯＬＤ","4612","東証","○","-","○","33,400","-","無","0.00","1,198.5","40.0","3.49 %","-","4,316","4,396,800","-0.62 %","貸借","0.00"
"ミライロ","335A","東証","○","-","-","0","03/29","有","0.60","327","12","3.48 %","-","42","16,400","0.00 %","貸借","0.05"
"クボタ","6326","東証","○","-","○","75,400","-","無","0.00","2,729.0","46.0","3.48 %","-","10,558","4,724,900","-0.63 %","貸借","0.00"
"プラッツ","7813","東証","○","-","-","100","12/28","有","0.60","923","32","3.47 %","-","40","5,700","-2.63 %","信用","0.00"
"阪神内燃機","6018","東証","○","-","-","0","-","無","4.00","6,080","290","3.40 %","-","5","500","-2.72 %","信用","0.00"
"ジャパンＭ＆Ａソリューション","9236","東証","○","-","-","200","-","無","1.30","1,550","51","3.40 %","-","57","9,700","-0.57 %","信用","0.00"
"ピーバンドットコム","3559","東証","○","-","-","100","-","無","0.00","458","15","3.38 %","-","22","13,100","-0.43 %","貸借","0.00"
"藤倉コンポジット","5121","東証","○","-","○","16,000","03/29","有","0.00","3,075","100","3.36 %","-","501","107,800","-1.28 %","貸借","0.10"
"うるる","3979","東証","○","-","-","300","03/29","有","0.30","493","16","3.35 %","-","74","24,900","-0.40 %","信用","0.00"
"キムラタン","8107","東証","○","-","-","0","03/29","有","0.10","31","0","3.33 %","-","28","66,400","0.00 %","貸借","0.00"
"松屋","8237","東証","○","-","-","1,400","02/24","有","0.00","2,198","75","3.33 %","-","955","204,100","-1.78 %","貸借","0.15"
"アズジェント","4288","東証","○","-","-","6,300","-","無","0.80","590","9","3.32 %","-","12,536","5,346,300","-12.59 %","貸借","0.00"
"ＳＫＹＦＡＬＬ","625A","東証","○","-","-","64,100","-","無","1.40","1,775","64","3.31 %","-","15,311","4,237,700","-13.41 %","信用","0.00"
"総医研ホールディングス","2385","東証","○","-","-","0","06/28","有","0.10","220","5","3.28 %","-","136","98,900","-1.34 %","信用","0.00"
"ＦＵＪＩ","6134","東証","○","-","○","10,300","-","無","0.00","8,428","369","3.28 %","-","3,961","756,000","-0.08 %","貸借","0.00"
"ＧＥＮＫＩＧＬＯＢＡＬＤＩＮ","9828","東証","○","-","-","800","03/29","有","0.00","3,330","125","3.25 %","-","249","61,000","-0.14 %","貸借","0.00"
"アクシスコンサルティング","9344","東証","○","-","-","200","12/28","有","1.00","1,405","38","3.23 %","-","58","9,400","-0.35 %","信用","0.00"
"パワーエックス","485A","東証","○","-","-","27,800","-","無","9.90","2,191","63","3.20 %","-","11,058","4,468,500","-0.13 %","信用","0.00"
"インフォメティス","281A","東証","○","-","-","1,100","-","無","0.50","388","11","3.19 %","-","121","42,100","-0.51 %","信用","0.00"
"ジーエス・ユアサコーポ","6674","東証","○","-","○","18,100","-","無","0.00","5,718","270","3.19 %","-","4,050","1,019,400","-0.33 %","貸借","0.00"
"エブレン","6599","東証","○","-","-","300","-","無","4.10","4,545","110","3.17 %","-","77","12,300","-0.32 %","信用","0.00"
"平田機工","6258","東証","○","-","○","16,800","03/29","有","0.00","4,075","195","3.16 %","-","1,015","343,500","-0.48 %","貸借","0.00"
"シキノハイテック","6614","東証","○","-","-","200","-","無","1.10","912","31","3.16 %","-","79","14,800","-0.86 %","貸借","0.00"
"トミタ電機","6898","東証","○","-","-","0","-","無","3.60","4,900","175","3.15 %","-","6","900","-0.60 %","信用","0.00"
"リスクモンスター","3768","東証","○","-","-","100","03/29","有","0.00","558","8","3.14 %","-","25","3,200","-0.35 %","貸借","0.00"
"ローツェ","6323","東証","○","-","○","23,300","-","無","0.00","4,495","277","3.14 %","-","8,056","2,394,000","-1.07 %","貸借","0.00"
"大和自動車","9082","東証","○","-","-","400","03/29","有","7.40","2,533","78","3.13 %","-","135","18,000","-7.89 %","信用","0.00"
"ＨＥＲＯＺ","4382","東証","○","-","-","4,400","10/28","有","0.90","893","39","3.11 %","-","1,249","440,900","-3.56 %","貸借","0.05"
"アシックス","7936","東証","○","-","○","0","12/28","有","0.00","4,279","138","3.10 %","-","9,956","5,028,900","-0.37 %","貸借","0.00"
"安永","7271","東証","○","-","-","1,300","03/29","有","0.60","805","26","3.07 %","-","161","62,800","0.00 %","信用","0.00"
"愛眼","9854","東証","○","-","-","0","03/29","有","0.00","269","9","3.06 %","-","95","42,100","-0.73 %","貸借","0.00"
"ＳＭＴ日本好配当","170A","東証","○","-","-","0","-","無","4.00","3,148","23","3.04 %","-","48","2,168","-1.06 %","貸借","0.00"
"中北製作所","6496","東証","○","-","-","0","-","無","0.00","5,800","180","3.01 %","-","50","11,400","-3.33 %","貸借","0.00"
"モルフォ","3653","東証","○","-","-","0","-","無","0.00","1,028","45","3.00 %","-","3,235","861,000","-5.86 %","貸借","0.00"
"リプロセル","4978","東証","○","-","-","13,700","-","無","0.10","137","5","3.00 %","-","136","479,600","-4.19 %","信用","0.00"
"キッコーマン","2801","東証","○","-","○","100,700","03/29","有","0.00","1,710.5","63.0","2.98 %","-","8,127","6,273,100","-0.84 %","貸借","0.00"
"日本ナレッジ","5252","東証","○","-","-","600","-","無","1.00","999","29","2.98 %","-","103","28,000","-1.76 %","信用","0.00"
"東京エレクトロン","8035","東証","○","-","○","425,000","-","無","0.00","12,765","665","2.94 %","-","28,231","16,639,700","-0.42 %","貸借","0.00"
"和田興産","8931","東証","○","-","-","0","-","無","0.00","1,294","12","2.94 %","-","89","24,000","-2.19 %","貸借","0.00"
"ソリトンシステムズ","3040","東証","○","-","○","14,000","-","無","0.10","2,742","94","2.92 %","-","1,122","208,900","-1.04 %","信用","0.00"
"高島屋","8233","東証","○","-","○","85,300","02/24","有","0.00","2,103.0","60.5","2.91 %","-","3,959","1,531,800","-0.70 %","貸借","0.00"
"ウィルソンＷＬＷ","9610","東証","○","-","-","0","-","無","0.30","106","2","2.91 %","-","61","52,200","-1.85 %","貸借","0.00"
"ミライアル","4238","東証","○","-","-","1,700","-","無","0.10","2,059","98","2.89 %","-","476","84,200","-0.62 %","信用","0.00"
"日本タングステン","6998","東証","○","-","-","300","-","無","3.70","4,270","150","2.89 %","-","341","74,100","-0.46 %","貸借","0.00"
"日置電機","6866","東証","○","-","○","2,900","-","無","0.00","11,810","930","2.87 %","-","439","78,900","-0.67 %","貸借","0.00"
"ダイレクトマケティングミクス","7354","東証","○","-","○","22,100","-","無","0.00","359","7","2.86 %","-","323","226,400","-2.71 %","貸借","0.00"
"大倉工業","4221","東証","○","-","○","0","12/28","有","0.00","5,400","140","2.85 %","-","280","158,800","-0.55 %","貸借","0.30"
"アンジェス","4563","東証","○","-","-","39,600","12/28","有","0.10","36","1","2.85 %","-","140","1,551,200","-5.26 %","信用","0.00"
"バリュークリエーション","9238","東証","○","-","-","100","-","無","0.40","360","6","2.85 %","-","15","4,000","-0.27 %","信用","0.00"
"サイバートラスト","4498","東証","○","-","-","500","-","無","0.00","1,157","43","2.84 %","-","218","42,900","-0.60 %","貸借","0.00"
"北興化学","4992","東証","○","-","○","19,900","-","無","0.00","1,916","54","2.84 %","-","401","82,000","-1.49 %","貸借","0.00"
"ブイ・テクノロジー","7717","東証","○","-","○","9,100","-","無","0.00","6,950","420","2.81 %","-","932","300,600","-0.99 %","貸借","0.00"
"ＰＩＬＬＡＲ","6490","東証","○","-","○","5,900","03/29","有","0.00","12,180","630","2.78 %","-","989","203,900","0.00 %","貸借","0.00"
"三越伊勢丹ＨＤ","3099","東証","○","-","○","290,500","03/29","有","0.00","1,659.5","52.0","2.75 %","-","6,197","3,497,700","-0.33 %","貸借","0.00"
"リベルタ","4935","東証","○","-","-","50,800","12/28","有","0.90","224","-16","2.75 %","-","2,152","3,223,100","-12.84 %","信用","0.00"
"わかもと製薬","4512","東証","○","-","-","0","-","無","0.40","301","10","2.73 %","-","134","79,500","0.00 %","貸借","0.00"
"まんだらけ","2652","東証","○","-","-","1,900","03/29","有","0.00","415","10","2.72 %","-","288","185,600","-1.19 %","貸借","0.00"
"オプテックスグループ","6914","東証","○","-","○","13,000","-","無","0.00","3,390","160","2.72 %","-","976","257,200","-0.44 %","貸借","0.00"
"堺化学","4078","東証","○","-","○","1,200","-","無","0.00","3,780","145","2.71 %","-","663","170,100","0.00 %","貸借","0.00"
"大栄環境","9336","東証","○","-","○","7,800","03/29","有","0.00","3,595","95","2.71 %","-","776","259,700","-2.44 %","貸借","0.00"
"レイズネクスト","6379","東証","○","-","○","49,000","03/29","有","0.00","992","24","2.69 %","-","1,030","427,800","-0.60 %","貸借","0.05"
"オハラ","5218","東証","○","-","○","5,900","-","無","0.00","1,684","55","2.68 %","-","415","78,400","-1.23 %","貸借","0.00"
"ＧＲＣＳ","9250","東証","○","-","-","100","-","無","0.50","1,079","29","2.66 %","-","15","2,900","-0.09 %","-","0.00"
"ベビーカレンダー","7363","東証","○","-","-","100","-","無","1.20","1,396","36","2.64 %","-","27","2,900","-5.16 %","信用","0.00"
"りそなホールディングス","8308","東証","○","-","○","222,200","03/29","有","0.00","2,546.0","72.0","2.64 %","-","14,154","8,808,000","-0.35 %","貸借","0.00"
"ニッコンホールディングス","9072","東証","○","-","○","12,200","03/29","有","0.00","4,572","48","2.62 %","-","1,476","320,300","-9.21 %","貸借","0.00"
"シグマ光機","7713","東証","○","-","-","800","-","無","0.80","2,673","93","2.61 %","-","232","40,300","-2.72 %","信用","0.00"
"丸千代山岡家","3399","東証","○","-","-","700","01/27","有","5.60","3,960","115","2.59 %","-","326","65,900","-0.12 %","貸借","0.00"
"インタートレード","3747","東証","○","-","-","0","-","無","0.50","436","13","2.58 %","-","125","29,900","-0.22 %","貸借","0.00"
"ＧＸ銀ビジネス","579A","東証","○","-","-","77","-","無","1.00","954","26","2.58 %","-","52","1,130","-0.62 %","信用","0.00"
"東陽テクニカ","8151","東証","○","-","-","1,900","03/29","有","0.00","1,905","63","2.58 %","-","725","188,400","0.00 %","貸借","0.00"
"ＯＮＥＥＴＦＪＰＸ４００","1474","東証","○","-","-","1","-","無","0.00","37,910","420","2.57 %","-","33","91","0.00 %","貸借","0.00"
"ＴＨＥＷＨＹＨＯＷＤＯ","3823","東証","○","-","-","0","02/24","有","0.10","40","1","2.56 %","-","124","725,700","-2.43 %","信用","0.00"
"ＥＩＺＯ","6737","東証","○","-","○","9,700","03/29","有","0.00","3,200","100","2.56 %","-","468","165,200","0.00 %","貸借","0.00"
"岡本工作","6125","東証","○","-","-","800","-","無","0.40","5,220","200","2.55 %","-","206","36,600","0.00 %","信用","0.00"
"アクモス","6888","東証","○","-","-","0","-","無","0.00","521","15","2.55 %","-","78","21,500","0.00 %","貸借","0.00"
"内外テック","3374","東証","○","-","-","700","-","無","0.00","5,250","220","2.53 %","-","370","64,400","-0.94 %","貸借","0.00"
"ＭｏｎｏｔａＲＯ","3064","東証","○","-","○","33,300","-","無","0.00","2,089.5","29.5","2.52 %","-","5,795","2,873,200","-0.92 %","貸借","0.00"
"ＲＩＤＧＥ－Ｉ","5572","東証","○","-","-","1,500","-","無","6.40","3,250","80","2.52 %","-","396","75,600","-1.66 %","信用","0.00"
"エンプラス","6961","東証","○","-","○","1,200","-","無","0.00","11,380","640","2.52 %","-","870","173,100","-0.52 %","貸借","0.00"
"サンワテクノス","8137","東証","○","-","○","1,500","03/29","有","0.00","4,865","120","2.52 %","-","172","37,900","-0.10 %","貸借","0.00"
"キャンバス","4575","東証","○","-","-","0","-","無","1.00","774","35","2.51 %","-","474","178,100","-2.39 %","信用","0.00"
"黒田精工","7726","東証","○","-","-","0","-","無","1.10","1,513","44","2.50 %","-","51","7,900","0.00 %","貸借","0.10"
"タカセ","9087","東証","○","-","-","1,000","-","無","1.10","2,050","0","2.50 %","-","7","700","-2.38 %","信用","0.00"
"日本一ソフトウェア","3851","東証","○","-","-","500","-","無","0.00","1,399","47","2.49 %","-","182","37,400","-0.70 %","貸借","0.00"
"ＩＣ","4769","東証","○","-","-","4,500","-","無","1.50","1,150","28","2.49 %","-","3","500","0.00 %","貸借","0.00"
"京セラ","6971","東証","○","-","○","56,800","03/29","有","0.00","3,855.0","187.0","2.49 %","-","10,499","5,518,300","-0.79 %","貸借","0.00"
"マネジメントソリューションズ","7033","東証","○","-","○","900","06/28","有","0.00","1,564","35","2.49 %","-","357","83,000","0.00 %","貸借","0.00"
"アイフリークモバイル","3845","東証","○","-","-","0","-","無","0.20","330","5","2.48 %","-","101","43,000","-1.78 %","信用","0.00"
"コスモ・バイオ","3386","東証","○","-","-","0","-","無","0.00","1,288","34","2.46 %","-","36","6,700","0.00 %","貸借","0.00"
"ペルセウスプロテオミクス","4882","東証","○","-","-","4,600","-","無","0.10","166","5","2.46 %","-","183","229,000","-1.19 %","信用","0.00"
"ヴィッツ","4440","東証","○","-","-","0","-","無","3.40","2,500","54","2.45 %","-","1,901","337,100","-5.05 %","貸借","0.00"
"ビーイングＨＬＤＧＳ","9145","東証","○","-","-","600","-","無","0.60","544","6","2.44 %","-","164","53,700","-1.09 %","貸借","0.00"
"サイゼリヤ","7581","東証","○","-","-","5,300","-","無","0.00","6,740","250","2.43 %","-","1,350","528,500","-0.58 %","貸借","0.00"
"シーユーシー","9158","東証","○","-","-","0","-","無","0.00","756","8","2.43 %","-","99","27,600","-3.93 %","貸借","0.05"
"アクセル","6730","東証","○","-","-","5,700","03/29","有","0.00","1,690","56","2.42 %","-","1,611","382,200","-1.57 %","貸借","0.00"
"グローバルセキュ","4417","東証","○","-","-","2,800","03/29","有","7.40","5,930","300","2.41 %","-","673","137,700","-1.16 %","信用","0.00"
"図研","6947","東証","○","-","○","3,200","03/29","有","0.00","5,510","140","2.41 %","-","343","88,300","-0.72 %","貸借","0.10"
"テクノフレックス","3449","東証","○","-","-","1,200","-","無","0.00","4,685","180","2.40 %","-","648","114,900","-1.57 %","貸借","0.00"
"岡山製紙","3892","東証","○","-","-","4,900","05/27","有","0.00","1,618","34","2.40 %","-","8","900","-0.12 %","貸借","0.00"
"オーバル","7727","東証","○","-","-","1,500","-","無","0.00","978","28","2.40 %","-","388","144,800","-0.20 %","貸借","0.00"
"ＭＯＲＥＳＣＯ","5018","東証","○","-","-","0","02/24","有","0.00","2,356","55","2.39 %","-","53","10,100","-0.16 %","貸借","0.00"
"ニッタ","5186","東証","○","-","○","2,600","03/29","有","0.00","6,830","260","2.39 %","-","197","47,600","-0.43 %","貸借","0.00"
"トライアルホールディングス","141A","東証","○","-","-","4,800","-","無","4.00","3,865","115","2.38 %","-","1,181","436,300","-1.40 %","貸借","0.05"
"金下建設","1897","東証","○","-","-","700","-","無","4.30","3,655","20","2.38 %","-","3","300","-1.34 %","信用","0.00"
"ＴＤＫ","6762","東証","○","-","○","125,700","-","無","0.00","3,447.0","249.0","2.37 %","-","30,589","22,431,900","-1.48 %","貸借","0.00"
"カシオ","6952","東証","○","-","○","22,500","-","無","0.00","2,240.5","66.5","2.37 %","-","5,684","1,654,700","-0.73 %","貸借","0.00"
"ｐｌｕｓｚｅｒｏ","5132","東証","○","-","-","400","-","無","4.70","1,956","45","2.35 %","-","233","38,600","-1.60 %","貸借","0.10"
"プレシジョン・システム","7707","東証","○","-","-","0","-","無","0.20","217","5","2.35 %","-","134","127,900","-0.45 %","貸借","0.00"
"スーパーツール","5990","東証","○","-","-","2,000","-","無","0.50","1,964","0","2.34 %","-","5","700","0.00 %","信用","0.00"
"大戸屋ホールディングス","2705","東証","○","-","-","300","03/29","有","5.90","8,770","90","2.33 %","-","118","19,500","-0.11 %","貸借","0.05"
"三井化学","4183","東証","○","-","○","63,600","-","無","0.00","2,169.5","68.5","2.33 %","-","4,477","1,854,700","-0.13 %","貸借","0.00"
"堀場製作所","6856","東証","○","-","○","2,300","-","無","0.00","26,345","1,015","2.33 %","-","1,266","237,600","-0.79 %","貸借","0.00"
"古林紙工","3944","東証","○","-","-","900","-","無","2.80","3,100","0","2.31 %","-","3","300","0.00 %","信用","0.00"
"日本発条","5991","東証","○","-","○","19,300","-","無","0.00","3,661.0","200.0","2.31 %","-","4,727","1,182,700","-0.51 %","貸借","0.00"
"渋谷工業","6340","東証","○","-","○","2,900","-","無","0.00","5,740","150","2.31 %","-","252","56,000","0.00 %","貸借","0.30"
"日本精機","7287","東証","○","-","-","1,700","-","無","0.00","2,785","101","2.31 %","-","712","138,500","-0.07 %","貸借","0.00"
"イーディーピー","7794","東証","○","-","-","4,100","-","無","2.30","1,064","22","2.30 %","-","575","203,700","0.00 %","信用","0.00"
"ＲＹＯＤＥＮ","8084","東証","○","-","○","19,600","03/29","有","0.00","2,481","68","2.30 %","-","613","118,300","-1.54 %","貸借","0.00"
"北の達人コーポ","2930","東証","○","-","-","0","02/24","有","0.00","134","2","2.29 %","-","215","393,100","0.00 %","貸借","0.05"
"イントランス","3237","東証","○","-","-","0","03/29","有","0.10","90","2","2.27 %","-","70","133,500","-1.09 %","信用","0.00"
"日産化学","4021","東証","○","-","○","9,500","-","無","0.00","8,734","342","2.27 %","-","2,753","586,500","-0.23 %","貸借","0.00"
"ソデイツク","6143","東証","○","-","○","45,100","-","無","0.00","1,841","90","2.27 %","-","1,454","402,200","-0.64 %","貸借","0.00"
"日本ギア工業","6356","東証","○","-","-","1,500","-","無","0.00","1,391","36","2.27 %","-","629","146,300","-0.64 %","貸借","0.05"
"ゼネラルパッカー","6267","東証","○","-","-","100","-","無","3.60","4,290","95","2.26 %","-","7","1,700","-0.23 %","信用","0.00"
"日本航空電子","6807","東証","○","-","○","2,100","-","無","0.00","2,705","83","2.26 %","-","2,297","513,600","-1.06 %","貸借","0.05"
"重松製作所","7980","東証","○","-","-","1,300","09/28","有","0.40","857","22","2.26 %","-","299","63,600","-1.26 %","信用","0.00"
"神栄","3004","東証","○","-","-","200","-","無","0.00","2,060","48","2.23 %","-","61","14,900","0.00 %","貸借","0.00"
"大木ヘルスケアＨＬＤＧＳ","3417","東証","○","-","-","200","-","無","0.60","1,008","15","2.23 %","-","50","8,300","0.00 %","信用","0.00"
"トビラシステムズ","4441","東証","○","-","-","0","10/28","有","0.80","1,508","45","2.23 %","-","58","9,100","-0.13 %","信用","0.00"
"アゼアス","3161","東証","○","-","-","1,600","-","無","0.60","690","20","2.22 %","-","310","77,800","-4.95 %","信用","0.00"
"アイズ","5242","東証","○","-","-","100","-","無","2.20","2,249","98","2.22 %","-","33","4,700","-5.30 %","信用","0.00"
"文教堂グループＨＤ","9978","東証","○","-","-","0","02/24","有","0.10","46","2","2.22 %","-","43","196,900","0.00 %","信用","0.00"
"三井住友フィナンシャルＧ","8316","東証","○","-","○","3,987,700","03/29","有","0.00","3,374.0","53.0","2.21 %","-","14,773","22,641,400","-2.00 %","貸借","0.00"
"みずほフィナンシャルＧ","8411","東証","○","-","○","484,800","-","無","0.00","8,668","222","2.21 %","-","15,883","8,452,700","-2.44 %","貸借","0.00"
"ステラケミファ","4109","東証","○","-","○","6,400","-","無","0.00","5,550","240","2.20 %","-","254","84,900","0.00 %","貸借","0.00"
"タツモ","6266","東証","○","-","○","1,300","-","無","0.00","4,395","225","2.20 %","-","875","243,000","-1.12 %","貸借","0.00"
"サムコ","6387","東証","○","-","-","3,300","-","無","1.70","9,720","520","2.20 %","-","779","162,100","-1.51 %","信用","0.00"
"バーチャレクスＨＬＤＧＳ","6193","東証","○","-","-","300","03/29","有","0.40","1,074","8","2.18 %","-","42","7,600","-1.64 %","信用","0.00"
"ライフネット生命保険","7157","東証","○","-","○","8,800","-","無","0.00","1,496","35","2.18 %","-","814","244,300","-0.20 %","貸借","0.00"
"福井銀行","8362","東証","○","-","○","7,300","03/29","有","0.00","8,440","190","2.17 %","-","567","126,500","-0.11 %","貸借","0.00"
"ＮＧＫ","5333","東証","○","-","○","20,700","-","無","0.00","5,848","224","2.16 %","-","5,916","1,736,600","0.00 %","貸借","0.00"
"西華産業","8061","東証","○","-","○","23,300","03/29","有","0.00","3,065","114","2.16 %","-","419","109,500","-0.64 %","貸借","0.00"
"昴","9778","東証","○","-","-","900","02/24","有","2.80","5,650","120","2.16 %","-","6","700","0.00 %","信用","0.00"
"ワークマン","7564","東証","○","-","○","600","-","無","0.00","5,210","110","2.15 %","-","1,488","691,900","-5.44 %","貸借","0.00"
"三洋貿易","3176","東証","○","-","○","29,000","09/28","有","0.00","1,197","22","2.13 %","-","929","293,700","-0.58 %","貸借","0.00"
"ＮＡＮＯホールディングス","4571","東証","○","-","-","8,600","-","無","0.10","96","1","2.12 %","-","281","401,000","-4.00 %","信用","0.00"
"ＳＨＯＥＩ","7839","東証","○","-","○","16,700","09/28","有","0.00","2,207","57","2.12 %","-","826","218,100","-0.36 %","貸借","0.00"
"コスモス薬品","3349","東証","○","-","○","8,700","-","無","0.00","6,328","130","2.11 %","-","1,626","334,700","-0.26 %","貸借","0.00"
"バルカー","7995","東証","○","-","○","26,000","-","無","0.00","7,250","350","2.11 %","-","435","140,800","-0.68 %","貸借","0.00"
"日本酸素ＨＬＤＧＳ","4091","東証","○","-","○","8,600","-","無","0.00","5,532","185","2.10 %","-","2,232","620,400","-0.66 %","貸借","0.00"
"アンリツ","6754","東証","○","-","○","36,600","-","無","0.00","3,685.0","196.0","2.10 %","-","4,177","1,457,300","-0.67 %","貸借","0.00"
"ブリッジインターナショナルク","7039","東証","○","-","-","300","-","無","0.00","1,358","20","2.10 %","-","187","52,400","-1.02 %","貸借","0.00"
"Ｓａｎｓａｎ","4443","東証","○","-","○","67,900","-","無","0.00","2,092","23","2.09 %","-","3,617","1,142,000","-0.09 %","貸借","0.00"
"朝日インテック","7747","東証","○","-","○","18,200","-","無","0.00","3,365.0","72.0","2.09 %","-","2,866","1,004,100","-0.53 %","貸借","0.00"
"トクヤマ","4043","東証","○","-","○","27,700","-","無","0.00","4,166","105","2.08 %","-","2,641","672,500","-0.02 %","貸借","0.00"
"原田工業","6904","東証","○","-","-","37,000","03/29","有","0.30","881","26","2.08 %","-","5,195","1,447,100","-12.42 %","信用","0.00"
"ＩＮＣＬＵＳＩＶＥＨＯＬＤＩＮ","7078","東証","○","-","-","0","03/29","有","0.40","347","7","2.05 %","-","40","9,200","0.00 %","信用","0.00"
"ジェイホールディングス","2721","東証","○","-","-","0","-","無","0.10","100","2","2.04 %","-","56","59,700","-1.96 %","信用","0.00"
"浅香工業","5962","東証","○","-","-","100","-","無","1.70","2,245","85","2.04 %","-","9","1,100","0.00 %","信用","0.00"
"エスペック","6859","東証","○","-","○","7,600","-","無","0.00","4,265","155","2.03 %","-","309","70,800","-0.46 %","貸借","0.00"
"創健社","7413","東証","○","-","-","700","03/29","有","1.80","3,010","0","2.03 %","-","5","600","0.00 %","信用","0.00"
"Ａ＆Ｄホロンホールディングス","7745","東証","○","-","○","14,800","-","無","0.00","3,010","110","2.03 %","-","300","78,100","-0.49 %","貸借","0.00"
"ＬＩＴＡＬＩＣＯ","7366","東証","○","-","○","16,800","-","無","0.00","1,975","42","2.01 %","-","583","131,900","-0.10 %","貸借","0.00"
"コパ・コーポレーション","7689","東証","○","-","-","2,700","-","無","0.40","354","14","2.01 %","-","143","58,300","-23.04 %","信用","0.00"
"くろがね工作所","7997","東証","○","-","-","0","11/26","有","1.00","1,163","32","2.01 %","-","25","4,800","0.00 %","信用","0.00"
"中部飼料","2053","東証","○","-","○","13,900","03/29","有","0.00","1,938","36","2.00 %","-","577","106,600","-1.17 %","貸借","0.00"
"かっこ","4166","東証","○","-","-","700","-","無","0.50","660","19","2.00 %","-","50","8,900","-7.30 %","信用","0.00"
"カイオム・バイオサイエンス","4583","東証","○","-","-","25,000","-","無","0.10","102","0","2.00 %","-","294","660,900","-5.55 %","信用","0.00"
"石井表記","6336","東証","○","-","-","4,300","-","無","1.40","1,728","114","2.00 %","-","862","215,600","-2.70 %","信用","0.00"
"ザインエレクトロニクス","6769","東証","○","-","-","1,700","-","無","1.80","1,323","23","2.00 %","-","367","85,800","-2.36 %","信用","0.00"
"オープングループ","6572","東証","○","-","○","18,700","-","無","0.00","256","2","1.99 %","-","314","188,400","-4.47 %","貸借","0.00"
"大同信号","6743","東証","○","-","-","400","-","無","0.50","1,073","21","1.99 %","-","83","20,600","-0.46 %","信用","0.00"
"ハイブリッドテクノロジース","4260","東証","○","-","-","0","-","無","0.20","206","5","1.98 %","-","19","15,000","-0.48 %","信用","0.00"
"大分銀行","8392","東証","○","-","○","11,700","03/29","有","0.00","3,355","105","1.97 %","-","583","239,100","-0.44 %","貸借","0.00"
"ホーチキ","6745","東証","○","-","○","17,200","-","無","0.00","1,969","55","1.96 %","-","703","149,100","-1.10 %","貸借","0.00"
"ランドビジネス","8944","東証","○","-","-","3,500","-","無","0.10","260","8","1.96 %","-","280","172,900","-1.88 %","信用","0.00"
"ＮＦ台湾テック５０","412A","東証","○","-","-","202","-","無","8.00","4,949","165","1.95 %","-","639","10,104","-0.02 %","信用","0.00"
"有沢製作所","5208","東証","○","-","○","45,600","-","無","0.00","2,925","121","1.95 %","-","1,284","281,800","-0.47 %","貸借","0.00"
"レスター","3156","東証","○","-","-","800","-","無","0.00","6,300","220","1.94 %","-","311","73,500","-0.15 %","貸借","0.15"
"ほぼ日","3560","東証","○","-","-","100","08/27","有","1.90","5,250","160","1.94 %","-","21","4,600","0.00 %","信用","0.00"
"ＧＯＯＤＤＡＹＳＨＬＤＧＳ","4437","東証","○","-","-","0","-","無","0.60","735","14","1.94 %","-","8","1,400","0.00 %","信用","0.00"
"いちよし証券","8624","東証","○","-","○","10,500","09/28","有","0.00","1,627","26","1.94 %","-","577","136,700","-2.92 %","貸借","0.00"
"保土谷化学","4112","東証","○","-","○","7,300","-","無","0.00","2,105","45","1.93 %","-","187","40,400","-0.70 %","貸借","0.00"
"イオレ","2334","東証","○","-","-","0","-","無","1.40","581","12","1.92 %","-","753","822,300","-1.52 %","信用","0.00"
"イノテック","9880","東証","○","-","○","10,600","-","無","0.20","3,970","145","1.92 %","-","483","132,500","0.00 %","信用","0.00"
"日清食品ＨＤ","2897","東証","○","-","○","150,500","03/29","有","0.00","2,850.0","43.5","1.91 %","-","2,833","1,117,900","-0.38 %","貸借","0.00"
"マーソ","5619","東証","○","-","-","100","12/28","有","0.90","855","18","1.90 %","-","4","600","0.00 %","信用","0.00"
"サイバー・バズ","7069","東証","○","-","-","300","09/28","有","0.20","481","11","1.90 %","-","41","6,300","-1.63 %","信用","0.00"
"第一ライフグループ","8750","東証","○","-","○","375,800","03/29","有","0.00","1,816.0","29.5","1.90 %","-","8,765","8,326,600","-1.91 %","貸借","0.00"
"大同特殊鋼","5471","東証","○","-","○","35,100","-","無","0.00","2,548.5","77.5","1.89 %","-","4,390","1,133,400","-0.54 %","貸借","0.00"
"菊水ホールディングス","6912","東証","○","-","-","300","-","無","2.00","2,900","76","1.89 %","-","60","9,300","0.00 %","信用","0.00"
"ＫＯＡ","6999","東証","○","-","○","30,600","-","無","0.00","2,531","140","1.89 %","-","2,158","584,400","-0.62 %","貸借","0.00"
"コジマ","7513","東証","○","-","-","1,800","02/24","有","0.00","1,462","27","1.88 %","-","500","165,400","-0.88 %","貸借","0.10"
"三菱ＵＦＪフィナンシャルＧ","8306","東証","○","-","○","3,090,900","-","無","0.00","3,615.0","71.0","1.88 %","-","18,314","34,028,700","-1.44 %","貸借","0.00"
"東邦銀行","8346","東証","○","-","○","63,900","03/29","有","0.00","1,135","23","1.88 %","-","1,805","1,356,900","-0.35 %","貸借","0.00"
"要興業","6566","東証","○","-","-","2,300","-","無","0.00","1,250","0","1.87 %","-","12","1,300","-1.57 %","貸借","0.00"
"ヨコオ","6800","東証","○","-","○","5,300","-","無","0.00","4,895","230","1.87 %","-","1,007","225,000","-0.20 %","貸借","0.00"
"グロービング","277A","東証","○","-","-","1,900","-","無","1.90","1,854","17","1.86 %","-","364","68,700","-2.67 %","信用","0.00"
"山王","3441","東証","○","-","-","0","-","無","1.10","1,752","33","1.86 %","-","219","39,100","-1.18 %","信用","0.00"
"ＮＦ日本株女性活躍","2518","東証","○","-","-","101","-","無","0.00","2,467","32","1.85 %","-","14","15,149","-0.48 %","貸借","0.00"
"ＣＫＤ","6407","東証","○","-","○","3,700","03/29","有","0.00","6,040","310","1.85 %","-","2,206","865,400","-0.65 %","貸借","0.00"
"セイコーグループ","8050","東証","○","-","○","9,500","-","無","0.00","10,960","500","1.85 %","-","1,592","421,700","-2.23 %","貸借","0.00"
"キッズウェル・バイオ","4584","東証","○","-","-","4,500","-","無","0.20","166","4","1.84 %","-","179","202,400","-2.92 %","信用","0.00"
"ナガオカ","6239","東証","○","-","-","0","-","無","0.10","1,432","27","1.84 %","-","13","3,400","-2.31 %","信用","0.00"
"プリモグローバルＨＤ","367A","東証","○","-","-","600","08/27","有","2.70","2,902","57","1.82 %","-","166","27,600","-1.49 %","信用","0.00"
"細谷火工","4274","東証","○","-","-","700","-","無","0.90","1,118","22","1.82 %","-","113","22,600","-1.58 %","信用","0.00"
"デンソー","6902","東証","○","-","○","309,100","-","無","0.00","1,842.0","34.0","1.82 %","-","7,589","7,814,500","-0.16 %","貸借","0.00"
"岐阜造園","1438","東証","○","-","-","0","09/28","有","0.90","2,240","44","1.81 %","-","2","200","-0.31 %","信用","0.00"
"和弘食品","2813","東証","○","-","-","100","03/29","有","0.70","3,920","70","1.81 %","-","13","2,000","0.00 %","信用","0.00"
"積水化成品","4228","東証","○","-","○","43,900","-","無","0.00","617","15","1.81 %","-","457","158,400","-0.32 %","貸借","0.00"
"レゾナック・ホールディング","4004","東証","○","-","○","54,200","-","無","0.00","18,000","720","1.80 %","-","13,066","3,862,700","0.00 %","貸借","0.00"
"大東銀行","8563","東証","○","-","-","700","03/29","有","0.00","1,296","36","1.80 %","-","267","64,300","0.00 %","貸借","0.00"
"日本電子","6951","東証","○","-","○","3,000","-","無","0.00","7,992","291","1.79 %","-","1,567","298,100","-0.89 %","貸借","0.00"
"アニコムホールディングス","8715","東証","○","-","○","21,000","-","無","0.00","1,020","19","1.79 %","-","484","169,500","-0.48 %","貸借","0.00"
"システム・ロケーション","2480","東証","○","-","-","100","03/29","有","1.00","1,766","30","1.78 %","-","15","2,200","0.00 %","信用","0.00"
"新東工業","6339","東証","○","-","○","29,500","09/28","有","0.00","1,142","23","1.78 %","-","661","214,300","-1.80 %","貸借","0.00"
"キクカワエンタープライズ","6346","東証","○","-","-","400","-","無","2.90","5,690","140","1.78 %","-","2","200","0.00 %","信用","0.00"
"フェローテック","6890","東証","○","-","-","13,900","-","無","0.00","12,040","500","1.77 %","-","4,266","1,382,300","0.00 %","貸借","0.00"
"ＧＡＭＥＷＩＴＨ","6552","東証","○","-","-","0","-","無","0.00","173","5","1.76 %","-","47","8,800","0.00 %","貸借","0.00"
"ヤマトインタ－ナシヨナル","8127","東証","○","-","-","0","08/27","有","0.40","519","-1","1.76 %","-","36","14,100","-0.76 %","貸借","0.05"
"ヘリオス","4593","東証","○","-","-","14,900","-","無","0.50","290","3","1.75 %","-","536","721,700","-3.65 %","貸借","0.00"
"手間いらず","2477","東証","○","-","-","300","-","無","0.00","3,215","55","1.74 %","-","126","22,300","-1.68 %","貸借","0.05"
"富士ピー・エス","1848","東証","○","-","-","600","03/29","有","0.00","878","5","1.73 %","-","113","25,000","-6.59 %","貸借","0.00"
"たけびし","7510","東証","○","-","○","4,700","03/29","有","0.00","2,878","47","1.73 %","-","196","34,000","-1.40 %","貸借","0.00"
"本田技研","7267","東証","○","-","-","144,900","12/28","有","0.00","1,676.5","12.0","1.72 %","-","9,325","14,484,900","-1.26 %","貸借","0.05"
"ホクシン","7897","東証","○","-","-","0","-","無","0.10","118","3","1.72 %","-","191","366,600","-5.60 %","貸借","0.00"
"ＭＳ＆ＡＤ","8725","東証","○","-","○","244,200","-","無","0.00","4,830","54","1.72 %","-","6,398","3,482,300","-1.74 %","貸借","0.00"
"ミスミグループ本社","9962","東証","○","-","○","5,900","-","無","0.00","4,093","156","1.71 %","-","4,287","1,501,800","-0.02 %","貸借","0.00"
"新日本科学","2395","東証","○","-","○","3,300","-","無","0.00","1,315","22","1.70 %","-","615","231,500","-1.12 %","貸借","0.00"
"大日精化","4116","東証","○","-","○","7,300","-","無","0.00","1,310","27","1.70 %","-","472","166,300","-1.05 %","貸借","0.00"
"ダイセル","4202","東証","○","-","○","80,100","-","無","0.00","1,432.0","27.0","1.70 %","-","2,479","1,136,900","-1.07 %","貸借","0.00"
"富士電機","6504","東証","○","-","○","6,700","06/28","有","0.00","15,210","555","1.70 %","-","2,163","685,800","-0.19 %","貸借","0.00"
"メドレックス","4586","東証","○","-","-","5,300","-","無","0.10","60","1","1.69 %","-","96","716,600","0.00 %","信用","0.00"
"大垣共立銀行","8361","東証","○","-","○","63,800","03/29","有","0.00","1,859","49","1.69 %","-","2,881","828,500","-0.42 %","貸借","0.00"
"東京海上ＨＤ","8766","東証","○","-","○","7,693,100","03/29","有","0.00","509.5","2.1","1.69 %","-","60,666","108,374,100","-3.54 %","貸借","0.00"
"クオンツ総研ホールディンク","9552","東証","○","-","-","2,600","-","無","0.00","1,019","19","1.69 %","-","787","260,000","-1.16 %","貸借","0.00"
"ＴＥＲＲＡＤＲＯＮＥ","278A","東証","○","-","-","11,900","-","無","45.10","9,050","-30","1.68 %","-","6,738","1,978,300","-8.12 %","信用","0.00"
"三菱瓦斯化学","4182","東証","○","-","○","29,300","-","無","0.00","4,033","118","1.68 %","-","4,534","1,448,200","-0.37 %","貸借","0.00"
"ヒーハイスト","6433","東証","○","-","-","13,500","03/29","有","2.70","1,266","46","1.68 %","-","3,020","671,800","-8.85 %","信用","0.00"
"テックファームＨＤ","3625","東証","○","-","-","500","-","無","0.10","730","8","1.67 %","-","58","22,200","-1.48 %","信用","0.00"
"セルシス","3663","東証","○","-","○","0","12/28","有","0.00","1,821","28","1.67 %","-","465","101,100","-0.54 %","貸借","0.00"
"東京窯業","5363","東証","○","-","-","1,000","03/29","有","0.00","728","9","1.67 %","-","141","46,900","0.00 %","貸借","0.00"
"アルバック","6728","東証","○","-","○","2,200","-","無","0.00","8,419","289","1.67 %","-","1,791","376,300","0.00 %","貸借","0.00"
"京写","6837","東証","○","-","-","1,300","-","無","0.20","424","15","1.67 %","-","158","63,200","-0.46 %","信用","0.00"
"ＣＳ－Ｃ","9258","東証","○","-","-","100","-","無","0.10","303","5","1.67 %","-","13","3,000","0.00 %","信用","0.00"
"クックパッド","2193","東証","○","-","-","0","-","無","0.00","122","1","1.66 %","-","352","383,400","-3.17 %","貸借","0.05"
"トリケミカル","4369","東証","○","-","○","7,900","-","無","0.00","3,360","140","1.66 %","-","1,167","386,600","-0.14 %","貸借","0.00"
"マクアケ","4479","東証","○","-","-","600","-","無","0.60","975","22","1.66 %","-","123","26,200","-0.10 %","信用","0.00"
"シャープ","6753","東証","○","-","-","0","-","無","0.00","650.6","12.5","1.65 %","-","6,258","3,492,200","-0.65 %","貸借","0.00"
"エディオン","2730","東証","○","-","○","79,500","03/29","有","0.00","2,403","44","1.64 %","-","753","298,100","-1.75 %","貸借","0.00"
"カヤバ","7242","東証","○","-","○","55,700","-","無","0.00","1,541","27","1.64 %","-","784","263,000","-1.09 %","貸借","0.00"
"東京精密","7729","東証","○","-","○","3,200","-","無","0.00","20,105","900","1.64 %","-","2,170","404,000","-0.04 %","貸借","0.00"
"エイチ・ツー・オーリテイリング","8242","東証","○","-","○","51,500","03/29","有","0.00","2,756.5","44.5","1.64 %","-","1,154","336,800","-0.30 %","貸借","0.00"
"エービーシー・マート","2670","東証","○","-","○","10,000","-","無","0.00","2,710.0","43.5","1.63 %","-","1,899","617,000","-0.56 %","貸借","0.00"
"川岸工業","5921","東証","○","-","-","200","-","無","1.30","4,360","70","1.63 %","-","4","1,400","0.00 %","信用","0.00"
"日本セラミック","6929","東証","○","-","○","12,600","-","無","0.00","3,750","85","1.62 %","-","290","87,100","-0.13 %","貸借","0.00"
"ソフトマックス","3671","東証","○","-","-","900","-","無","0.20","315","5","1.61 %","-","100","44,100","-1.56 %","信用","0.00"
"フリー","4478","東証","○","-","-","5,100","-","無","0.00","3,455","-5","1.61 %","-","1,464","503,900","-4.82 %","貸借","0.20"
"リオン","6823","東証","○","-","-","200","03/29","有","0.00","3,460","85","1.61 %","-","179","41,100","-0.14 %","貸借","0.00"
"浜松ホトニクス","6965","東証","○","-","○","160,300","-","無","0.00","2,487.5","98.5","1.61 %","-","5,876","2,120,600","0.00 %","貸借","0.00"
"山陰合同銀行","8381","東証","○","-","○","32,600","03/29","有","0.00","2,575","43","1.61 %","-","1,968","605,400","-0.80 %","貸借","0.00"
"フィットイージー","212A","東証","○","-","○","0","10/28","有","0.80","2,779","44","1.60 %","-","1,376","527,500","-2.04 %","信用","0.00"
"ツガミ","6101","東証","○","-","○","22,500","-","無","0.00","5,710","190","1.60 %","-","799","261,100","0.00 %","貸借","0.00"
"山形銀行","8344","東証","○","-","○","14,700","03/29","有","0.00","5,690","90","1.60 %","-","633","188,500","-2.56 %","貸借","0.00"
"ワコム","6727","東証","○","-","○","44,000","-","無","0.00","892","29","1.59 %","-","1,151","542,900","-0.11 %","貸借","0.00"
"ＴＯＡ","6809","東証","○","-","○","17,100","-","無","0.00","1,719","28","1.59 %","-","428","128,100","-0.46 %","貸借","0.00"
"東京衡機","7719","東証","○","-","-","1,700","-","無","0.60","509","10","1.59 %","-","220","69,600","-0.19 %","信用","0.00"
"フィード・ワン","2060","東証","○","-","○","30,800","-","無","0.00","1,409","14","1.58 %","-","368","98,000","-1.94 %","貸借","0.00"
"阿波銀行","8388","東証","○","-","○","50,900","03/29","有","0.00","2,239","37","1.58 %","-","1,720","601,100","-2.22 %","貸借","0.00"
"アクシーズ","1381","東証","○","-","-","0","06/28","有","2.80","3,540","55","1.57 %","-","19","2,200","-0.70 %","信用","0.00"
"ＮＦ銀行Ｔ１７","1631","東証","○","-","-","50","-","無","0.00","42,040","530","1.57 %","-","146","2,868","-1.77 %","貸借","0.00"
"ＧＸ宇宙テック・トップ１０","610A","東証","○","-","-","1,184","-","無","1.00","1,093","52","1.57 %","-","518","59,174","-0.27 %","信用","0.00"
"ジャパンエレベーターＳＨＤ","6544","東証","○","-","○","54,800","-","無","0.00","1,485.0","4.5","1.57 %","-","1,749","616,800","-0.93 %","貸借","0.00"
"ティムス","4891","東証","○","-","-","0","-","無","0.20","130","4","1.56 %","-","178","296,900","-2.25 %","信用","0.00"
"ＧＸ銀行高配当日株","315A","東証","○","-","-","1,465","-","無","0.00","1,962","30","1.55 %","-","407","105,753","-2.09 %","貸借","0.00"
"京三製作所","6742","東証","○","-","○","16,800","-","無","0.00","1,174","42","1.55 %","-","876","294,600","-0.50 %","貸借","0.00"
"テセック","6337","東証","○","-","-","1,700","-","無","1.30","3,950","140","1.54 %","-","461","85,600","-2.46 %","信用","0.00"
"ガーラ","4777","東証","○","-","-","0","-","無","0.10","199","2","1.53 %","-","27","31,100","-0.50 %","信用","0.00"
"島津製作所","7701","東証","○","-","○","18,300","-","無","0.00","4,026","128","1.53 %","-","3,036","1,209,300","-0.37 %","貸借","0.00"
"はごろもフーズ","2831","東証","○","-","-","0","03/29","有","2.30","3,670","40","1.52 %","-","9","1,300","-0.54 %","信用","0.00"
"Ｊ－ＭＡＸ","3422","東証","○","-","-","800","-","無","0.00","667","10","1.52 %","-","89","26,500","-1.18 %","貸借","0.00"
"野村マイクロ・サイエンス","6254","東証","○","-","-","7,900","-","無","0.00","3,665","160","1.52 %","-","1,592","784,800","-0.94 %","貸借","0.00"
"シャノン","3976","東証","○","-","-","900","-","無","0.40","536","18","1.51 %","-","160","44,600","-2.36 %","信用","0.00"
"デンカ","4061","東証","○","-","○","31,300","-","無","0.00","3,283.0","103.0","1.51 %","-","2,756","773,200","-0.09 %","貸借","0.00"
"東海カーボン","5301","東証","○","-","○","0","12/28","有","0.00","2,380.0","62.0","1.51 %","-","5,861","2,258,700","-1.01 %","貸借","0.00"
"フオスタ－電機","6794","東証","○","-","○","7,300","-","無","0.00","3,340","70","1.51 %","-","443","129,100","-0.59 %","貸借","0.00"
"カメイ","8037","東証","○","-","-","900","03/29","有","0.00","4,680","45","1.51 %","-","361","71,600","-0.74 %","貸借","0.00"
"日清紡ホールディングス","3105","東証","○","-","○","31,700","-","無","0.00","2,790.0","91.5","1.50 %","-","3,999","1,100,600","-0.64 %","貸借","0.00"
"ケミプロ化成","4960","東証","○","-","-","3,600","-","無","2.10","538","8","1.50 %","-","323","93,700","-17.73 %","貸借","0.00"
"ログリー","6579","東証","○","-","-","100","-","無","0.30","338","2","1.50 %","-","7","2,300","-1.16 %","信用","0.00"
"パナソニックホールディンク","6752","東証","○","-","○","140,500","-","無","0.00","4,710","142","1.50 %","-","14,433","8,066,300","-0.63 %","貸借","0.00"
"キユーソー流通システム","9369","東証","○","-","○","10,100","11/26","有","0.00","2,893","80","1.50 %","-","414","65,600","-1.79 %","貸借","0.00"
"エスプール","2471","東証","○","-","○","8,600","-","無","0.00","271","6","1.49 %","-","274","329,800","-1.09 %","貸借","0.00"
"日東工器","6151","東証","○","-","○","7,100","-","無","0.00","1,701","30","1.49 %","-","131","28,800","-0.58 %","貸借","0.00"
"ガリレイホールディングス","6420","東証","○","-","○","2,500","03/29","有","0.00","3,395","55","1.49 %","-","176","47,900","-1.16 %","貸借","0.00"
"ＪＮグループ","6634","東証","○","-","-","0","11/26","有","0.10","68","0","1.49 %","-","29","31,700","-2.85 %","貸借","0.00"
"カウリス","153A","東証","○","-","-","5,100","-","無","3.30","1,713","169","1.48 %","-","6,201","1,097,200","-7.80 %","貸借","0.00"
"クラウドワークス","3900","東証","○","-","-","2,200","-","無","0.60","685","17","1.48 %","-","246","99,800","0.00 %","貸借","0.00"
"インフロニアＨＤ","5076","東証","○","-","-","29,000","-","無","0.00","2,330.0","-365.5","1.48 %","-","20,163","10,031,800","-16.96 %","貸借","0.00"
"ＴＯＴＯ","5332","東証","○","-","○","27,700","03/29","有","0.00","6,235","138","1.48 %","-","4,752","1,386,400","-0.52 %","貸借","0.00"
"日本伸銅","5753","東証","○","-","-","100","-","無","1.00","2,590","50","1.48 %","-","8","1,400","-0.38 %","信用","0.00"
"ナカニシ","7716","東証","○","-","-","6,700","-","無","0.00","1,506","41","1.48 %","-","1,383","491,500","-1.11 %","貸借","0.00"
"ＮＦ電機精密Ｔ１７","1625","東証","○","-","-","10","-","無","69.00","69,570","2,010","1.47 %","-","209","920","0.00 %","貸借","0.00"
"デジタルグリッド","350A","東証","○","-","-","4,700","-","無","1.50","686","20","1.47 %","-","624","364,200","-0.29 %","貸借","0.00"
"ＴＢグループ","6775","東証","○","-","-","0","-","無","0.10","138","2","1.47 %","-","86","75,500","0.00 %","信用","0.00"
"サクシード","9256","東証","○","-","-","0","-","無","1.70","966","5","1.47 %","-","104","25,700","-1.12 %","信用","0.00"
"ＮＦ素材化学Ｔ１７","1620","東証","○","-","-","2","-","無","0.00","38,080","950","1.46 %","-","41","250","0.00 %","貸借","5.00"
"サッポロビール","2501","東証","○","-","○","0","12/28","有","0.00","1,872.0","33.0","1.46 %","-","3,185","1,424,700","-0.58 %","貸借","0.05"
"三重交通グループＨＤ","3232","東証","○","-","-","2,800","03/29","有","0.00","555","5","1.46 %","-","265","163,200","-1.59 %","貸借","0.00"
"トーカロ","3433","東証","○","-","○","28,200","-","無","0.00","3,115","128","1.46 %","-","659","265,700","0.00 %","貸借","0.00"
"ナフコ","2790","東証","○","-","-","300","03/29","有","0.20","2,019","29","1.45 %","-","49","6,600","-0.54 %","信用","0.00"
"エコモット","3987","東証","○","-","-","0","08/27","有","0.80","627","9","1.45 %","-","25","3,300","-0.15 %","貸借","0.05"
"カバー","5253","東証","○","-","-","12,400","-","無","2.00","1,529","29","1.45 %","-","2,255","991,600","-1.54 %","貸借","0.05"
"愛三工業","7283","東証","○","-","○","15,000","-","無","0.00","2,166","31","1.45 %","-","662","157,200","-4.37 %","貸借","0.00"
"ＣＯＣＯＬＩＶＥ","137A","東証","○","-","-","100","-","無","0.70","701","4","1.44 %","-","15","2,600","-0.70 %","信用","0.00"
"ＮＦ日経レバ","1570","東証","○","-","-","31,892","-","無","0.00","77,800","3,670","1.44 %","-","48,562","3,261,370","-0.42 %","貸借","0.00"
"群栄化学","4229","東証","○","-","○","3,000","-","無","0.00","4,215","65","1.44 %","-","46","8,700","-0.70 %","貸借","0.00"
"中外製薬","4519","東証","○","-","○","133,700","-","無","0.00","6,089","57","1.44 %","-","6,912","3,878,500","-1.69 %","貸借","0.00"
"ヨシタケ","6488","東証","○","-","-","600","-","無","0.60","1,050","29","1.44 %","-","126","27,000","0.00 %","信用","0.00"
"アスタリスク","6522","東証","○","-","-","1,900","-","無","4.90","1,268","19","1.44 %","-","1,105","258,600","-1.24 %","貸借","0.00"
"フィードフォースグループ","7068","東証","○","-","-","1,600","-","無","0.00","562","2","1.44 %","-","168","45,500","-2.26 %","貸借","0.00"
"三谷商事","8066","東証","○","-","-","200","-","無","0.00","3,510","50","1.44 %","-","113","14,700","-0.56 %","貸借","0.05"
"ジーエルテクノホールディンク","255A","東証","○","-","-","600","-","無","0.00","5,670","180","1.43 %","-","299","52,000","-0.70 %","貸借","0.00"
"ハウス食品Ｇ本社","2810","東証","○","-","○","17,800","03/29","有","0.00","4,037","61","1.43 %","-","1,026","234,000","-0.85 %","貸借","0.00"
"トランザクション・メディア・","5258","東証","○","-","-","0","-","無","0.00","424","6","1.43 %","-","86","32,200","-2.30 %","貸借","0.00"
"ＩＦ日経２２５（年１決）","1320","東証","○","-","-","698","-","無","0.00","72,520","1,710","1.42 %","-","1,330","87,041","-0.23 %","貸借","5.00"
"ＯＡＴアグリオ","4979","東証","○","-","○","0","12/28","有","0.20","2,768","40","1.42 %","-","118","20,200","-2.74 %","信用","0.00"
"エンビプロＨＤ","5698","東証","○","-","-","2,200","-","無","0.20","710","7","1.42 %","-","314","108,200","-1.79 %","信用","0.00"
"ジェイエスピー","7942","東証","○","-","○","12,400","03/29","有","0.00","2,993","38","1.42 %","-","225","37,100","-1.05 %","貸借","0.00"
"東証グロース２５０ＥＴＦ","2516","東証","○","-","-","0","-","無","0.00","645.0","15.0","1.41 %","-","366","271,390","0.00 %","貸借","0.50"
"荏原実業","6328","東証","○","-","○","12,600","-","無","0.00","2,506","32","1.41 %","-","325","71,100","-0.11 %","貸借","0.00"
"Ｊトラスト","8508","東証","○","-","-","0","06/28","有","0.00","788","16","1.41 %","-","966","510,400","-2.47 %","貸借","0.00"
"三浦工業","6005","東証","○","-","○","10,400","-","無","0.00","3,038.0","40.0","1.40 %","-","1,850","568,300","-0.36 %","貸借","0.00"
"ＴＶＥ","6466","東証","○","-","-","0","-","無","3.60","4,320","85","1.40 %","-","64","9,200","-0.46 %","貸借","0.00"
"ヤマハ発動機","7272","東証","○","-","○","0","12/28","有","0.00","1,805.0","51.0","1.40 %","-","6,475","4,883,300","-0.11 %","貸借","0.00"
"不二製油","2607","東証","○","-","○","9,700","03/29","有","0.00","4,297","71","1.39 %","-","976","265,300","-0.18 %","貸借","0.10"
"プロシップ","3763","東証","○","-","-","1,200","03/29","有","0.40","2,108","28","1.39 %","-","324","58,300","-1.77 %","信用","0.00"
"オークネット","3964","東証","○","-","○","0","12/28","有","0.00","1,380","28","1.39 %","-","1,408","397,300","-0.57 %","貸借","0.00"
"豊田合成","7282","東証","○","-","○","47,000","03/29","有","0.00","1,050.5","12.0","1.39 %","-","4,236","2,551,300","-1.45 %","貸借","0.00"
"セルシード","7776","東証","○","-","-","0","-","無","0.60","218","3","1.39 %","-","107","117,500","-2.24 %","信用","0.00"
"ジーダット","3841","東証","○","-","-","0","-","無","1.30","1,318","18","1.38 %","-","10","1,100","-0.97 %","信用","0.00"
"アイカ工業","4206","東証","○","-","○","8,300","-","無","0.00","4,246","58","1.38 %","-","1,186","311,900","-0.14 %","貸借","0.00"
"バンドー化学","5195","東証","○","-","○","3,600","-","無","0.00","2,484","34","1.38 %","-","265","47,500","-1.38 %","貸借","0.00"
"リンクバル","6046","東証","○","-","-","0","03/29","有","0.00","146","2","1.38 %","-","36","11,900","0.00 %","貸借","0.00"
"アビックス","7836","東証","○","-","-","0","-","無","0.10","73","1","1.38 %","-","56","85,000","-1.35 %","信用","0.00"
"セレス","3696","東証","○","-","○","0","12/28","有","0.00","2,291","7","1.37 %","-","1,203","265,500","-0.77 %","貸借","0.00"
"ＧＸクリーン日株ＥＴＦ","2637","東証","○","-","-","19","-","無","3.00","2,739","41","1.36 %","-","65","1,418","0.00 %","貸借","0.00"
"ＧＸバイオ＆メド日株ＥＴ","2639","東証","○","-","-","9","-","無","2.00","1,705","12","1.36 %","-","17","852","-1.44 %","貸借","0.00"
"日本ゼオン","4205","東証","○","-","○","40,200","-","無","0.00","2,444.0","43.0","1.36 %","-","3,076","1,244,500","-0.36 %","貸借","0.00"
"東プレ","5975","東証","○","-","○","5,900","-","無","0.00","3,330","65","1.36 %","-","326","88,600","-1.76 %","貸借","0.00"
"アライドアーキテクツ","6081","東証","○","-","-","0","-","無","0.30","148","2","1.36 %","-","218","291,000","-0.67 %","貸借","0.00"
"アバールデータ","6918","東証","○","-","-","0","-","無","2.20","4,460","105","1.36 %","-","254","43,800","-1.32 %","信用","0.00"
"コロワイド","7616","東証","○","-","-","7,900","03/29","有","2.40","2,008.0","13.0","1.36 %","-","1,379","468,800","-0.66 %","貸借","0.05"
"東海運","9380","東証","○","-","-","0","03/29","有","0.00","446","6","1.36 %","-","40","10,500","-0.66 %","貸借","0.00"
"ＳＣＡＴ","3974","東証","○","-","-","300","10/28","有","1.00","674","13","1.35 %","-","89","14,200","-0.58 %","信用","0.00"
"蝶理","8014","東証","○","-","○","5,700","-","無","0.00","4,100","65","1.35 %","-","141","31,100","-0.84 %","貸借","0.00"
"タカヨシホールディングス","9259","東証","○","-","-","200","-","無","0.40","825","1","1.35 %","-","32","7,200","-0.72 %","信用","0.00"
"日邦産業","9913","東証","○","-","-","0","-","無","0.70","3,750","-20","1.35 %","-","28","5,300","-2.21 %","信用","0.00"
"クロスキャット","2307","東証","○","-","○","9,800","03/29","有","0.10","1,052","10","1.34 %","-","157","32,900","-2.23 %","信用","0.00"
"ＲＥＢＡＳＥ","5138","東証","○","-","-","100","03/29","有","0.40","453","-2","1.34 %","-","9","1,600","-3.61 %","信用","0.00"
"タカトリ","6338","東証","○","-","-","0","-","無","3.00","1,739","38","1.34 %","-","125","20,600","0.00 %","貸借","0.00"
"筑波銀行","8338","東証","○","-","○","20,000","-","無","0.00","827","10","1.34 %","-","1,911","1,736,500","-2.36 %","貸借","0.00"
"ビジネスＢ太田昭和","9658","東証","○","-","○","21,800","03/29","有","0.10","1,132","10","1.34 %","-","232","55,000","-0.87 %","信用","0.00"
"ハッチ・ワーク","148A","東証","○","-","-","100","-","無","1.40","1,898","10","1.33 %","-","24","3,900","-0.10 %","信用","0.00"
"グランディーズ","3261","東証","○","-","-","0","12/28","有","0.70","454","6","1.33 %","-","15","3,200","0.00 %","信用","0.00"
"日本製罐","5905","東証","○","-","-","1,400","-","無","1.00","1,368","0","1.33 %","-","2","200","-1.58 %","信用","0.00"
"サイエンスアーツ","4412","東証","○","-","-","300","-","無","1.30","1,535","40","1.32 %","-","154","33,700","-1.91 %","信用","0.00"
"オークマ","6103","東証","○","-","○","9,300","-","無","0.00","4,965","145","1.32 %","-","935","352,700","0.00 %","貸借","0.00"
"鎌倉新書","6184","東証","○","-","-","500","-","無","0.00","611","8","1.32 %","-","280","137,500","-0.32 %","貸借","0.05"
"ユビテック","6662","東証","○","-","-","0","-","無","0.10","229","1","1.32 %","-","16","31,600","-0.43 %","信用","0.00"
"ローム","6963","東証","○","-","○","48,600","-","無","0.00","5,370","142","1.32 %","-","11,720","3,668,200","-0.90 %","貸借","0.00"
"出前館","2484","東証","○","-","-","0","-","無","0.10","154","1","1.31 %","-","253","522,400","0.00 %","貸借","0.05"
"メディアドゥ","3678","東証","○","-","-","500","-","無","0.00","1,154","14","1.31 %","-","225","47,700","-4.94 %","貸借","0.00"
"十六ＦＧ","7380","東証","○","-","○","43,400","03/29","有","0.00","2,842","59","1.31 %","-","2,122","567,800","-0.62 %","貸借","0.00"
"ラストワンマイル","9252","東証","○","-","-","300","-","無","5.20","4,235","75","1.31 %","-","32","6,900","0.00 %","信用","0.00"
"兵機海運","9362","東証","○","-","-","0","-","無","2.30","3,850","50","1.31 %","-","10","2,900","0.00 %","信用","0.00"
"中村超硬","6166","東証","○","-","-","1,100","-","無","0.80","620","10","1.30 %","-","187","40,100","-1.27 %","信用","0.00"
"ハマイ","6497","東証","○","-","-","200","-","無","1.10","1,472","-5","1.30 %","-","61","7,200","-0.60 %","信用","0.00"
"ＪＦＬＡホールディングス","3069","東証","○","-","-","0","-","無","0.00","157","1","1.29 %","-","48","106,400","-2.48 %","貸借","0.00"
"マクニカホールディングス","3132","東証","○","-","○","43,700","-","無","0.00","4,300","122","1.29 %","-","5,585","1,281,000","-0.23 %","貸借","0.00"
"八洲電機","3153","東証","○","-","○","7,800","03/29","有","0.20","3,145","35","1.28 %","-","307","95,400","-0.78 %","信用","0.00"
"ベガコーポレーション","3542","東証","○","-","-","100","03/29","有","2.20","1,581","12","1.28 %","-","26","4,000","-0.12 %","貸借","0.00"
"大日本塗料","4611","東証","○","-","○","16,700","03/29","有","0.00","1,582","27","1.28 %","-","297","66,600","0.00 %","貸借","0.00"
"クリーク・アンド・リバー社","4763","東証","○","-","○","12,100","02/24","有","0.00","1,500","21","1.28 %","-","242","52,300","-2.08 %","貸借","0.00"
"横浜ゴム","5101","東証","○","-","○","10,000","-","無","0.00","7,191","130","1.28 %","-","3,797","979,800","-0.59 %","貸借","0.00"
"リンカーズ","5131","東証","○","-","-","5,500","-","無","0.30","158","2","1.28 %","-","606","384,700","-3.65 %","貸借","0.00"
"アルプスアルパイン","6770","東証","○","-","○","27,500","-","無","0.00","2,251.5","44.0","1.28 %","-","4,109","1,471,800","-1.18 %","貸借","0.00"
"加賀電子","8154","東証","○","-","○","9,700","-","無","0.00","5,510","170","1.28 %","-","505","163,800","-0.72 %","貸借","0.00"
"立花エレテック","8159","東証","○","-","-","400","12/28","有","0.00","4,325","95","1.28 %","-","155","40,700","-0.57 %","貸借","0.00"
"近鉄グループＨＬＤＧＳ","9041","東証","○","-","○","113,200","03/29","有","0.00","3,393.0","53.0","1.28 %","-","2,237","825,700","-0.67 %","貸借","0.00"
"アサヒグループホールディン","2502","東証","○","-","○","292,600","-","無","0.00","1,584.5","12.5","1.27 %","-","4,337","5,683,100","-1.33 %","貸借","0.00"
"ＪＰホールディングス","2749","東証","○","-","○","1,900","03/29","有","0.00","637","6","1.27 %","-","362","195,700","-1.24 %","貸借","0.00"
"東亞合成","4045","東証","○","-","○","0","12/28","有","0.00","1,824.5","32.5","1.27 %","-","732","218,000","-0.13 %","貸借","0.00"
"メディア総研","9242","東証","○","-","-","0","01/27","有","1.60","1,990","20","1.27 %","-","16","2,400","0.00 %","信用","0.00"
"ヤマダホールディングス","9831","東証","○","-","○","690,000","03/29","有","0.00","712.2","5.0","1.27 %","-","7,413","3,689,800","-0.60 %","貸借","0.00"
"データセンターインフラＥＴＮ","643A","東証","○","-","-","440","-","無","7.00","11,640","295","1.26 %","-","153","24,191","0.00 %","信用","0.00"
"セレンディップ・ホールディ","7318","東証","○","-","-","0","-","無","0.80","1,356","45","1.26 %","-","268","78,700","-1.31 %","信用","0.00"
"丸文","7537","東証","○","-","○","17,400","03/29","有","0.00","1,925","43","1.26 %","-","677","126,400","-0.25 %","貸借","0.00"
"東部ネットワーク","9036","東証","○","-","-","500","-","無","0.40","1,197","-15","1.26 %","-","44","21,800","-2.12 %","信用","0.00"
"アソインターナショナル","9340","東証","○","-","-","0","-","無","0.40","801","13","1.26 %","-","33","7,600","-0.86 %","信用","0.00"
"エア・ウォーター","4088","東証","○","-","-","9,600","03/29","有","0.00","2,901","2","1.25 %","-","3,528","959,000","-0.95 %","貸借","0.20"
"ファインズ","5125","東証","○","-","-","300","-","無","0.40","567","17","1.25 %","-","19","4,600","-0.52 %","信用","0.00"
"ラクス","3923","東証","○","-","○","25,400","-","無","0.00","1,019.0","0.0","1.24 %","-","2,803","1,309,400","-1.92 %","貸借","0.00"
"ＭＸ米国ＡＩインフラ株","552A","東証","○","-","-","57","-","無","1.00","2,515","54","1.24 %","-","97","1,856","-0.19 %","信用","0.00"
"アイ・アールジャパンＨＤ","6035","東証","○","-","○","3,600","-","無","0.00","732","2","1.24 %","-","120","30,400","-2.65 %","貸借","0.00"
"オーエスジー","6136","東証","○","-","-","3,500","-","無","0.00","3,750.0","101.0","1.24 %","-","1,358","350,700","0.00 %","貸借","0.00"
"ＴＨＫ","6481","東証","○","-","○","37,400","-","無","0.00","6,758","241","1.24 %","-","4,429","1,024,700","-0.54 %","貸借","0.00"
"パンパシフィックＨＤ","7532","東証","○","-","○","0","12/28","有","0.00","692.6","7.6","1.24 %","-","12,147","15,306,400","-2.50 %","貸借","0.00"
"リログループ","8876","東証","○","-","○","67,200","03/29","有","0.00","2,316.0","13.5","1.24 %","-","1,700","538,500","-0.49 %","貸借","0.05"
"ＮＮ東証グロース２５０ＥＴ","2042","東証","○","-","-","0","-","無","9.00","8,367","134","1.23 %","-","6","76","-0.07 %","信用","0.00"
"すかいらーくＨＤ","3197","東証","○","-","○","0","12/28","有","0.00","3,199.0","32.0","1.23 %","-","2,156","841,200","-0.03 %","貸借","0.10"
"カーブスホールディングス","7085","東証","○","-","○","47,300","02/24","有","0.00","903","8","1.23 %","-","612","349,600","-1.63 %","貸借","0.05"
"情報戦略テクノロジー","155A","東証","○","-","-","600","-","無","1.70","746","14","1.22 %","-","114","24,100","-1.71 %","貸借","0.00"
"日経平均ブル２倍","1579","東証","○","-","-","167,700","-","無","0.00","840.0","39.5","1.22 %","-","12,400","16,769,430","-0.47 %","貸借","0.00"
"ＮＦ食品Ｔ１７","1617","東証","○","-","-","3","-","無","44.00","47,870","550","1.22 %","-","48","276","0.00 %","貸借","0.00"
"マツキヨココカラ＆カンパニー","3088","東証","○","-","○","61,500","03/29","有","0.00","2,431.5","0.5","1.22 %","-","2,714","1,009,700","-1.25 %","貸借","0.00"
"勤次郎","4013","東証","○","-","-","0","-","無","1.00","663","6","1.22 %","-","175","29,800","-0.89 %","貸借","0.00"
"ＩＦゴールドプラスインカム","626A","東証","○","-","-","68","-","無","2.00","1,823","-10","1.22 %","-","63","1,429","-2.77 %","信用","0.00"
"ズーム","6694","東証","○","-","-","0","-","無","0.40","825","-4","1.22 %","-","10","2,000","-2.94 %","信用","0.00"
"ユビキタスＡＩ","3858","東証","○","-","-","0","-","無","0.10","334","6","1.21 %","-","94","21,800","-0.89 %","信用","0.00"
"テイカ","4027","東証","○","-","-","600","-","無","0.00","2,339","28","1.21 %","-","311","57,700","-1.72 %","貸借","0.00"
"ＪＰＸスタートアップ１００","526A","東証","○","-","-","17","-","無","2.00","2,331","25","1.21 %","-","35","826","0.00 %","信用","0.00"
"長野計器","7715","東証","○","-","○","9,300","-","無","0.00","4,565","165","1.21 %","-","384","100,100","-0.43 %","貸借","0.00"
"ミヨシ油脂","4404","東証","○","-","-","0","12/28","有","3.20","2,180","30","1.20 %","-","75","11,400","-1.35 %","貸借","0.00"
"いすゞ自動車","7202","東証","○","-","○","106,200","-","無","0.00","2,049.5","28.5","1.20 %","-","3,803","2,274,300","-2.79 %","貸借","0.00"
"ニフコ","7988","東証","○","-","○","2,800","-","無","0.00","2,434.0","38.0","1.20 %","-","2,388","539,800","-0.10 %","貸借","0.15"
"ユカリア","286A","東証","○","-","-","200","12/28","有","0.80","761","12","1.19 %","-","70","13,900","-0.65 %","貸借","0.00"
"日本たばこ産業","2914","東証","○","-","○","487,800","-","無","0.00","6,930","100","1.19 %","-","4,863","2,893,000","0.00 %","貸借","0.00"
"ＦＩＮＡＴＥＸＴホールディンク","4419","東証","○","-","-","13,800","-","無","0.60","1,438","-5","1.19 %","-","2,179","689,700","-1.37 %","信用","0.00"
"大幸薬品","4574","東証","○","-","-","1,000","-","無","0.00","255","3","1.19 %","-","172","73,600","-3.77 %","貸借","0.05"
"ＧＭＯメディア","6180","東証","○","-","-","100","10/28","有","2.20","3,800","45","1.19 %","-","9","1,300","-0.52 %","信用","0.00"
"コーセル","6905","東証","○","-","○","24,100","11/18","有","0.00","1,527","38","1.19 %","-","1,153","294,100","-1.22 %","貸借","0.00"
"スマートバリュー","9417","東証","○","-","-","0","-","無","0.00","338","2","1.19 %","-","21","10,900","-1.74 %","貸借","0.05"
"Ｊ．フロントリテイリング","3086","東証","○","-","○","28,400","02/24","有","0.00","2,609.5","50.5","1.18 %","-","3,208","1,383,700","-1.32 %","貸借","0.00"
"ＧＭＯペイメントゲートウェイ","3769","東証","○","-","○","8,700","03/29","有","0.00","8,512","28","1.18 %","-","834","187,200","-1.74 %","貸借","0.00"
"関東電化","4047","東証","○","-","○","25,800","-","無","0.00","2,557","122","1.18 %","-","2,240","576,200","-0.46 %","貸借","0.00"
"ＳＵＢＡＲＵ","7270","東証","○","-","○","170,300","-","無","0.00","2,511.5","24.5","1.18 %","-","4,356","2,583,100","-1.60 %","貸借","0.00"
"コーア商事ＨＬＤＧＳ","9273","東証","○","-","-","600","12/28","有","0.00","770","12","1.18 %","-","214","55,800","-0.12 %","貸借","0.00"
"ＮＦ小売Ｔ１７","1630","東証","○","-","-","2","-","無","0.00","36,910","610","1.17 %","-","19","132","0.00 %","貸借","0.00"
"北里","368A","東証","○","-","-","2,000","-","無","0.80","1,382","15","1.17 %","-","469","95,500","-2.26 %","信用","0.00"
"ＭＩＲＡＩＮＩホールディング","546A","東証","○","-","○","29,800","-","無","0.00","2,672","64","1.17 %","-","601","141,600","-1.76 %","貸借","0.00"
"グローリー","6457","東証","○","-","○","3,500","-","無","0.00","4,462","72","1.17 %","-","1,267","242,400","-0.68 %","貸借","0.00"
"都築電気","8157","東証","○","-","-","500","12/28","有","0.00","4,320","30","1.17 %","-","188","35,900","-0.68 %","貸借","0.00"
"寿スピリッツ","2222","東証","○","-","○","43,900","03/29","有","0.00","2,423.5","18.5","1.16 %","-","2,972","866,300","-2.02 %","貸借","0.00"
"アクセルマーク","3624","東証","○","-","-","16,000","-","無","0.10","87","1","1.16 %","-","131","798,300","-3.33 %","信用","0.00"
"ＮＣＤ","4783","東証","○","-","-","300","03/29","有","0.00","2,427","28","1.16 %","-","143","23,200","-2.99 %","貸借","0.00"
"ヨシコン","5280","東証","○","-","-","0","-","無","1.30","2,176","15","1.16 %","-","61","9,000","-0.77 %","信用","0.00"
"三洋工業","5958","東証","○","-","-","100","-","無","0.00","4,345","50","1.16 %","-","13","1,500","-1.47 %","貸借","0.00"
"ＺＡＣＲＯＳ","7917","東証","○","-","○","9,100","03/29","有","0.00","1,219","26","1.16 %","-","504","143,100","-0.73 %","貸借","0.00"
"Ｔ＆Ｄホールディングス","8795","東証","○","-","○","10,500","-","無","0.00","4,779","42","1.16 %","-","3,968","1,343,400","-1.26 %","貸借","0.00"
"純プラチナ上場信託","1541","東証","○","-","-","0","-","無","0.00","7,892","-55","1.15 %","-","1,042","17,645","-0.92 %","貸借","0.00"
"ハードオフコーポレーション","2674","東証","○","-","○","12,300","-","無","0.00","2,540","12","1.15 %","-","302","53,400","-4.40 %","貸借","0.00"
"応用技術","4356","東証","○","-","-","0","-","無","0.40","1,658","10","1.15 %","-","9","1,800","-0.48 %","信用","0.00"
"オーネックス","5987","東証","○","-","-","1,500","-","無","0.90","1,659","0","1.15 %","-","8","800","-0.06 %","信用","0.00"
"セラク","6199","東証","○","-","○","1,700","-","無","0.00","1,318","11","1.15 %","-","124","24,400","-1.42 %","貸借","0.00"
"ＯＮＥＥＴＦ日経２２５","1369","東証","○","-","-","160","-","無","0.00","70,800","1,800","1.14 %","-","132","15,966","-0.04 %","貸借","0.00"
"タウンニュース社","2481","東証","○","-","-","100","-","無","0.50","706","6","1.14 %","-","22","4,300","-4.46 %","信用","0.00"
"オリエンタルランド","4661","東証","○","-","○","549,600","03/29","有","0.00","2,837.0","20.5","1.14 %","-","6,467","3,400,000","-2.32 %","貸借","0.15"
"アイサンテクノロジー","4667","東証","○","-","-","9,700","03/29","有","1.00","1,056","5","1.14 %","-","2,055","439,600","-5.37 %","信用","0.00"
"インテリジェントウェイブ","4847","東証","○","-","-","600","-","無","0.00","1,500","28","1.14 %","-","258","60,200","0.00 %","貸借","0.05"
"ＳＱＵＥＥＺＥ","558A","東証","○","-","-","400","-","無","6.90","6,200","60","1.14 %","-","68","9,800","-3.87 %","信用","0.00"
"藤田観光","9722","東証","○","-","○","0","12/28","有","0.00","3,080","75","1.14 %","-","1,109","385,300","-0.64 %","貸借","0.15"
"ＮＮ金先物ベアＥＴＮ","2037","東証","○","-","-","66","-","無","2.00","1,332","8","1.13 %","-","71","2,413","-0.22 %","信用","0.00"
"ＩＳＭＳＣＩ日株気候","2250","東証","○","-","-","20","-","無","0.40","374.5","-2.8","1.13 %","-","15","2,050","-3.47 %","貸借","0.00"
"ＡＤＥＫＡ","4401","東証","○","-","○","14,600","-","無","0.00","4,733","121","1.13 %","-","1,095","247,400","0.00 %","貸借","0.00"
"大森屋","2917","東証","○","-","-","0","09/28","有","0.80","900","11","1.12 %","-","5","1,300","0.00 %","信用","0.00"
"リックソフト","4429","東証","○","-","-","20,800","-","無","0.00","721","3","1.12 %","-","7","1,500","-1.09 %","貸借","0.00"
"安川電機","6506","東証","○","-","○","73,300","-","無","0.00","4,931","125","1.12 %","-","11,220","4,630,100","0.00 %","貸借","0.00"
"エスケーエレクトロニクス","6677","東証","○","-","-","2,600","-","無","2.50","3,160","55","1.12 %","-","352","126,700","-1.25 %","信用","0.00"
"ダイトロン","7609","東証","○","-","○","12,600","-","無","0.00","4,510","160","1.12 %","-","498","109,300","-0.98 %","貸借","0.00"
"ＴＡＬＥＮＴＸ","330A","東証","○","-","-","0","-","無","0.50","544","8","1.11 %","-","95","16,400","-3.03 %","信用","0.00"
"電算","3640","東証","○","-","-","100","-","無","0.00","2,715","31","1.11 %","-","45","7,500","-0.91 %","貸借","0.00"
"ブロードバンドタワー","3776","東証","○","-","-","23,800","-","無","0.10","271","6","1.11 %","-","337","373,900","-1.45 %","信用","0.00"
"ＷＡＱＯＯ","4937","東証","○","-","-","900","09/28","有","1.50","2,354","-24","1.11 %","-","19","44,700","-1.91 %","信用","0.00"
"朝日ラバー","5162","東証","○","-","-","100","-","無","0.80","815","17","1.11 %","-","56","10,800","0.00 %","貸借","0.05"
"シライ電子工業","6658","東証","○","-","-","1,000","-","無","0.20","452","5","1.11 %","-","119","50,200","-0.65 %","信用","0.00"
"ギックス","9219","東証","○","-","-","0","-","無","0.70","908","14","1.11 %","-","22","3,900","-0.21 %","貸借","0.00"
"ＴＲＥホールディングス","9247","東証","○","-","○","24,500","03/29","有","0.00","1,719","48","1.11 %","-","1,339","353,400","-0.80 %","貸借","0.00"
"信越化学","4063","東証","○","-","○","135,700","-","無","0.00","6,218","188","1.10 %","-","11,074","6,995,600","0.00 %","貸借","0.00"
"日立建機","6305","東証","○","-","○","24,100","-","無","0.00","5,684","134","1.10 %","-","4,700","1,108,500","-0.50 %","貸借","0.00"
"ハウスフリーダム","8996","東証","○","-","-","2,300","-","無","0.90","1,101","-3","1.10 %","-","10","1,800","-0.90 %","貸借","0.00"
"ＧＥＮＤＡ","9166","東証","○","-","-","9,000","01/27","有","1.20","640","12","1.10 %","-","1,271","750,600","-3.61 %","貸借","0.00"
"太洋物産","9941","東証","○","-","-","0","-","無","1.30","1,097","14","1.10 %","-","96","15,600","-1.08 %","信用","0.00"
"日東富士製粉","2003","東証","○","-","○","14,900","-","無","0.00","1,854","15","1.09 %","-","94","23,300","-1.74 %","貸借","0.00"
"東レ","3402","東証","○","-","○","161,800","-","無","0.00","1,243.5","20.0","1.09 %","-","3,256","3,410,100","-0.87 %","貸借","0.00"
"中央自動車","8117","東証","○","-","-","2,500","03/29","有","0.00","2,122","45","1.09 %","-","696","161,900","-0.65 %","貸借","0.00"
"ＪＴＰ","2488","東証","○","-","-","100","-","無","0.30","1,401","14","1.08 %","-","24","3,400","-2.09 %","信用","0.00"
"すららネット","3998","東証","○","-","-","0","12/28","有","0.00","280","-2","1.08 %","-","25","7,000","-2.09 %","貸借","0.00"
"ミルボン","4919","東証","○","-","○","0","12/28","有","0.00","3,250","35","1.08 %","-","414","173,900","-1.36 %","貸借","0.00"
"フジミインコーポレーテッド","5384","東証","○","-","○","8,400","-","無","0.00","3,710","150","1.08 %","-","1,056","317,900","-0.80 %","貸借","0.00"
"ＩＳシルバーＥＴＦ","568A","東証","○","-","-","1,310","-","無","0.10","158.7","0.5","1.08 %","-","93","65,250","-0.37 %","信用","0.00"
"牧野フライス","6135","東証","○","-","○","132,500","-","無","0.00","3,250","75","1.08 %","-","950","459,200","-0.15 %","貸借","0.00"
"クオリプス","4894","東証","○","-","-","1,700","-","無","19.90","6,580","320","1.07 %","-","1,055","300,200","-4.36 %","信用","0.00"
"アマテイ","5952","東証","○","-","-","0","03/29","有","0.20","188","1","1.07 %","-","21","9,700","-0.52 %","信用","0.00"
"イー・ロジット","9327","東証","○","-","-","0","-","無","0.20","188","3","1.07 %","-","5","1,400","-0.52 %","信用","0.00"
"ＴＢＳホールディングス","9401","東証","○","-","○","10,500","03/29","有","0.00","5,906","105","1.07 %","-","2,030","460,500","-0.62 %","貸借","0.00"
"旭情報サービス","9799","東証","○","-","-","100","03/29","有","0.30","944","9","1.07 %","-","10","3,000","-0.21 %","信用","0.00"
"セイコーエプソン","6724","東証","○","-","○","17,300","-","無","0.00","3,335.0","51.0","1.06 %","-","2,681","1,105,500","-0.41 %","貸借","0.20"
"ＡｅｒｏＥｄｇｅ","7409","東証","○","-","-","2,800","-","無","2.00","1,514","39","1.06 %","-","646","136,400","-2.19 %","信用","0.00"
"オーハシテクニカ","7628","東証","○","-","○","6,300","03/29","有","0.00","1,141","14","1.06 %","-","269","61,000","-2.06 %","貸借","0.00"
"ナイガイ","8013","東証","○","-","-","0","01/27","有","0.40","378","-3","1.06 %","-","13","3,700","-1.30 %","貸借","0.00"
"ＡＢ＆ＣＯＭＰＡＮＹ","9251","東証","○","-","-","2,000","10/28","有","1.00","1,524","16","1.06 %","-","289","94,600","-2.92 %","信用","0.00"
"ＩＦキャセイ台湾テックリータ","413A","東証","○","-","-","211","-","無","1.00","4,320","214","1.05 %","-","220","10,524","0.00 %","信用","0.00"
"ニッキ","6042","東証","○","-","-","0","-","無","3.10","3,840","40","1.05 %","-","7","2,800","-0.13 %","信用","0.00"
"ＮＩＴＴＡＮ","6493","東証","○","-","-","1,000","03/29","有","0.60","481","9","1.05 %","-","139","38,700","-0.41 %","信用","0.00"
"サンケン電気","6707","東証","○","-","○","2,000","-","無","0.00","7,261","313","1.05 %","-","1,088","214,800","-0.64 %","貸借","0.00"
"帝国通信工業","6763","東証","○","-","○","2,100","-","無","0.00","2,879","30","1.05 %","-","98","17,300","-0.31 %","貸借","0.15"
"三菱自動車工業","7211","東証","○","-","-","94,500","-","無","0.00","343.6","6.3","1.05 %","-","5,977","6,839,200","-2.10 %","貸借","0.00"
"白洋舎","9731","東証","○","-","-","100","12/28","有","2.80","3,365","30","1.05 %","-","12","1,400","-0.29 %","信用","0.00"
"ソフトウェア・サービス","3733","東証","○","-","-","0","-","無","0.00","11,650","120","1.04 %","-","4","800","0.00 %","貸借","0.00"
"グローバルＸチャイナテック","380A","東証","○","-","-","221","-","無","0.00","871","-8","1.04 %","-","67","4,865","-2.13 %","貸借","0.00"
"住友電工","5802","東証","○","-","○","332,600","-","無","0.00","2,466.0","14.0","1.04 %","-","30,613","20,652,900","-1.08 %","貸借","0.00"
"ＪＲＣ","6224","東証","○","-","-","100","-","無","0.30","1,155","13","1.04 %","-","89","17,500","-2.85 %","信用","0.00"
"ＳＯＭＰＯホールディングス","8630","東証","○","-","○","92,100","-","無","0.00","6,575","52","1.04 %","-","4,908","2,073,700","-1.42 %","貸借","0.00"
"ＧＸガバナンス日株ＥＴＦ","2636","東証","○","-","-","1","-","無","0.00","5,072","84","1.03 %","-","12","20","-0.05 %","貸借","0.00"
"ワシントンホテル","4691","東証","○","-","-","1,200","03/29","有","0.80","2,041","37","1.03 %","-","334","58,800","-0.43 %","信用","0.00"
"ＩＮＥＳＴ","7111","東証","○","-","-","400","-","無","0.90","585","-4","1.03 %","-","19","2,800","-0.84 %","信用","0.00"
"伯東","7433","東証","○","-","○","42,400","-","無","0.00","1,860","24","1.03 %","-","1,223","320,400","-2.56 %","貸借","0.00"
"ＡＶｉＣ","9554","東証","○","-","-","400","-","無","1.30","1,758","58","1.03 %","-","107","20,900","-0.95 %","信用","0.00"
"ＮＦＴＰＸ３０","1311","東証","○","-","-","269","-","無","0.00","2,176","36","1.02 %","-","227","14,212","-0.36 %","貸借","5.00"
"楽天２２５ダブルブル","1458","東証","○","-","-","1,293","-","無","0.00","93,000","4,500","1.02 %","-","9,018","129,312","-0.34 %","貸借","0.00"
"メディアスホールディングス","3154","東証","○","-","-","200","06/28","有","0.00","785","8","1.02 %","-","80","21,300","-1.87 %","貸借","0.05"
"ネットイヤーグループ","3622","東証","○","-","-","300","-","無","0.20","495","5","1.02 %","-","7","11,300","-0.80 %","信用","0.00"
"日本パ－カライジング","4095","東証","○","-","○","5,600","-","無","0.00","1,790","28","1.01 %","-","582","201,300","0.00 %","貸借","0.00"
"ロブテックス","5969","東証","○","-","-","600","03/29","有","0.60","1,199","0","1.01 %","-","3","300","0.00 %","信用","0.00"
"兼松エンジニアリング","6402","東証","○","-","-","0","-","無","0.90","1,598","16","1.01 %","-","7","1,000","-2.38 %","信用","0.00"
"ピクセラ","6731","東証","○","-","-","1,700","-","無","0.20","100","1","1.01 %","-","41","28,700","-0.99 %","信用","0.00"
"ティラド","7236","東証","○","-","○","41,200","-","無","0.00","1,490","24","1.01 %","-","490","162,000","-0.20 %","貸借","0.00"
"ワイヤレスゲート","9419","東証","○","-","-","0","12/28","有","0.20","298","5","1.01 %","-","28","9,100","-0.66 %","貸借","0.00"
"ＮＦ商社卸売Ｔ１７","1629","東証","○","-","-","0","-","無","0.00","272.7","2.5","1.00 %","-","382","803,700","-0.83 %","貸借","0.00"
"日本毛織","3201","東証","○","-","○","11,300","11/26","有","0.00","1,917","19","1.00 %","-","249","63,600","-1.84 %","貸借","0.05"
"フジ・メディア・ＨＤ","4676","東証","○","-","○","36,300","03/29","有","0.00","3,919","35","1.00 %","-","2,428","753,700","-2.00 %","貸借","0.00"
"鈴茂器工","6405","東証","○","-","-","500","03/29","有","0.70","1,303","13","1.00 %","-","73","14,100","-1.88 %","信用","0.00"
"ツナググループＨＬＤＧＳ","6551","東証","○","-","-","0","03/29","有","1.30","606","3","1.00 %","-","45","14,300","-1.46 %","貸借","0.00"
"日本信号","6741","東証","○","-","○","14,700","-","無","0.00","1,804","41","1.00 %","-","595","153,900","-0.49 %","貸借","0.00"
"ＳＥホール＆インキュベ","9478","東証","○","-","-","500","-","無","0.20","505","5","1.00 %","-","50","16,900","0.00 %","信用","0.00"
"業界改革厳選ＲＥＩＴ","396A","東証","○","-","-","40","-","無","0.30","456.0","1.7","0.99 %","-","6","2,060","-0.43 %","信用","0.00"
"ニューラルグループ","4056","東証","○","-","-","3,200","-","無","0.30","204","4","0.99 %","-","238","160,600","-2.85 %","信用","0.00"
"リブ・コンサルティング","480A","東証","○","-","-","400","-","無","0.90","1,016","25","0.99 %","-","60","10,100","-1.35 %","信用","0.00"
"ジェイテクト","6473","東証","○","-","○","29,200","-","無","0.00","2,172.0","52.0","0.99 %","-","2,502","1,062,600","-0.04 %","貸借","0.00"
"双葉電子工業","6986","東証","○","-","○","37,200","-","無","0.00","712","8","0.99 %","-","630","234,000","-3.91 %","貸借","0.00"
"タカラスタンダ－ド","7981","東証","○","-","○","3,400","-","無","0.00","3,040","20","0.99 %","-","203","88,100","0.00 %","貸借","0.00"
"福山通運","9075","東証","○","-","○","1,700","-","無","0.00","6,090","210","0.99 %","-","446","137,700","-0.49 %","貸借","0.10"
"佐藤食品工業","2814","東証","○","-","-","0","03/29","有","1.10","1,739","9","0.98 %","-","15","2,600","-4.39 %","信用","0.00"
"ＷＤＩ","3068","東証","○","-","-","0","03/29","有","1.30","3,080","0","0.98 %","-","9","3,300","-0.80 %","信用","0.00"
"クラレ","3405","東証","○","-","○","0","12/28","有","0.00","1,788.5","17.5","0.98 %","-","2,580","1,207,300","-0.74 %","貸借","0.00"
"三菱ケミカルグループ","4188","東証","○","-","○","307,600","-","無","0.00","1,173.5","30.5","0.98 %","-","5,815","6,301,100","-0.63 %","貸借","0.00"
"日本化薬","4272","東証","○","-","○","29,500","-","無","0.00","2,108.5","25.0","0.98 %","-","2,290","650,000","-1.00 %","貸借","0.00"
"ＴＥＩＫＯＫＵ","6333","東証","○","-","○","4,100","03/29","有","0.00","3,605","40","0.98 %","-","193","35,200","-0.13 %","貸借","0.20"
"ダイヘン","6622","東証","○","-","○","66,000","-","無","0.00","2,878","102","0.98 %","-","3,907","1,482,700","-1.47 %","貸借","0.00"
"東京コスモス","6772","東証","○","-","-","0","-","無","0.60","1,030","30","0.98 %","-","13","2,700","-0.19 %","信用","0.00"
"ＯＢＡＲＡＧＲＯＵＰ","6877","東証","○","-","-","800","-","無","0.00","6,160","260","0.98 %","-","396","74,300","-0.32 %","貸借","0.00"
"大日本印刷","7912","東証","○","-","○","29,800","-","無","0.00","3,029.0","35.0","0.98 %","-","4,632","2,144,900","-1.17 %","貸借","0.00"
"滋賀銀行","8366","東証","○","-","○","18,400","03/29","有","0.00","3,075","55","0.98 %","-","780","386,400","-0.16 %","貸借","0.00"
"エバラ食品工業","2819","東証","○","-","○","6,200","03/29","有","0.00","2,473","22","0.97 %","-","48","8,200","-0.64 %","貸借","0.00"
"やまみ","2820","東証","○","-","-","300","-","無","5.30","6,220","60","0.97 %","-","56","7,400","-1.89 %","信用","0.00"
"ビューティガレージ","3180","東証","○","-","-","0","10/28","有","0.00","1,660","20","0.97 %","-","129","24,000","-2.00 %","貸借","0.00"
"片倉コープアグリ","4031","東証","○","-","-","200","-","無","0.80","1,031","13","0.97 %","-","53","8,000","-3.46 %","貸借","0.00"
"トリプルアイズ","5026","東証","○","-","-","100","-","無","1.60","621","10","0.97 %","-","51","16,300","-2.96 %","信用","0.00"
"オムロン","6645","東証","○","-","○","15,500","-","無","0.00","6,597","201","0.97 %","-","4,223","1,133,000","-0.18 %","貸借","0.00"
"ソマール","8152","東証","○","-","-","100","-","無","0.20","7,260","90","0.97 %","-","24","4,800","0.00 %","信用","0.00"
"リンガーハツト","8200","東証","○","-","-","700","02/24","有","4.80","2,282","12","0.97 %","-","158","40,800","-0.91 %","貸借","0.10"
"ＧＶＡＴＥＣＨ","298A","東証","○","-","-","100","-","無","0.20","313","3","0.96 %","-","13","2,600","-3.69 %","信用","0.00"
"東名","4439","東証","○","-","-","0","02/24","有","1.10","841","4","0.96 %","-","18","2,700","-0.70 %","貸借","0.00"
"フマキラー","4998","東証","○","-","-","0","03/29","有","1.10","1,153","22","0.96 %","-","102","25,300","-1.03 %","貸借","0.00"
"日本カーボン","5302","東証","○","-","○","0","12/28","有","0.00","5,230","60","0.96 %","-","175","54,700","-1.13 %","貸借","0.00"
"宮入バルブ","6495","東証","○","-","-","3,700","-","無","0.10","105","1","0.96 %","-","59","124,800","-3.66 %","信用","0.00"
"小糸製作所","7276","東証","○","-","○","8,100","03/29","有","0.00","2,715.5","28.5","0.96 %","-","2,370","782,500","-0.64 %","貸借","0.00"
"オリックス","8591","東証","○","-","○","217,000","-","無","0.00","5,850","105","0.96 %","-","7,717","4,002,300","-1.09 %","貸借","0.00"
"帝国ホテル","9708","東証","○","-","-","1,400","03/29","有","0.00","941","10","0.96 %","-","258","82,100","-0.73 %","貸借","0.00"
"上場日経２倍","1358","東証","○","-","-","135","-","無","0.00","147,900","6,300","0.95 %","-","1,080","13,500","-0.63 %","貸借","0.00"
"昭和産業","2004","東証","○","-","○","2,000","03/29","有","0.00","3,695","5","0.95 %","-","244","51,300","-1.46 %","貸借","0.00"
"明治電機工業","3388","東証","○","-","○","8,400","-","無","0.00","2,109","13","0.95 %","-","110","22,100","-0.70 %","貸借","0.00"
"ＧＸ総合商社＆資源","609A","東証","○","-","-","702","-","無","1.00","1,060","9","0.95 %","-","278","23,551","-0.74 %","信用","0.00"
"インデックスファンド２２５","1330","東証","○","-","-","520","-","無","0.00","72,820","1,410","0.94 %","-","875","89,717","-0.23 %","貸借","5.00"
"純銀上場信託","1542","東証","○","-","-","300","-","無","0.00","28,170","-60","0.94 %","-","2,157","25,471","-0.73 %","貸借","0.00"
"クオンタムソリューションズ","2338","東証","○","-","-","0","-","無","0.70","107","2","0.94 %","-","94","98,700","-1.83 %","-","0.00"
"ｅＢＡＳＥ","3835","東証","○","-","○","15,500","-","無","0.00","429","4","0.94 %","-","125","76,100","-0.69 %","貸借","0.00"
"チャームケアコーポレーション","6062","東証","○","-","○","1,900","-","無","0.00","1,383","14","0.94 %","-","328","82,300","-2.67 %","貸借","0.00"
"不二精機","6400","東証","○","-","-","0","-","無","0.00","322","6","0.94 %","-","80","55,700","-0.30 %","貸借","0.00"
"メガチップス","6875","東証","○","-","○","3,300","-","無","0.00","11,790","220","0.94 %","-","554","120,000","-1.33 %","貸借","0.00"
"サンウェルズ","9229","東証","○","-","-","0","-","無","0.10","107","0","0.94 %","-","233","89,900","-1.83 %","貸借","0.00"
"森組","1853","東証","○","-","-","600","-","無","0.20","323","3","0.93 %","-","32","13,700","-1.22 %","信用","0.00"
"ＲＯＸＸ","241A","東証","○","-","-","0","-","無","0.90","434","6","0.93 %","-","27","8,900","-0.22 %","貸借","0.00"
"プラスアルファ・コンサルティン","4071","東証","○","-","○","17,200","-","無","0.00","2,049","20","0.93 %","-","716","131,800","-0.58 %","貸借","0.05"
"恵和","4251","東証","○","-","○","12,600","-","無","0.00","1,184","11","0.93 %","-","208","55,700","-0.67 %","貸借","0.00"
"ＮＩＳＳＨＡ","7915","東証","○","-","○","12,000","06/28","有","0.00","1,077","20","0.93 %","-","1,059","572,200","-1.19 %","貸借","0.00"
"群馬銀行","8334","東証","○","-","-","13,400","03/29","有","0.00","3,032.0","43.0","0.93 %","-","3,182","872,200","-4.05 %","貸借","0.00"
"西武ホールディングス","9024","東証","○","-","○","22,300","03/29","有","0.00","3,544.0","2.0","0.93 %","-","2,734","944,800","-1.47 %","貸借","0.20"
"ＴＯＰＩＸブル２倍投信","1568","東証","○","-","-","19,410","-","無","0.00","1,039.5","30.5","0.92 %","-","1,026","1,252,480","0.00 %","貸借","0.00"
"トリドールホールディングス","3397","東証","○","-","-","4,100","03/29","有","3.60","4,159","-8","0.92 %","-","1,045","298,600","-0.83 %","貸借","0.10"
"メディア工房","3815","東証","○","-","-","0","02/24","有","0.40","436","4","0.92 %","-","33","9,600","-0.45 %","信用","0.00"
"ＣＫサンエツ","5757","東証","○","-","○","2,200","03/29","有","0.40","4,930","15","0.92 %","-","69","9,600","-2.56 %","信用","0.00"
"ニレコ","6863","東証","○","-","-","3,100","-","無","0.40","1,088","24","0.92 %","-","332","70,500","-3.20 %","信用","0.00"
"三社電機製作所","6882","東証","○","-","-","0","-","無","0.00","1,202","13","0.92 %","-","106","19,300","-0.90 %","貸借","0.00"
"伊藤園","2593","東証","○","-","○","45,200","-","無","0.00","3,088.0","3.0","0.91 %","-","1,177","303,500","-1.02 %","貸借","0.10"
"ＰＫＳＨＡＴＥＣＨＮＯＬＯＧＹ","3993","東証","○","-","-","3,000","-","無","2.10","3,325","55","0.91 %","-","729","299,100","-0.59 %","貸借","0.00"
"マクセル","6810","東証","○","-","○","18,800","-","無","0.00","2,634","42","0.91 %","-","512","128,900","-0.03 %","貸借","0.00"
"横河電機","6841","東証","○","-","○","16,000","-","無","0.00","4,733","26","0.91 %","-","2,682","1,406,000","-1.23 %","貸借","0.00"
"アップガレージグループ","7134","東証","○","-","-","100","03/29","有","1.20","1,427","12","0.91 %","-","34","4,300","-1.24 %","貸借","0.00"
"ハイレックスコーポレーション","7279","東証","○","-","-","700","-","無","0.00","2,428","23","0.91 %","-","419","67,800","-0.53 %","貸借","0.15"
"千葉銀行","8331","東証","○","-","○","52,000","03/29","有","0.00","2,805.5","34.5","0.91 %","-","6,798","2,571,300","-1.66 %","貸借","0.00"
"東京エネシス","1945","東証","○","-","○","16,800","-","無","0.00","2,116","28","0.90 %","-","520","123,800","-0.98 %","貸借","0.00"
"ドーン","2303","東証","○","-","-","300","-","無","0.50","1,338","4","0.90 %","-","24","3,000","-1.10 %","信用","0.00"
"東洋紡","3101","東証","○","-","○","83,400","-","無","0.00","1,675","28","0.90 %","-","1,242","403,000","-0.23 %","貸借","0.00"
"クリエイト・レストランツ・ホール","3387","東証","○","-","-","8,900","02/24","有","0.00","777","6","0.90 %","-","863","691,800","-0.76 %","貸借","0.05"
"ＣＲＩ・ミドルウェア","3698","東証","○","-","-","0","-","無","0.00","1,223","11","0.90 %","-","34","4,600","-0.64 %","貸借","0.00"
"藤倉化成","4620","東証","○","-","○","13,000","-","無","0.00","1,110","21","0.90 %","-","421","96,500","0.00 %","貸借","0.00"
"イボキン","5699","東証","○","-","-","0","-","無","0.80","1,567","16","0.90 %","-","20","2,500","0.00 %","信用","0.00"
"ＩＢＪ","6071","東証","○","-","○","100","12/28","有","0.00","895","12","0.90 %","-","492","144,400","-1.86 %","貸借","0.00"
"キッツ","6498","東証","○","-","○","0","12/28","有","0.00","2,117","56","0.90 %","-","814","264,700","-0.18 %","貸借","0.00"
"ヒロセ電機","6806","東証","○","-","○","1,600","-","無","0.00","25,740","525","0.90 %","-","622","120,300","-0.71 %","貸借","0.00"
"日本ケミコン","6997","東証","○","-","○","40,100","-","無","0.00","2,465","122","0.90 %","-","5,929","1,715,700","-2.41 %","貸借","0.00"
"日本航空","9201","東証","○","-","○","283,200","03/29","有","0.00","3,011.0","22.0","0.90 %","-","4,503","2,369,800","-0.65 %","貸借","0.00"
"ＮＳＷ","9739","東証","○","-","○","3,300","-","無","0.20","2,575","26","0.90 %","-","147","34,500","-2.38 %","信用","0.00"
"ＧＸメタルビジ日株","2646","東証","○","-","-","0","-","無","0.00","3,835","53","0.89 %","-","87","3,974","-0.38 %","貸借","0.00"
"サンエー化研","4234","東証","○","-","-","400","-","無","0.80","1,010","10","0.89 %","-","46","10,800","-1.36 %","信用","0.00"
"ウルトラファブリックスＨＤ","4235","東証","○","-","-","800","-","無","0.30","680","6","0.89 %","-","206","36,900","-0.72 %","信用","0.00"
"協立エアテック","5997","東証","○","-","-","4,900","-","無","0.40","899","-1","0.89 %","-","4","500","-0.77 %","信用","0.00"
"長瀬産業","8012","東証","○","-","○","86,400","03/29","有","0.00","1,181.5","30.0","0.89 %","-","1,978","1,058,700","-0.83 %","貸借","0.00"
"ＭＸ米債７－１０へ有","2839","東証","○","-","-","1","-","無","5.00","4,792","-1","0.88 %","-","4","139","-0.04 %","貸借","0.00"
"ＩＦナス１００Ｗベア","2870","東証","○","-","-","196","-","無","0.00","6,951","-68","0.88 %","-","543","14,313","-2.11 %","貸借","0.00"
"リケンテクノス","4220","東証","○","-","○","14,100","03/29","有","0.00","2,395","50","0.88 %","-","664","136,800","-0.53 %","貸借","0.00"
"富士フイルムＨＬＤＧＳ","4901","東証","○","-","○","170,400","03/29","有","0.00","3,404.0","90.0","0.88 %","-","7,093","4,834,100","-0.40 %","貸借","0.00"
"西松屋チェーン","7545","東証","○","-","○","19,400","02/17","有","0.00","1,939","19","0.88 %","-","855","316,700","-1.92 %","貸借","0.00"
"宮崎銀行","8393","東証","○","-","○","28,000","03/29","有","0.00","2,967","70","0.88 %","-","1,324","339,900","-1.10 %","貸借","0.00"
"ＡＩフュージョン","254A","東証","○","-","-","600","12/28","有","0.60","1,150","10","0.87 %","-","94","16,500","-0.51 %","信用","0.00"
"ＡＩストーム","3719","東証","○","-","-","0","12/28","有","0.10","115","1","0.87 %","-","78","273,900","-3.36 %","信用","0.00"
"花王","4452","東証","○","-","○","0","12/28","有","0.00","3,470.0","31.0","0.87 %","-","3,617","2,323,300","-0.74 %","貸借","0.00"
"生化学工業","4548","東証","○","-","○","15,300","-","無","0.00","574","3","0.87 %","-","385","354,900","-4.01 %","貸借","0.00"
"アイシン","7259","東証","○","-","○","52,300","-","無","0.00","2,187.5","40.0","0.87 %","-","4,755","2,314,700","-0.95 %","貸借","0.00"
"日和産業","2055","東証","○","-","-","100","-","無","0.00","349","3","0.86 %","-","12","5,700","0.00 %","貸借","0.00"
"共同ピーアール","2436","東証","○","-","-","0","12/28","有","0.20","585","5","0.86 %","-","139","29,100","-2.17 %","信用","0.00"
"トヨタ紡織","3116","東証","○","-","○","31,300","-","無","0.00","2,157.5","26.5","0.86 %","-","1,290","459,000","-1.48 %","貸借","0.00"
"エターナルホスピタリティグル","3193","東証","○","-","-","1,400","01/27","有","0.00","1,286","6","0.86 %","-","458","134,100","-1.68 %","貸借","0.00"
"田岡化学","4113","東証","○","-","-","500","-","無","0.10","817","9","0.86 %","-","88","21,300","-1.08 %","信用","0.00"
"インフォネットグループ","4444","東証","○","-","-","0","03/29","有","0.80","930","0","0.86 %","-","6","1,100","-1.69 %","信用","0.00"
"日華化学","4463","東証","○","-","-","300","12/28","有","1.40","1,988","19","0.86 %","-","92","29,700","-1.14 %","貸借","0.00"
"リアルゲイト","5532","東証","○","-","-","300","-","無","4.50","3,485","-15","0.86 %","-","66","13,600","-2.78 %","信用","0.00"
"木村化工機","6378","東証","○","-","-","0","-","無","0.00","1,170","19","0.86 %","-","306","82,400","-1.68 %","貸借","0.00"
"戸上電機","6643","東証","○","-","-","100","-","無","0.00","5,840","250","0.86 %","-","34","11,300","-2.66 %","貸借","0.00"
"サンコー","6964","東証","○","-","-","100","-","無","0.30","703","9","0.86 %","-","15","4,000","0.00 %","信用","0.00"
"エスコン","8892","東証","○","-","-","2,800","12/28","有","0.00","1,053","9","0.86 %","-","604","262,100","-2.22 %","貸借","0.00"
"三井松島ＨＬＤＧＳ","1518","東証","○","-","○","37,900","03/29","有","0.00","2,231","24","0.85 %","-","866","207,000","-1.67 %","貸借","0.00"
"中国Ｈ株ブル２倍","1572","東証","○","-","-","0","-","無","0.00","6,348","45","0.85 %","-","20","1,730","-3.96 %","貸借","0.00"
"ＮＺＡＭ日経２２５","2525","東証","○","-","-","0","-","無","70.00","70,910","1,790","0.85 %","-","29","3,101","-0.12 %","貸借","0.00"
"ＧＸロボ＆ＡＩ日株ＥＴＦ","2638","東証","○","-","-","415","-","無","0.00","2,842","61","0.85 %","-","488","41,435","-0.03 %","貸借","0.00"
"サイバーセキュリティクラウド","4493","東証","○","-","-","7,500","-","無","1.50","2,118","145","0.85 %","-","3,172","745,300","-1.39 %","貸借","0.05"
"ｔｒｉｐｌａ","5136","東証","○","-","-","1,900","-","無","1.40","2,465","71","0.85 %","-","540","81,800","-3.71 %","信用","0.00"
"中部鋼鈑","5461","東証","○","-","○","12,500","-","無","0.00","2,125","15","0.85 %","-","610","117,900","-0.42 %","貸借","0.15"
"ベイカレント","6532","東証","○","-","○","16,900","-","無","0.00","8,014","-82","0.85 %","-","3,490","935,400","-1.32 %","貸借","0.00"
"ＨＡＮＡＴＯＵＲＪＡＰＡＮ","6561","東証","○","-","-","300","-","無","0.80","827","7","0.85 %","-","35","8,300","-3.16 %","信用","0.00"
"日東電工","6988","東証","○","-","○","37,800","-","無","0.00","3,554.0","48.0","0.85 %","-","4,703","2,324,000","-0.69 %","貸借","0.00"
"福田組","1899","東証","○","-","-","500","12/28","有","0.00","4,790","55","0.84 %","-","132","26,200","-1.44 %","貸借","0.00"
"リップス","373A","東証","○","-","-","100","08/27","有","1.40","1,551","13","0.84 %","-","24","5,300","-0.32 %","信用","0.00"
"ブリヂストン","5108","東証","○","-","○","124,100","-","無","0.00","3,829","49","0.84 %","-","5,075","3,050,400","-1.03 %","貸借","0.00"
"旭コンクリ－ト","5268","東証","○","-","-","100","-","無","0.40","831","0","0.84 %","-","3","1,700","-1.18 %","信用","0.00"
"共立メンテナンス","9616","東証","○","-","○","49,500","03/29","有","0.00","3,214.0","54.0","0.84 %","-","1,615","478,000","-2.60 %","貸借","0.00"
"テーオーホールディングス","9812","東証","○","-","-","0","-","無","0.30","240","3","0.84 %","-","25","6,500","0.00 %","信用","0.00"
"宝ホールディングス","2531","東証","○","-","-","0","12/28","有","0.00","2,646.5","46.5","0.83 %","-","3,221","1,037,400","-0.88 %","貸借","0.05"
"Ｎｏ．１","3562","東証","○","-","-","0","-","無","1.00","1,575","14","0.83 %","-","50","10,600","-0.94 %","信用","0.00"
"ジェイ・エスコムＨＬＤＧＳ","3779","東証","○","-","-","0","-","無","0.10","121","1","0.83 %","-","17","8,000","-0.81 %","信用","0.00"
"コラボス","3908","東証","○","-","-","200","03/29","有","0.30","363","0","0.83 %","-","19","3,100","-0.27 %","信用","0.00"
"住友重機械","6302","東証","○","-","○","9,700","-","無","0.00","6,310","94","0.83 %","-","2,685","804,800","-1.15 %","貸借","0.00"
"ＪＵＫＩ","6440","東証","○","-","○","31,500","-","無","0.00","846","14","0.83 %","-","772","240,600","-3.20 %","貸借","0.00"
"エムスリー","2413","東証","○","-","○","93,400","-","無","0.00","1,763.5","10.5","0.82 %","-","7,029","2,628,200","-2.38 %","貸借","0.00"
"大和工業","5444","東証","○","-","○","9,400","-","無","0.00","12,250","225","0.82 %","-","627","156,700","-0.32 %","貸借","0.00"
"ＩＳプラチナＥＴＦ","569A","東証","○","-","-","250","-","無","0.30","170.8","-0.9","0.82 %","-","37","12,250","-1.04 %","信用","0.00"
"アイダエンジニア","6118","東証","○","-","○","10,900","-","無","0.00","1,227","19","0.82 %","-","477","220,900","-0.72 %","貸借","0.00"
"ＳＭＩＬＥＨＯＬＤＩＮＧＳ","7084","東証","○","-","-","200","03/29","有","0.50","2,823","-5","0.82 %","-","34","4,300","-0.94 %","信用","0.00"
"ふくおかフィナンシャルＧ","8354","東証","○","-","○","24,900","03/29","有","0.00","7,853","64","0.82 %","-","4,194","821,500","-1.22 %","貸借","0.00"
"野村ホールディングス","8604","東証","○","-","○","702,000","-","無","0.00","1,527.0","20.0","0.82 %","-","7,623","9,389,000","-2.05 %","貸借","0.00"
"テクノ菱和","1965","東証","○","-","-","2,600","03/29","有","0.00","2,362","54","0.81 %","-","1,364","255,400","-0.96 %","貸借","0.00"
"ＭＩＸＩ","2121","東証","○","-","○","21,300","-","無","0.00","3,690","-5","0.81 %","-","351","138,000","-1.46 %","貸借","0.00"
"リクルートホールディングス","6098","東証","○","-","○","63,700","-","無","0.00","16,635","-50","0.81 %","-","5,666","2,917,200","-2.06 %","貸借","0.00"
"九州フィナンシャルＧ","7180","東証","○","-","○","66,900","-","無","0.00","1,722.5","26.5","0.81 %","-","3,449","1,146,700","-2.04 %","貸借","0.00"
"富山第一銀行","7184","東証","○","-","○","12,200","-","無","0.00","3,710","70","0.81 %","-","520","123,300","-0.93 %","貸借","0.00"
"サンリオ","8136","東証","○","-","○","13,100","03/29","有","0.00","1,179.5","-1.5","0.81 %","-","7,710","11,411,600","-1.70 %","貸借","0.00"
"住石ホールディングス","1514","東証","○","-","-","2,300","-","無","1.40","623","6","0.80 %","-","388","182,600","-2.04 %","貸借","0.05"
"インデックスＦ２２５ミニ","1578","東証","○","-","-","145","-","無","4.00","5,620","145","0.80 %","-","196","5,420","-0.10 %","貸借","0.00"
"パレモ・ホールディングス","2778","東証","○","-","-","0","02/17","有","0.10","125","1","0.80 %","-","83","61,700","-1.57 %","貸借","0.00"
"アグレ都市デザイン","3467","東証","○","-","-","100","03/29","有","0.80","2,739","21","0.80 %","-","31","5,200","-3.04 %","信用","0.00"
"アエリア","3758","東証","○","-","-","0","12/28","有","0.00","249","2","0.80 %","-","50","10,700","0.00 %","貸借","0.00"
"ロジザード","4391","東証","○","-","-","0","-","無","0.50","1,133","9","0.80 %","-","11","2,000","-0.35 %","信用","0.00"
"ニッカトー","5367","東証","○","-","-","1,900","-","無","1.70","1,512","35","0.80 %","-","699","151,100","-1.88 %","貸借","0.10"
"イトクロ","6049","東証","○","-","-","0","-","無","0.10","252","0","0.80 %","-","16","6,000","-0.39 %","信用","0.00"
"ＳＭＣ","6273","東証","○","-","○","800","-","無","0.00","75,190","1,740","0.80 %","-","1,787","291,500","-0.89 %","貸借","0.00"
"ＮＴＮ","6472","東証","○","-","○","212,600","-","無","0.00","386.0","9.4","0.80 %","-","3,307","2,868,900","0.00 %","貸借","0.00"
"大井電気","6822","東証","○","-","-","200","-","無","2.20","4,990","0","0.80 %","-","14","2,600","-0.39 %","信用","0.00"
"小野測器","6858","東証","○","-","-","1,100","-","無","0.30","877","11","0.80 %","-","191","55,100","-0.79 %","信用","0.00"
"ＡＬＩＮＫインターネット","7077","東証","○","-","-","0","02/24","有","0.90","1,000","4","0.80 %","-","6","1,200","0.00 %","信用","0.00"
"ひろぎんＨＬＤＧＳ","7337","東証","○","-","○","130,000","03/29","有","0.00","2,391.5","17.5","0.80 %","-","1,569","498,000","-2.32 %","貸借","0.00"
"安楽亭","7562","東証","○","-","-","100","03/29","有","12.60","3,750","30","0.80 %","-","20","2,800","0.00 %","信用","0.00"
"井筒屋","8260","東証","○","-","-","0","02/24","有","0.00","376","2","0.80 %","-","24","5,400","-0.79 %","貸借","0.00"
"メタウォーター","9551","東証","○","-","○","14,400","-","無","0.00","3,145","95","0.80 %","-","349","118,400","0.00 %","貸借","0.00"
"日清製粉Ｇ本社","2002","東証","○","-","○","43,500","03/29","有","0.00","1,962.0","8.0","0.79 %","-","1,503","597,500","-1.33 %","貸借","0.00"
"ＡＲＴＩＥＮＣＥ","4634","東証","○","-","-","1,400","12/28","有","0.00","5,090","70","0.79 %","-","237","90,900","-1.16 %","貸借","0.00"
"高砂香料","4914","東証","○","-","○","13,700","-","無","0.00","1,271","19","0.79 %","-","459","156,900","-1.24 %","貸借","0.00"
"ノリタケ","5331","東証","○","-","○","16,100","03/29","有","0.00","3,785","90","0.79 %","-","493","176,300","-0.13 %","貸借","0.00"
"旭ダイヤモンド","6140","東証","○","-","-","3,500","03/29","有","0.00","1,144","26","0.79 %","-","840","326,200","-0.17 %","貸借","0.00"
"東光高岳","6617","東証","○","-","○","5,700","-","無","0.00","7,650","210","0.79 %","-","416","94,300","-0.52 %","貸借","0.00"
"正興電機製作所","6653","東証","○","-","-","600","12/28","有","0.00","2,144","67","0.79 %","-","315","56,400","-0.27 %","貸借","0.00"
"オービス","7827","東証","○","-","-","200","-","無","1.00","1,777","11","0.79 %","-","30","8,800","-0.83 %","信用","0.00"
"江崎グリコ","2206","東証","○","-","-","2,800","12/28","有","0.00","5,020","39","0.78 %","-","1,270","274,500","-1.10 %","貸借","0.25"
"ＳＢＳホールディングス","2384","東証","○","-","○","7,100","-","無","0.00","5,160","50","0.78 %","-","292","83,700","-1.33 %","貸借","0.00"
"サンエー","2659","東証","○","-","-","2,200","02/24","有","0.00","3,210","20","0.78 %","-","463","194,600","-2.13 %","貸借","0.00"
"ダイトウボウ","3202","東証","○","-","-","0","03/29","有","0.10","129","0","0.78 %","-","43","44,300","-0.76 %","信用","0.00"
"バロックジャパン","3548","東証","○","-","-","1,000","02/24","有","0.00","644","3","0.78 %","-","203","112,800","-0.30 %","貸借","0.05"
"ＮＫＫスイッチズ","6943","東証","○","-","-","100","-","無","5.30","6,400","50","0.78 %","-","7","800","0.00 %","信用","0.00"
"栄電子","7567","東証","○","-","-","0","03/29","有","0.30","641","5","0.78 %","-","43","9,900","-1.23 %","信用","0.00"
"東京センチュリー","8439","東証","○","-","○","52,300","-","無","0.00","2,618.5","33.0","0.78 %","-","2,118","778,800","-1.07 %","貸借","0.00"
"ＮＩＰＰＯＮＥＸＰＲＥＳＳ","9147","東証","○","-","○","12,900","-","無","0.00","5,744","72","0.78 %","-","2,310","650,800","-0.46 %","貸借","0.10"
"リョーサン菱洋ＨＤ","167A","東証","○","-","○","45,800","03/29","有","0.00","3,250","40","0.77 %","-","376","117,800","-2.25 %","貸借","0.00"
"デジタルアーツ","2326","東証","○","-","○","15,200","-","無","0.00","5,210","130","0.77 %","-","460","183,700","-1.13 %","貸借","0.00"
"味の素","2802","東証","○","-","○","107,300","03/29","有","0.00","5,321","109","0.77 %","-","7,782","3,177,900","-0.29 %","貸借","0.00"
"グローバルウェイ","3936","東証","○","-","-","0","-","無","0.20","130","0","0.77 %","-","71","120,600","-1.51 %","信用","0.00"
"能美防災","6744","東証","○","-","○","8,200","-","無","0.00","3,915","60","0.77 %","-","267","69,800","-2.36 %","貸借","0.00"
"シスメックス","6869","東証","○","-","○","67,000","-","無","0.00","1,831.5","13.0","0.77 %","-","3,537","2,378,600","-2.63 %","貸借","0.00"
"アルメディオ","7859","東証","○","-","-","0","03/29","有","0.30","260","2","0.77 %","-","58","16,800","-2.98 %","貸借","0.00"
"ＮＦＪＰＸプライム１５０","159A","東証","○","-","-","0","-","無","0.80","752.2","6.3","0.76 %","-","63","17,680","-0.79 %","貸借","0.00"
"ナトコ","4627","東証","○","-","-","0","-","無","1.70","2,100","16","0.76 %","-","35","4,600","-3.27 %","信用","0.00"
"ナラサキ産業","8085","東証","○","-","-","100","-","無","1.20","4,600","5","0.76 %","-","11","2,800","0.00 %","信用","0.00"
"ＮＦ銀行業","1615","東証","○","-","-","29,910","-","無","0.00","776.7","11.7","0.75 %","-","4,427","2,293,390","-2.14 %","貸借","0.00"
"ｍｅｉｔｏ","2207","東証","○","-","-","700","03/29","有","0.00","3,330","20","0.75 %","-","211","57,400","-1.33 %","貸借","0.00"
"大阪有機化学","4187","東証","○","-","○","8,300","-","無","0.00","4,675","175","0.75 %","-","488","122,500","-0.42 %","貸借","0.00"
"ジェイファーマ","520A","東証","○","-","-","17,200","-","無","0.60","400","3","0.75 %","-","2,444","1,024,400","-9.09 %","信用","0.00"
"フジオーゼックス","7299","東証","○","-","-","0","03/29","有","1.50","1,743","15","0.75 %","-","21","3,000","-2.73 %","信用","0.00"
"栃木銀行","8550","東証","○","-","○","45,200","-","無","0.00","1,204","12","0.75 %","-","1,527","637,400","-0.74 %","貸借","0.00"
"カナモト","9678","東証","○","-","○","5,300","10/28","有","0.00","5,370","40","0.75 %","-","182","56,400","-0.73 %","貸借","0.00"
"パーカーコーポレーション","9845","東証","○","-","-","400","-","無","0.10","1,340","15","0.75 %","-","62","10,900","-5.36 %","信用","0.00"
"ラキール","4074","東証","○","-","-","0","-","無","0.90","807","-1","0.74 %","-","8","1,700","-2.30 %","貸借","0.05"
"テスホールディングス","5074","東証","○","-","-","0","06/28","有","0.80","544","7","0.74 %","-","960","983,100","-0.36 %","貸借","0.00"
"丸一鋼管","5463","東証","○","-","○","27,200","03/29","有","0.00","1,692.0","25.5","0.74 %","-","1,978","851,800","-0.61 %","貸借","0.00"
"ユニ・チヤ－ム","8113","東証","○","-","○","94,400","-","無","0.00","924.8","7.3","0.74 %","-","10,248","5,084,100","-1.48 %","貸借","0.00"
"ＴＫＣ","9746","東証","○","-","○","4,700","-","無","0.00","4,035","20","0.74 %","-","212","54,100","-1.58 %","貸借","0.00"
"ベネフィットジャパン","3934","東証","○","-","-","0","03/29","有","0.80","2,318","-2","0.73 %","-","4","700","-0.08 %","信用","0.00"
"ＫＨネオケム","4189","東証","○","-","○","11,900","-","無","0.00","3,425","65","0.73 %","-","411","111,800","-0.86 %","貸借","0.00"
"三ツ星ベルト","5192","東証","○","-","○","15,400","-","無","0.00","4,125","25","0.73 %","-","233","74,900","-1.31 %","貸借","0.00"
"三菱電機","6503","東証","○","-","○","118,200","-","無","0.00","5,367","103","0.73 %","-","10,393","4,546,900","-0.37 %","貸借","0.00"
"ＮＦ機械Ｔ１７","1624","東証","○","-","-","4","-","無","118.00","86,620","1,650","0.72 %","-","59","412","-0.10 %","貸借","0.00"
"ＧＸ自動ＥＶ","2867","東証","○","-","-","7","-","無","0.00","1,667","23","0.72 %","-","21","655","-1.82 %","貸借","0.00"
"シノプス","4428","東証","○","-","-","13,800","-","無","0.00","698","5","0.72 %","-","8","900","0.00 %","貸借","0.00"
"上場日経銀行株１０","540A","東証","○","-","-","0","-","無","2.00","2,080","2","0.72 %","-","509","26,626","-2.57 %","信用","0.00"
"扶桑電通","7505","東証","○","-","-","400","09/28","有","2.20","1,944","20","0.72 %","-","71","12,000","-2.65 %","信用","0.00"
"明治ホールディングス","2269","東証","○","-","○","67,100","03/29","有","0.00","4,094","35","0.71 %","-","2,601","1,238,800","-1.84 %","貸借","0.00"
"ジンズホールディングス","3046","東証","○","-","-","2,300","08/27","有","0.00","5,600","50","0.71 %","-","554","213,100","-2.60 %","貸借","0.00"
"ＧＭＯグローバルサインＨＤ","3788","東証","○","-","○","100","10/28","有","0.00","1,982","15","0.71 %","-","118","23,900","-0.20 %","貸借","0.00"
"東ソー","4042","東証","○","-","○","114,100","-","無","0.00","2,618.5","15.5","0.71 %","-","3,263","1,440,000","-1.00 %","貸借","0.00"
"ＵＢＥ","4208","東証","○","-","○","84,300","-","無","0.00","3,374.0","55.0","0.71 %","-","2,134","609,900","-0.91 %","貸借","0.00"
"東京インキ","4635","東証","○","-","-","600","03/29","有","1.60","1,979","14","0.71 %","-","184","30,600","-2.51 %","信用","0.00"
"ニチアス","5393","東証","○","-","○","20,100","-","無","0.00","3,641.0","88.0","0.71 %","-","1,416","346,700","-0.05 %","貸借","0.00"
"オリエンタルチエン","6380","東証","○","-","-","200","-","無","2.00","3,520","25","0.71 %","-","56","6,900","-1.81 %","信用","0.00"
"エクセディ","7278","東証","○","-","○","21,800","03/29","有","0.00","5,670","50","0.71 %","-","399","184,300","-1.90 %","貸借","0.00"
"ヨンドシーホールディングス","8008","東証","○","-","○","14,800","02/24","有","0.00","2,107","-2","0.71 %","-","319","72,000","-0.51 %","貸借","0.00"
"アインホールディングス","9627","東証","○","-","○","3,200","04/27","有","0.00","5,338","14","0.71 %","-","361","73,500","-0.78 %","貸借","0.00"
"ＩＳＪＰＸ日経４００","1364","東証","○","-","-","110","-","無","3.00","3,846","45","0.70 %","-","103","11,002","0.00 %","貸借","0.00"
"日本オラクル","4716","東証","○","-","○","2,300","-","無","0.00","9,750","68","0.70 %","-","855","174,600","-0.77 %","貸借","0.00"
"ソフトテックス","550A","東証","○","-","-","0","-","無","3.50","2,279","19","0.70 %","-","23","4,000","-0.74 %","信用","0.00"
"芝浦機械","6104","東証","○","-","○","4,000","-","無","0.00","5,010","100","0.70 %","-","463","184,800","-1.18 %","貸借","0.00"
"アドテックプラズマテクノ","6668","東証","○","-","-","2,500","-","無","2.30","5,020","175","0.70 %","-","572","121,000","-2.52 %","信用","0.00"
"ヘリオステクノＨ","6927","東証","○","-","-","700","-","無","0.10","993","10","0.70 %","-","190","35,200","-0.99 %","信用","0.00"
"中国Ｈ株ベア","1573","東証","○","-","-","0","-","無","8.60","8,660","60","0.69 %","-","5","260","-0.05 %","貸借","0.00"
"田辺工業","1828","東証","○","-","-","700","03/29","有","0.70","2,323","19","0.69 %","-","26","31,100","-1.35 %","信用","0.00"
"ＢｅｅＸ","4270","東証","○","-","-","0","-","無","0.80","1,884","14","0.69 %","-","14","2,800","-0.78 %","信用","0.00"
"トランヴィア","545A","東証","○","-","-","2,100","09/28","有","0.30","869","5","0.69 %","-","309","84,300","-4.92 %","信用","0.00"
"前澤ホールディングス","575A","東証","○","-","○","0","11/26","有","0.10","1,878","26","0.69 %","-","292","67,300","-1.77 %","信用","0.00"
"ＧＯ","581A","東証","○","-","-","29,000","-","無","0.00","3,625","85","0.69 %","-","5,331","2,892,400","-1.89 %","貸借","0.00"
"ＮＩＴＴＯＫＵ","6145","東証","○","-","-","1,600","-","無","0.00","2,900","53","0.69 %","-","822","160,100","-1.19 %","貸借","0.00"
"石川製作所","6208","東証","○","-","-","1,800","-","無","2.00","1,750","27","0.69 %","-","718","120,600","-5.04 %","貸借","0.00"
"トヨタ自動車","7203","東証","○","-","○","1,544,400","03/29","有","0.00","2,893.5","37.0","0.69 %","-","15,520","23,901,000","-1.66 %","貸借","0.00"
"シチズン時計","7762","東証","○","-","○","43,200","-","無","0.00","2,462","64","0.69 %","-","2,011","1,015,300","-1.16 %","貸借","0.00"
"カルビー","2229","東証","○","-","○","15,900","03/29","有","0.00","3,016.0","14.0","0.68 %","-","1,015","246,100","-0.09 %","貸借","0.00"
"ケア２１","2373","東証","○","-","-","300","-","無","0.30","440","-4","0.68 %","-","32","7,300","-2.22 %","信用","0.00"
"ヨシムラ・フード・ＨＬＤＧＳ","2884","東証","○","-","○","1,500","10/28","有","0.00","584","-1","0.68 %","-","183","130,200","-4.73 %","貸借","0.00"
"カネカ","4118","東証","○","-","○","11,600","-","無","0.00","6,011","51","0.68 %","-","904","171,200","-1.18 %","貸借","0.00"
"網屋","4258","東証","○","-","-","900","12/28","有","4.20","5,880","240","0.68 %","-","437","82,900","-1.01 %","貸借","0.30"
"ニイタカ","4465","東証","○","-","-","0","11/26","有","2.10","2,491","19","0.68 %","-","50","8,500","-0.71 %","貸借","0.00"
"日本電気硝子","5214","東証","○","-","○","19,700","-","無","0.00","5,158","99","0.68 %","-","1,916","600,900","-0.48 %","貸借","0.00"
"ＧＸシルバーＨ","578A","東証","○","-","-","580","-","無","0.40","233.8","-1.4","0.68 %","-","13","19,230","-1.68 %","信用","0.00"
"ｉＦ２２５ダブル","1365","東証","○","-","-","3,444","-","無","0.00","4,793","218","0.67 %","-","1,902","344,350","-0.56 %","貸借","0.00"
"林兼産業","2286","東証","○","-","-","200","-","無","0.00","896","4","0.67 %","-","87","20,400","-0.66 %","貸借","0.00"
"オープンハウスグループ","3288","東証","○","-","○","7,100","-","無","0.00","7,353","20","0.67 %","-","1,558","301,100","-1.39 %","貸借","0.00"
"メタプラネット","3350","東証","○","-","-","438,200","12/28","有","0.10","297","6","0.67 %","-","2,834","21,909,600","-3.25 %","信用","0.00"
"フォーライフ","3477","東証","○","-","-","0","03/29","有","0.90","889","6","0.67 %","-","10","2,600","-1.33 %","信用","0.00"
"ウシオ電機","6925","東証","○","-","-","4,900","-","無","0.00","4,318","169","0.67 %","-","2,242","473,800","-0.46 %","貸借","0.00"
"丸紅","8002","東証","○","-","○","308,900","-","無","0.00","4,805","80","0.67 %","-","7,254","4,000,000","-0.55 %","貸借","0.00"
"ラオックスホールディングス","8202","東証","○","-","-","0","12/28","有","0.30","150","1","0.67 %","-","55","59,000","0.00 %","貸借","0.00"
"ＧＸＵＳテック配貴族","283A","東証","○","-","-","0","-","無","2.00","1,357","10","0.66 %","-","20","433","-0.65 %","貸借","0.00"
"室町ケミカル","4885","東証","○","-","-","0","-","無","0.60","915","6","0.66 %","-","29","7,000","-0.54 %","貸借","0.00"
"三井金属","5706","東証","○","-","○","418,500","-","無","0.00","2,647.5","94.0","0.66 %","-","50,974","22,637,000","-3.37 %","貸借","0.00"
"瑞光","6279","東証","○","-","-","700","02/17","有","0.00","913","-15","0.66 %","-","220","62,000","-4.29 %","貸借","0.05"
"ＷＡＳＨハウス","6537","東証","○","-","-","4,800","-","無","0.80","304","3","0.66 %","-","80","35,300","-9.79 %","貸借","0.00"
"スズデン","7480","東証","○","-","○","13,400","-","無","0.00","3,795","35","0.66 %","-","217","50,300","-3.31 %","貸借","0.00"
"日本ハウスＨＬＤＧＳ","1873","東証","○","-","-","0","04/27","有","0.10","309","2","0.65 %","-","251","96,500","-1.90 %","信用","0.00"
"ブラザー工業","6448","東証","○","-","○","78,100","-","無","0.00","4,731","82","0.65 %","-","2,343","951,400","-0.33 %","貸借","0.00"
"良品計画","7453","東証","○","-","○","68,300","02/24","有","0.00","4,312","98","0.65 %","-","6,015","2,948,500","-0.66 %","貸借","0.00"
"岡三証券グループ","8609","東証","○","-","○","77,300","03/29","有","0.00","1,221","8","0.65 %","-","1,054","546,400","-1.92 %","貸借","0.00"
"ヤマタネ","9305","東証","○","-","○","4,000","03/29","有","0.00","2,003","18","0.65 %","-","284","58,000","-0.74 %","貸借","0.05"
"イーサポートリンク","2493","東証","○","-","-","500","05/27","有","0.80","940","-9","0.64 %","-","49","8,100","-4.66 %","信用","0.00"
"ＳＭＤＡＭトピックス投信","2557","東証","○","-","-","0","-","無","0.00","4,238","58","0.64 %","-","12","930","0.00 %","貸借","0.00"
"イフジ産業","2924","東証","○","-","-","100","-","無","0.00","1,865","12","0.64 %","-","14","2,300","-2.45 %","貸借","0.00"
"デジタル・インフォメーション","3916","東証","○","-","○","22,300","-","無","0.00","940","2","0.64 %","-","247","83,800","-1.87 %","貸借","0.00"
"ニチバン","4218","東証","○","-","○","6,200","03/29","有","0.00","1,868","-5","0.64 %","-","99","19,400","-1.47 %","貸借","0.05"
"イオンファンタジー","4343","東証","○","-","-","700","02/24","有","0.00","2,653","10","0.64 %","-","260","57,000","-2.06 %","貸借","0.00"
"日本空調サービス","4658","東証","○","-","○","7,100","09/28","有","0.00","1,558","17","0.64 %","-","439","103,600","0.00 %","貸借","0.00"
"大谷工業","5939","東証","○","-","-","0","03/29","有","7.80","4,675","75","0.64 %","-","6","5,700","-0.10 %","信用","0.00"
"金２倍ブルＥＴＦ","606A","東証","○","-","-","27","-","無","12.00","19,380","-345","0.64 %","-","432","3,069","-3.12 %","信用","0.00"
"椿本チエイン","6371","東証","○","-","○","24,500","03/29","有","0.00","2,667","54","0.64 %","-","725","187,700","-0.14 %","貸借","0.00"
"ニデック","6594","東証","○","-","-","241,500","03/29","有","0.00","2,180","63","0.64 %","-","19,884","14,826,800","-2.19 %","貸借","0.00"
"ヤーマン","6630","東証","○","-","-","0","12/28","有","0.00","776","5","0.64 %","-","253","85,200","-0.64 %","貸借","0.05"
"富士通","6702","東証","○","-","○","186,900","-","無","0.00","4,063","-6","0.64 %","-","10,631","6,478,800","-0.78 %","貸借","0.00"
"ピジヨン","7956","東証","○","-","○","48,200","-","無","0.00","2,027.5","6.5","0.64 %","-","2,453","1,022,100","-1.09 %","貸借","0.00"
"ＮＦ日経２２５","1321","東証","○","-","-","320,260","-","無","0.00","727.9","17.5","0.63 %","-","11,919","32,025,350","-0.19 %","貸借","0.00"
"ＯＮＥＥＴＦＥＳＧ","1498","東証","○","-","-","26","-","無","0.00","33,320","410","0.63 %","-","8","771","-0.05 %","貸借","0.00"
"ＩＳ米国リートＥＴＦ","1659","東証","○","-","-","45","-","無","0.00","3,630","24","0.63 %","-","114","1,456","-0.27 %","貸借","0.00"
"シップヘルスケアＨＤ","3360","東証","○","-","○","3,300","-","無","0.00","2,454.5","15.5","0.63 %","-","791","213,100","-0.70 %","貸借","0.05"
"シンクロ・フード","3963","東証","○","-","-","2,800","-","無","0.00","316","-12","0.63 %","-","481","272,400","-5.38 %","貸借","0.00"
"ｉＳベストＡＩ","408A","東証","○","-","-","11,180","-","無","0.30","318.0","7.0","0.63 %","-","779","558,940","-0.90 %","信用","0.00"
"東海ソフト","4430","東証","○","-","-","400","-","無","0.70","1,731","20","0.63 %","-","32","6,700","-0.97 %","信用","0.00"
"ユシロ","5013","東証","○","-","○","9,300","-","無","0.00","3,155","20","0.63 %","-","80","17,700","-0.78 %","貸借","0.15"
"大同メタル工業","7245","東証","○","-","○","42,600","03/29","有","0.00","1,268","32","0.63 %","-","2,444","775,100","-3.13 %","貸借","0.00"
"壱番屋","7630","東証","○","-","-","0","02/24","有","0.00","1,101","5","0.63 %","-","985","505,600","-1.69 %","貸借","0.00"
"センコーグループＨＬＤＧＳ","9069","東証","○","-","○","23,300","-","無","0.00","2,307.5","41.5","0.63 %","-","1,465","394,100","-1.40 %","貸借","0.05"
"ニチレイ","2871","東証","○","-","○","1,100","12/28","有","0.00","2,096.0","9.0","0.62 %","-","2,635","1,160,700","-1.66 %","貸借","0.00"
"旭松食品","2911","東証","○","-","-","1,400","03/29","有","1.20","2,256","10","0.62 %","-","8","900","-0.79 %","信用","0.00"
"第一三共","4568","東証","○","-","○","311,500","-","無","0.00","2,716.0","7.0","0.62 %","-","8,091","4,799,800","-2.75 %","貸借","0.00"
"ＤＩＣ","4631","東証","○","-","○","18,500","-","無","0.00","4,976","93","0.62 %","-","1,348","363,400","-0.44 %","貸借","0.00"
"ＧＭＳグループ","544A","東証","○","-","○","11,200","-","無","0.00","320","0","0.62 %","-","244","317,800","-1.84 %","貸借","0.00"
"クレステック","7812","東証","○","-","-","8,600","-","無","0.00","2,095","13","0.62 %","-","3","300","-0.38 %","貸借","0.00"
"ＩＦＲＥＥＥＴＦ日経２２５","2624","東証","○","-","-","1","-","無","7.00","7,058","154","0.61 %","-","309","9,353","-0.39 %","貸借","0.00"
"旭化成","3407","東証","○","-","○","150,500","-","無","0.00","1,646.5","16.5","0.61 %","-","3,351","3,237,000","-0.63 %","貸借","0.00"
"ＲＳＴＥＣＨＮＯＬＯＧＩＥＳ","3445","東証","○","-","○","4,600","-","無","0.00","6,590","240","0.61 %","-","586","173,700","-0.30 %","貸借","0.00"
"フジックス","3600","東証","○","-","-","600","-","無","1.30","1,800","40","0.61 %","-","4","400","0.00 %","信用","0.00"
"アルファシステムズ","4719","東証","○","-","○","2,400","09/28","有","0.00","3,280","20","0.61 %","-","57","10,600","-1.05 %","貸借","0.00"
"ブランジスタ","6176","東証","○","-","-","100","-","無","0.90","983","6","0.61 %","-","255","75,700","-2.18 %","信用","0.00"
"ホシザキ","6465","東証","○","-","○","18,100","-","無","0.00","5,210","34","0.61 %","-","1,663","401,900","-0.74 %","貸借","0.00"
"ジェイリース","7187","東証","○","-","○","20,800","03/29","有","0.00","1,314","10","0.61 %","-","169","32,600","-0.30 %","貸借","0.00"
"プレス工業","7246","東証","○","-","○","57,800","-","無","0.00","977","13","0.61 %","-","633","328,700","-1.41 %","貸借","0.00"
"メニコン","7780","東証","○","-","○","31,500","03/29","有","0.00","1,792","6","0.61 %","-","713","235,900","-0.88 %","貸借","0.00"
"サントリービバレッジ＆フー","2587","東証","○","-","○","6,000","-","無","0.00","4,502","36","0.60 %","-","1,728","619,700","-0.66 %","貸借","0.00"
"セーレン","3569","東証","○","-","○","7,200","03/29","有","0.00","3,335","80","0.60 %","-","591","201,700","-0.29 %","貸借","0.00"
"ＴＩＳＩ","3626","東証","○","-","○","9,600","-","無","0.00","4,016","-16","0.60 %","-","2,209","594,800","-3.18 %","貸借","0.00"
"オーバーラップホールディン","414A","東証","○","-","-","600","-","無","0.80","829","5","0.60 %","-","122","40,500","-2.00 %","貸借","0.00"
"オービック","4684","東証","○","-","○","26,300","-","無","0.20","5,018","-46","0.60 %","-","2,986","1,031,600","-1.70 %","信用","0.00"
"キャリアリンク","6070","東証","○","-","○","6,700","03/29","有","0.00","2,495","4","0.60 %","-","155","33,200","-2.99 %","貸借","0.00"
"日精エーエスビー","6284","東証","○","-","○","2,700","-","無","0.00","8,370","100","0.60 %","-","173","32,900","-2.44 %","貸借","0.00"
"マツダ","7261","東証","○","-","○","444,600","-","無","0.00","1,079.0","7.0","0.60 %","-","4,932","5,089,500","-2.79 %","貸借","0.00"
"ＩＤＯＭ","7599","東証","○","-","○","3,300","02/24","有","0.00","1,155","7","0.60 %","-","825","523,400","-1.28 %","貸借","0.00"
"ポプラ","7601","東証","○","-","-","0","02/24","有","0.10","166","0","0.60 %","-","28","10,400","-2.35 %","信用","0.00"
"明和産業","8103","東証","○","-","○","41,500","-","無","0.00","1,005","13","0.60 %","-","636","185,300","-0.19 %","貸借","0.00"
"ステップ","9795","東証","○","-","○","8,600","03/29","有","0.00","2,158","1","0.60 %","-","125","28,300","-2.35 %","貸借","0.00"
"セキュア","4264","東証","○","-","-","500","-","無","1.20","1,363","5","0.59 %","-","81","17,800","-1.94 %","信用","0.00"
"Ａｒｅｎｔ","5254","東証","○","-","-","300","-","無","9.30","4,230","45","0.59 %","-","112","14,200","-3.09 %","信用","0.00"
"ジェイエスエス","6074","東証","○","-","-","600","-","無","0.30","505","3","0.59 %","-","15","5,900","-0.59 %","信用","0.00"
"日工","6306","東証","○","-","○","35,600","03/29","有","0.00","1,009","5","0.59 %","-","258","87,600","-1.75 %","貸借","0.00"
"東京ボード工業","7815","東証","○","-","-","0","-","無","0.30","340","2","0.59 %","-","7","1,000","-1.44 %","信用","0.00"
"セイノーホールディングス","9076","東証","○","-","○","18,300","03/29","有","0.00","2,614.5","44.0","0.59 %","-","1,221","391,500","-0.24 %","貸借","0.00"
"タナベコンサルティンググル","9644","東証","○","-","-","1,900","09/28","有","0.00","674","-1","0.59 %","-","249","115,300","-4.66 %","貸借","0.00"
"ｉシェアーズ・コア２２５","1329","東証","○","-","-","4,862","-","無","0.00","7,283","179","0.58 %","-","2,642","949,205","-0.20 %","貸借","0.00"
"ガーデン","274A","東証","○","-","-","0","02/24","有","1.40","2,232","13","0.58 %","-","20","3,400","-1.15 %","信用","0.00"
"ファーマフーズ","2929","東証","○","-","○","15,200","-","無","0.00","688","10","0.58 %","-","531","222,100","-3.91 %","貸借","0.00"
"オーミケンシ","3111","東証","○","-","-","0","-","無","0.10","173","1","0.58 %","-","4","1,100","0.00 %","信用","0.00"
"エキサイトホールディングス","5571","東証","○","-","-","0","-","無","0.60","1,033","8","0.58 %","-","20","5,600","-0.38 %","信用","0.00"
"東洋製罐グループＨＤ","5901","東証","○","-","○","14,800","-","無","0.00","4,446","40","0.58 %","-","964","317,000","-1.61 %","貸借","0.00"
"アマダ","6113","東証","○","-","○","31,600","-","無","0.00","2,679.0","52.5","0.58 %","-","5,779","1,962,400","-0.81 %","貸借","0.00"
"ヤマシンフィルタ","6240","東証","○","-","-","3,300","03/29","有","0.00","514","11","0.58 %","-","416","267,900","-1.15 %","貸借","0.00"
"ＰＥＧＡＳＵＳ","6262","東証","○","-","○","4,500","03/29","有","0.00","520","2","0.58 %","-","173","56,000","-1.51 %","貸借","0.00"
"ビーアンドピー","7804","東証","○","-","-","200","10/28","有","1.30","2,585","20","0.58 %","-","30","5,200","-0.03 %","信用","0.00"
"美津濃","8022","東証","○","-","○","7,300","03/29","有","0.00","4,300","90","0.58 %","-","826","348,000","-0.92 %","貸借","0.10"
"阪急阪神ＨＬＤＧＳ","9042","東証","○","-","○","41,000","03/29","有","0.00","4,456","35","0.58 %","-","5,577","2,169,200","-1.28 %","貸借","0.00"
"三菱倉庫","9301","東証","○","-","○","26,900","03/29","有","0.00","1,461.0","3.5","0.58 %","-","1,918","954,900","-1.08 %","貸借","0.00"
"上場外債","1677","東証","○","-","-","0","-","無","0.00","57,700","50","0.57 %","-","3","30","-0.46 %","貸借","0.00"
"エスビー食品","2805","東証","○","-","-","1,900","03/29","有","1.30","6,990","20","0.57 %","-","357","73,700","-3.98 %","信用","0.00"
"コーセーアールイー","3246","東証","○","-","-","0","01/27","有","0.80","696","5","0.57 %","-","26","9,100","0.00 %","信用","0.00"
"日本精化","4362","東証","○","-","○","6,000","03/29","有","0.00","2,645","39","0.57 %","-","113","21,100","-1.59 %","貸借","0.00"
"ＭＯＮＯＡＩＴＥＣＨＮＯＬＯＧ","5240","東証","○","-","-","0","-","無","0.30","174","2","0.57 %","-","132","60,900","-1.69 %","貸借","0.00"
"巴工業","6309","東証","○","-","○","12,200","10/28","有","0.10","1,937","19","0.57 %","-","646","150,500","-0.97 %","信用","0.00"
"アイリックコーポレーション","7325","東証","○","-","-","0","-","無","0.50","702","5","0.57 %","-","15","2,900","-0.42 %","信用","0.00"
"エイベックス","7860","東証","○","-","○","23,700","03/29","有","0.00","1,219","7","0.57 %","-","340","120,100","-0.40 %","貸借","0.00"
"ゴ－ルドウイン","8111","東証","○","-","○","43,400","03/29","有","0.00","2,114.5","12.5","0.57 %","-","1,062","346,600","-0.42 %","貸借","0.00"
"ギフトホールディングス","9279","東証","○","-","○","0","10/28","有","0.00","2,092","14","0.57 %","-","1,061","293,200","-2.60 %","貸借","0.00"
"因幡電機産業","9934","東証","○","-","○","14,500","-","無","0.00","3,163.0","32.0","0.57 %","-","762","200,800","-0.03 %","貸借","0.00"
"ＭＸＳ２２５","1346","東証","○","-","-","744","-","無","0.00","72,750","1,730","0.56 %","-","793","79,924","-0.21 %","貸借","0.00"
"住友化学","4005","東証","○","-","○","638,000","-","無","0.00","583.2","8.4","0.56 %","-","7,066","5,774,200","-0.13 %","貸借","0.00"
"サワイグループＨＤ","4887","東証","○","-","○","24,700","-","無","0.00","1,598.0","9.0","0.56 %","-","2,054","678,200","-1.99 %","貸借","0.00"
"ＳＥＭＩＴＥＣ","6626","東証","○","-","-","300","-","無","0.40","2,489","40","0.56 %","-","80","13,100","-0.87 %","信用","0.00"
"愛知時計","7723","東証","○","-","○","8,300","-","無","0.00","2,862","5","0.56 %","-","90","20,000","-1.20 %","貸借","0.00"
"興研","7963","東証","○","-","-","0","12/28","有","1.30","1,793","10","0.56 %","-","50","12,000","-1.21 %","貸借","0.00"
"日本テレビＨＬＤＳ","9404","東証","○","-","○","12,200","03/29","有","0.00","2,847.5","6.5","0.56 %","-","1,912","569,300","-1.96 %","貸借","0.00"
"プレミアムウォーターＨＬＤＧＳ","2588","東証","○","-","-","100","03/29","有","3.60","3,610","50","0.55 %","-","22","2,700","-3.86 %","信用","0.00"
"ＴＫＰ","3479","東証","○","-","-","0","02/24","有","0.00","1,821","-3","0.55 %","-","237","63,100","-2.77 %","貸借","0.10"
"エディア","3935","東証","○","-","-","0","02/24","有","0.50","720","5","0.55 %","-","133","29,700","-3.87 %","信用","0.00"
"アジアパイルＨＤ","5288","東証","○","-","○","45,400","-","無","0.30","1,440","29","0.55 %","-","581","219,500","-0.96 %","信用","0.00"
"中央発條","5992","東証","○","-","-","400","-","無","0.00","3,600","20","0.55 %","-","130","32,800","-2.83 %","貸借","0.00"
"エフテック","7212","東証","○","-","-","200","03/29","有","0.00","729","10","0.55 %","-","29","18,600","-0.95 %","貸借","0.00"
"八十二長野銀行","8359","東証","○","-","○","42,100","03/29","有","0.00","2,799.5","41.5","0.55 %","-","3,280","1,162,900","-2.92 %","貸借","0.00"
"丸善ＣＨＩＨＤ","3159","東証","○","-","-","0","07/28","有","0.00","372","2","0.54 %","-","103","27,500","-2.87 %","貸借","0.05"
"Ｋｕｄａｎ","4425","東証","○","-","-","1,000","-","無","2.60","1,466","25","0.54 %","-","402","84,700","-0.74 %","貸借","0.05"
"スリーエフ","7544","東証","○","-","-","100","-","無","0.00","553","3","0.54 %","-","35","8,200","-1.07 %","貸借","0.00"
"グラファイトデザイン","7847","東証","○","-","-","3,800","-","無","0.20","736","-41","0.54 %","-","582","189,600","-5.27 %","信用","0.00"
"イオンフィナンシャルサービス","8570","東証","○","-","○","60,300","-","無","0.00","1,484.5","11.0","0.54 %","-","1,679","658,900","-3.91 %","貸借","0.00"
"松井証券","8628","東証","○","-","○","206,000","-","無","0.00","1,115","9","0.54 %","-","1,398","946,400","-6.22 %","貸借","0.00"
"アサックス","8772","東証","○","-","-","300","03/29","有","0.70","917","10","0.54 %","-","27","14,300","-0.86 %","信用","0.00"
"スズケン","9987","東証","○","-","○","3,000","03/29","有","0.00","2,576.5","18.0","0.54 %","-","1,213","353,900","-2.40 %","貸借","0.05"
"アカツキ","3932","東証","○","-","○","44,000","-","無","0.00","1,322","7","0.53 %","-","903","207,900","-0.52 %","貸借","0.00"
"アルー","7043","東証","○","-","-","0","-","無","0.50","945","1","0.53 %","-","12","2,600","0.00 %","信用","0.00"
"ニッピ","7932","東証","○","-","-","300","03/29","有","2.00","11,180","60","0.53 %","-","62","11,200","-1.92 %","信用","0.00"
"日本管財ホールディンク","9347","東証","○","-","○","20,400","03/29","有","0.00","2,810","10","0.53 %","-","403","72,500","-2.22 %","貸借","0.05"
"ＩＦＪ４００ダブルベア","1466","東証","○","-","-","10","-","無","1.00","190","-4","0.52 %","-","8","175","-3.06 %","貸借","0.00"
"ＮＦ外ＲＥＩＴへ無","2515","東証","○","-","-","530","-","無","0.00","1,539","4","0.52 %","-","116","42,298","-0.96 %","貸借","0.00"
"カワチ薬品","2664","東証","○","-","○","10,300","03/11","有","0.00","3,810","20","0.52 %","-","171","44,000","0.00 %","貸借","0.20"
"黒田グループ","287A","東証","○","-","-","7,800","-","無","0.70","1,147","11","0.52 %","-","750","338,500","-2.29 %","信用","0.00"
"上場日経高配当５０","399A","東証","○","-","-","1,533","-","無","1.00","2,282","12","0.52 %","-","262","29,026","-1.76 %","信用","0.00"
"ＨＵグループＨＤ","4544","東証","○","-","○","11,400","-","無","0.00","3,469.0","24.0","0.52 %","-","518","114,400","-1.81 %","貸借","0.20"
"アトラグループ","6029","東証","○","-","-","0","12/28","有","0.20","190","2","0.52 %","-","38","32,600","-2.06 %","信用","0.00"
"ＫＯＫＵＳＡＩＥＬＥＣＴＲＩＣ","6525","東証","○","-","○","19,900","-","無","0.00","10,485","435","0.52 %","-","12,885","5,057,000","-0.38 %","貸借","0.00"
"ＤＮホールディングス","7377","東証","○","-","-","0","-","無","0.20","1,723","9","0.52 %","-","4","400","0.00 %","信用","0.00"
"パイロットコーポレーション","7846","東証","○","-","○","1,000","12/28","有","0.00","2,108.0","6.5","0.52 %","-","1,047","246,700","-0.96 %","貸借","0.10"
"東邦ホールディングス","8129","東証","○","-","○","2,600","03/29","有","0.00","3,643.0","76.0","0.52 %","-","726","189,500","-6.75 %","貸借","0.00"
"Ｉシェアーズ・コアＴＯＰＩＸ","1475","東証","○","-","-","35,120","-","無","0.00","429.0","5.9","0.51 %","-","1,316","3,360,930","-0.09 %","貸借","0.00"
"ＩＳ米ドル建ＩＧ社債","2257","東証","○","-","-","0","-","無","0.00","214.1","-0.5","0.51 %","-","53","45,890","-1.29 %","貸借","0.00"
"東京自働機械","6360","東証","○","-","-","0","-","無","3.50","4,880","95","0.51 %","-","6","1,400","0.00 %","信用","0.00"
"共和電業","6853","東証","○","-","-","100","12/28","有","0.80","788","5","0.51 %","-","82","12,400","-2.95 %","貸借","0.00"
"メイホーホールディングス","7369","東証","○","-","-","100","-","無","0.20","392","2","0.51 %","-","15","4,700","0.00 %","信用","0.00"
"武蔵野興業","9635","東証","○","-","-","3,000","03/29","有","1.50","2,539","16","0.51 %","-","2","200","-0.43 %","信用","0.00"
"ＳＭＤＡＭ日経２２５","1397","東証","○","-","-","0","-","無","0.00","70,950","1,480","0.50 %","-","35","5,707","-0.49 %","貸借","0.00"
"タイミー","215A","東証","○","-","-","16,200","-","無","0.00","1,392","15","0.50 %","-","2,556","1,056,300","-2.10 %","貸借","0.00"
"ＩＳ米ドル建ＨＹ社債","2258","東証","○","-","-","0","-","無","0.00","219.0","0.0","0.50 %","-","80","65,410","-0.59 %","貸借","0.00"
"スタメン","4019","東証","○","-","-","0","-","無","0.00","600","4","0.50 %","-","68","28,900","-2.75 %","貸借","0.00"
"ＰＲＯＮＩ","479A","東証","○","-","-","1,800","-","無","0.80","1,982","13","0.50 %","-","455","86,700","-2.50 %","信用","0.00"
"ヴィス","5071","東証","○","-","-","0","09/28","有","0.00","1,401","9","0.50 %","-","45","13,700","-0.35 %","貸借","0.00"
"アイ・グリッド・ソリューショ","603A","東証","○","-","-","17,600","-","無","0.90","990","15","0.50 %","-","1,680","803,000","-1.19 %","信用","0.00"
"鶴見製作所","6351","東証","○","-","○","1,200","-","無","0.00","2,613","61","0.50 %","-","222","44,100","-0.41 %","貸借","0.05"
"トップカルチャー","7640","東証","○","-","-","0","10/28","有","0.30","199","-1","0.50 %","-","44","39,200","-0.99 %","貸借","0.00"
"光世証券","8617","東証","○","-","-","100","10/28","有","0.00","594","4","0.50 %","-","10","1,900","-2.14 %","貸借","0.00"
"ＮＦ外債ヘッジ無","2511","東証","○","-","-","200","-","無","1.10","1,121.5","-3.5","0.49 %","-","54","59,490","-0.48 %","貸借","0.00"
"キユーピー","2809","東証","○","-","○","16,000","11/26","有","0.00","4,306","51","0.49 %","-","1,700","501,300","-1.80 %","貸借","0.00"
"ＧＸ半導体１０日株","282A","東証","○","-","-","3,201","-","無","3.00","2,663","100","0.49 %","-","1,682","320,099","-0.22 %","貸借","0.00"
"フィーチャ","4052","東証","○","-","-","15,400","-","無","1.70","1,017","2","0.49 %","-","4,522","1,485,600","-9.92 %","信用","0.00"
"積水化学","4204","東証","○","-","○","113,400","-","無","0.00","2,519.5","20.5","0.49 %","-","2,753","1,421,700","-0.68 %","貸借","0.00"
"サイバーエージェント","4751","東証","○","-","○","381,600","09/28","有","0.00","1,227.0","-4.0","0.49 %","-","4,508","3,739,300","-1.32 %","貸借","0.00"
"オプトラン","6235","東証","○","-","○","37,600","-","無","0.00","2,823","114","0.49 %","-","1,761","379,500","-1.15 %","貸借","0.00"
"東海理化電機","6995","東証","○","-","○","3,900","-","無","0.00","3,045","30","0.49 %","-","264","118,100","-1.29 %","貸借","0.00"
"オンデック","7360","東証","○","-","-","100","-","無","0.60","614","3","0.49 %","-","5","500","-2.22 %","信用","0.00"
"シークス","7613","東証","○","-","○","0","12/28","有","0.00","1,627","26","0.49 %","-","650","169,100","-0.36 %","貸借","0.00"
"松風","7979","東証","○","-","○","9,700","03/29","有","0.00","2,212","5","0.49 %","-","275","61,600","-1.60 %","貸借","0.00"
"笑美面","9237","東証","○","-","-","100","-","無","0.50","818","15","0.49 %","-","37","5,300","-1.44 %","信用","0.00"
"ＧＥＮＯＶＡ","9341","東証","○","-","-","0","-","無","0.20","607","5","0.49 %","-","135","39,500","-2.56 %","信用","0.00"
"バローホールディングス","9956","東証","○","-","○","24,100","03/29","有","0.00","1,620","10","0.49 %","-","781","309,400","-0.91 %","貸借","0.00"
"上場新興国債券","1566","東証","○","-","-","7","-","無","0.00","52,140","250","0.48 %","-","82","662","-0.26 %","貸借","0.00"
"ＬＩＢＥＲＡＷＡＲＥ","218A","東証","○","-","-","4,700","-","無","2.30","1,035","12","0.48 %","-","741","234,800","-1.33 %","信用","0.00"
"クイック","4318","東証","○","-","○","33,500","03/29","有","0.00","835","-1","0.48 %","-","243","89,000","-1.53 %","貸借","0.00"
"川口化学","4361","東証","○","-","-","0","-","無","1.20","1,658","11","0.48 %","-","19","3,400","-0.30 %","信用","0.00"
"三洋化成","4471","東証","○","-","○","10,600","-","無","0.00","1,664","9","0.48 %","-","1,246","386,400","-0.59 %","貸借","0.00"
"リソー教育グループ","4714","東証","○","-","-","7,800","-","無","0.00","206","0","0.48 %","-","204","815,200","-1.43 %","貸借","0.00"
"ミマキエンジニアリング","6638","東証","○","-","○","6,300","-","無","0.00","2,302","33","0.48 %","-","1,017","160,100","-2.37 %","貸借","0.05"
"西日本フィナンシャルＨＤ","7189","東証","○","-","○","10,600","-","無","0.00","4,941","69","0.48 %","-","1,901","415,700","-2.58 %","貸借","0.00"
"第四北越フィナンシャルＧ","7327","東証","○","-","○","47,700","03/29","有","0.00","2,701","27","0.48 %","-","3,296","947,700","-4.15 %","貸借","0.00"
"日本創発グループ","7814","東証","○","-","-","0","-","無","0.50","628","-2","0.48 %","-","12","4,100","-1.25 %","貸借","0.05"
"住友倉庫","9303","東証","○","-","○","24,500","-","無","0.00","4,110","20","0.48 %","-","383","128,900","-0.72 %","貸借","0.10"
"清水建設","1803","東証","○","-","○","104,100","03/29","有","0.00","2,110.0","20.5","0.47 %","-","7,680","3,657,000","-1.60 %","貸借","0.00"
"ＩＦナス１００ベア","2842","東証","○","-","-","34","-","無","0.00","11,675","-65","0.47 %","-","43","917","-1.05 %","貸借","0.00"
"ドトール・日レスＨＤ","3087","東証","○","-","○","15,100","02/24","有","0.00","3,170","5","0.47 %","-","193","91,100","-2.00 %","貸借","0.00"
"じげん","3679","東証","○","-","○","5,700","03/29","有","0.00","421","-2","0.47 %","-","362","268,100","-2.99 %","貸借","0.00"
"積水樹脂","4212","東証","○","-","○","3,000","-","無","0.00","2,931","14","0.47 %","-","252","51,700","-1.14 %","貸借","0.00"
"ダイキョーニシカワ","4246","東証","○","-","○","54,000","-","無","0.00","1,060","5","0.47 %","-","560","237,300","-2.03 %","貸借","0.00"
"ビープラッツ","4381","東証","○","-","-","1,200","-","無","0.50","213","-3","0.47 %","-","105","58,500","-4.91 %","-","0.00"
"エーアンドエーマテリアル","5391","東証","○","-","-","100","-","無","0.00","1,473","10","0.47 %","-","24","5,200","-1.53 %","貸借","0.00"
"ＭＳ＆ＣＯＮＳＵＬＴＩＮＧ","6555","東証","○","-","-","0","-","無","0.10","422","3","0.47 %","-","9","1,300","-0.47 %","信用","0.00"
"ヨロズ","7294","東証","○","-","○","5,700","03/29","有","0.00","841","5","0.47 %","-","206","59,700","-1.63 %","貸借","0.00"
"Ｊｏｓｈｉｎ","8173","東証","○","-","○","9,400","03/29","有","0.00","4,265","40","0.47 %","-","661","247,400","-3.17 %","貸借","0.25"
"インデックスＦＴＯＰＩＸ","1308","東証","○","-","-","0","-","無","0.00","4,306","59","0.46 %","-","285","59,459","-0.06 %","貸借","0.00"
"ＥＳＧ総合ＥＴＮ","2071","東証","○","-","-","0","-","無","12.00","20,535","240","0.46 %","-","3","640","0.00 %","信用","0.00"
"森永製菓","2201","東証","○","-","○","30,500","03/29","有","0.00","2,354.5","18.0","0.46 %","-","1,012","328,500","-1.44 %","貸借","0.00"
"クリエイトＳＤＨ","3148","東証","○","-","○","10,400","05/27","有","0.00","3,240","5","0.46 %","-","380","112,500","-1.06 %","貸借","0.05"
"フライングガーデン","3317","東証","○","-","-","0","03/29","有","1.30","1,498","8","0.46 %","-","10","1,400","-0.13 %","信用","0.00"
"ＳＰＥＥＥ","4499","東証","○","-","-","800","-","無","3.20","2,372","39","0.46 %","-","197","29,400","-0.21 %","貸借","0.15"
"ライオン","4912","東証","○","-","○","0","12/28","有","0.00","1,728.0","2.0","0.46 %","-","2,228","946,900","-0.74 %","貸借","0.00"
"東洋エンジニア","6330","東証","○","-","-","0","-","無","3.80","2,613","-17","0.46 %","-","9,514","3,239,400","-7.01 %","貸借","0.00"
"遠藤製作所","7841","東証","○","-","-","0","-","無","0.40","1,081","10","0.46 %","-","31","6,200","-3.04 %","信用","0.00"
"七十七銀行","8341","東証","○","-","○","43,700","03/29","有","0.00","4,120","45","0.46 %","-","2,616","766,500","-1.95 %","貸借","0.00"
"鳥取銀行","8383","東証","○","-","-","300","03/29","有","2.00","1,924","12","0.46 %","-","104","28,100","-3.70 %","貸借","0.00"
"京福電鉄","9049","東証","○","-","-","900","03/29","有","3.80","6,440","30","0.46 %","-","2","200","-2.12 %","信用","0.00"
"エフビー介護サービス","9220","東証","○","-","-","100","-","無","1.00","1,306","1","0.46 %","-","3","300","-0.98 %","信用","0.00"
"日本空港ビルデング","9706","東証","○","-","○","23,700","03/29","有","0.00","5,345","8","0.46 %","-","1,763","440,400","-2.33 %","貸借","0.30"
"ＩＳＭＳＣＩ新興国株","1658","東証","○","-","-","0","-","無","4.00","4,395","55","0.45 %","-","104","3,016","-0.54 %","貸借","0.00"
"日清オイリオグループ","2602","東証","○","-","○","47,100","03/29","有","0.00","1,994","8","0.45 %","-","903","223,100","-1.23 %","貸借","0.00"
"わらべや日洋ＨＤ","2918","東証","○","-","○","14,400","-","無","0.00","2,638","5","0.45 %","-","538","144,700","-1.96 %","貸借","0.00"
"クリヤマホールディングス","3355","東証","○","-","-","400","12/28","有","0.10","1,779","1","0.45 %","-","74","13,500","-3.31 %","信用","0.00"
"メルカリ","4385","東証","○","-","○","75,200","-","無","0.00","3,556.0","10.0","0.45 %","-","3,927","1,273,400","-1.76 %","貸借","0.00"
"ＡＣＳＬ","6232","東証","○","-","-","5,700","-","無","6.40","1,314","27","0.45 %","-","1,785","565,000","-1.27 %","貸借","0.00"
"オルガノ","6368","東証","○","-","○","62,900","-","無","0.00","2,646.5","101.5","0.45 %","-","6,472","1,460,500","-0.24 %","貸借","0.00"
"紀陽銀行","8370","東証","○","-","○","26,400","03/29","有","0.00","1,756","9","0.45 %","-","1,469","360,200","-1.89 %","貸借","0.00"
"ＪＫホールディングス","9896","東証","○","-","○","9,200","-","無","0.00","1,326","-24","0.45 %","-","158","37,600","-5.01 %","貸借","0.00"
"ＮＮＮＹダウベアＥＴＮ","2041","東証","○","-","-","0","-","無","2.00","2,020","-8","0.44 %","-","40","1,091","-0.59 %","信用","0.00"
"ＧＸＵＳ中小モートＥＴＦ","2252","東証","○","-","-","318","-","無","0.00","1,356","17","0.44 %","-","7","83,768","-2.16 %","貸借","0.00"
"ボードルア","4413","東証","○","-","-","3,600","-","無","0.40","2,953","0","0.44 %","-","229","67,000","-0.83 %","信用","0.00"
"バトンズ","554A","東証","○","-","-","200","-","無","2.00","1,358","-16","0.44 %","-","53","8,000","-4.23 %","信用","0.00"
"ナルネットコミュニケーションズ","5870","東証","○","-","-","200","-","無","0.80","900","-5","0.44 %","-","26","4,600","-0.55 %","信用","0.00"
"日本スキー場開発","6040","東証","○","-","-","200","01/27","有","0.40","449","3","0.44 %","-","97","15,900","-2.60 %","信用","0.00"
"ＡＩＲＭＡＮ","6364","東証","○","-","○","1,800","-","無","0.00","2,501","46","0.44 %","-","203","37,900","-1.41 %","貸借","0.00"
"千代田化工建","6366","東証","○","-","-","18,100","-","無","0.00","674","4","0.44 %","-","1,660","1,517,600","-2.03 %","貸借","0.00"
"横浜魚類","7443","東証","○","-","-","0","03/29","有","0.00","675","-7","0.44 %","-","11","2,700","-1.17 %","貸借","0.00"
"中本パックス","7811","東証","○","-","-","0","02/24","有","0.00","2,265","25","0.44 %","-","54","10,700","-2.11 %","貸借","0.00"
"ルックホールディングス","8029","東証","○","-","○","0","12/28","有","0.00","2,727","-4","0.44 %","-","43","8,800","-1.15 %","貸借","0.00"
"ＧＥＮＫＹＤＲＵＧＳＴＯＲＥＳ","9267","東証","○","-","○","6,300","-","無","0.00","3,415","-5","0.44 %","-","167","39,100","-2.00 %","貸借","0.00"
"ＮＦタイ株","1559","東証","○","-","-","4","-","無","0.00","4,600","-48","0.43 %","-","38","393","-1.28 %","貸借","0.00"
"コムシスホールディングス","1721","東証","○","-","○","7,700","-","無","0.00","5,511","24","0.43 %","-","1,951","508,900","-0.55 %","貸借","0.00"
"ＩＳ日本国債７－１０","236A","東証","○","-","-","0","-","無","0.40","434.2","2.2","0.43 %","-","16","7,390","-0.16 %","貸借","0.00"
"大阪ソーダ","4046","東証","○","-","○","17,900","-","無","0.00","2,079","43","0.43 %","-","1,141","272,100","-0.04 %","貸借","0.00"
"アサヒペン","4623","東証","○","-","-","1,900","-","無","0.00","1,860","8","0.43 %","-","9","1,600","-0.80 %","貸借","0.00"
"アース製薬","4985","東証","○","-","-","600","12/28","有","0.00","4,575","10","0.43 %","-","168","45,400","-1.92 %","貸借","0.00"
"太平洋セメント","5233","東証","○","-","○","10,900","-","無","0.00","4,118","18","0.43 %","-","2,115","542,300","-0.41 %","貸借","0.00"
"アネスト岩田","6381","東証","○","-","○","5,000","-","無","0.00","1,860","14","0.43 %","-","313","82,800","-2.15 %","貸借","0.00"
"イリソ電子工業","6908","東証","○","-","○","5,500","-","無","0.00","2,775","53","0.43 %","-","1,011","237,800","-2.83 %","貸借","0.00"
"エノモト","6928","東証","○","-","-","900","-","無","0.30","3,435","60","0.43 %","-","159","25,500","-0.29 %","信用","0.00"
"プレミアグループ","7199","東証","○","-","○","49,200","-","無","0.00","2,086","28","0.43 %","-","784","254,700","-1.55 %","貸借","0.00"
"サンメッセ","7883","東証","○","-","-","3,200","03/29","有","0.50","460","3","0.43 %","-","135","38,900","-9.98 %","信用","0.00"
"東北銀行","8349","東証","○","-","-","400","03/29","有","0.00","1,602","7","0.43 %","-","171","32,700","-3.08 %","貸借","0.00"
"ヒガシホールディングス","9029","東証","○","-","-","200","09/28","有","1.30","1,853","31","0.43 %","-","67","9,100","-1.27 %","信用","0.00"
"ベリテ","9904","東証","○","-","-","0","03/29","有","0.10","231","0","0.43 %","-","33","17,700","-1.70 %","信用","0.00"
"ＧＸ優先証券ＥＴＦ","2866","東証","○","-","-","0","-","無","0.00","943","0","0.42 %","-","138","27,832","-0.10 %","貸借","0.00"
"ＩＳゴールドＥＴＦ","314A","東証","○","-","-","26,640","-","無","0.00","310.8","-1.7","0.42 %","-","739","1,954,750","-1.08 %","貸借","0.00"
"メディックス","331A","東証","○","-","-","100","-","無","0.30","477","0","0.42 %","-","10","1,900","-0.41 %","信用","0.00"
"フリービット","3843","東証","○","-","-","0","04/27","有","0.00","1,644","9","0.42 %","-","175","40,400","-2.77 %","貸借","0.00"
"ＯＮＥＪ国債高クーポン","492A","東証","○","-","-","20","-","無","0.50","954.6","-0.7","0.42 %","-","2","30","-0.07 %","信用","0.00"
"Ｉ－ｎｅ","4933","東証","○","-","○","0","12/28","有","0.00","2,150","9","0.42 %","-","451","89,000","-4.44 %","貸借","0.05"
"ＹＵＳＨＩＮ","6482","東証","○","-","○","15,300","-","無","0.00","712","3","0.42 %","-","205","66,800","-2.19 %","貸借","0.00"
"三井ハイテック","6966","東証","○","-","○","25,600","-","無","0.00","938","34","0.42 %","-","2,573","2,675,500","-0.95 %","貸借","0.00"
"河西工業","7256","東証","○","-","-","5,300","-","無","0.40","476","8","0.42 %","-","966","353,800","-14.38 %","貸借","0.00"
"盟和産業","7284","東証","○","-","-","0","-","無","0.10","1,169","6","0.42 %","-","13","1,300","-0.93 %","信用","0.00"
"Ｅｎｊｉｎ","7370","東証","○","-","-","0","-","無","0.00","715","4","0.42 %","-","14","3,700","-0.69 %","貸借","0.00"
"キムラ","7461","東証","○","-","-","0","-","無","0.40","470","1","0.42 %","-","4","1,500","0.00 %","信用","0.00"
"小津産業","7487","東証","○","-","-","0","05/27","有","3.80","1,873","1","0.42 %","-","35","4,200","-0.10 %","貸借","0.10"
"青山商事","8219","東証","○","-","○","176,900","03/29","有","0.00","714","3","0.42 %","-","700","757,700","-2.59 %","貸借","0.00"
"四国銀行","8387","東証","○","-","○","30,600","03/29","有","0.00","4,685","0","0.42 %","-","1,002","311,700","-3.50 %","貸借","0.00"
"アイエックス・ナレッジ","9753","東証","○","-","-","300","-","無","0.50","1,414","4","0.42 %","-","48","13,200","-2.81 %","信用","0.00"
"ＩＳＭＳＣＩ高配当ＥＴＦ","1478","東証","○","-","-","205","-","無","0.00","5,297","23","0.41 %","-","308","18,310","-1.19 %","貸借","0.00"
"トランスジェニックグループ","2342","東証","○","-","-","0","-","無","0.20","242","-2","0.41 %","-","65","34,500","-3.96 %","信用","0.00"
"ＧＸ銅ビジネス","580A","東証","○","-","-","248","-","無","1.00","971","19","0.41 %","-","170","12,154","-2.31 %","信用","0.00"
"かんぽ生命保険","7181","東証","○","-","○","94,100","-","無","0.00","1,701.0","6.0","0.41 %","-","3,657","2,153,200","-3.65 %","貸借","0.00"
"マニー","7730","東証","○","-","○","35,500","02/24","有","0.00","1,466","23","0.41 %","-","794","260,000","-0.67 %","貸借","0.00"
"理研計器","7734","東証","○","-","○","4,100","-","無","0.00","3,615","120","0.41 %","-","518","172,800","-0.55 %","貸借","0.00"
"アストロスケールホールディンク","186A","東証","○","-","-","300","-","無","1.40","1,233","41","0.40 %","-","5,389","3,712,500","-3.89 %","貸借","0.05"
"ＮＦ米債７－１０ヘッジ有","2648","東証","○","-","-","0","-","無","3.00","3,193","-8","0.40 %","-","5","91","-0.24 %","貸借","0.00"
"シー・ヴイ・エス・ベイエリア","2687","東証","○","-","-","0","11/26","有","0.00","495","3","0.40 %","-","12","4,500","-0.60 %","貸借","0.00"
"トレジャー・ファクトリー","3093","東証","○","-","○","6,700","02/24","有","0.00","1,975","36","0.40 %","-","483","104,300","-0.85 %","貸借","0.00"
"はてな","3930","東証","○","-","-","0","-","無","0.50","743","0","0.40 %","-","28","7,900","-0.93 %","信用","0.00"
"三和油化工業","4125","東証","○","-","-","200","-","無","3.40","3,700","50","0.40 %","-","61","8,000","-0.13 %","信用","0.00"
"ジャストプランニング","4287","東証","○","-","-","0","-","無","0.40","493","2","0.40 %","-","26","7,500","0.00 %","信用","0.00"
"ＶＡＬＵＥＮＥＸ","4422","東証","○","-","-","400","-","無","0.70","499","2","0.40 %","-","62","16,600","-1.77 %","信用","0.00"
"サイボウズ","4776","東証","○","-","-","0","-","無","1.80","2,948","-19","0.40 %","-","720","146,500","-3.02 %","貸借","0.10"
"ニチレキグループ","5011","東証","○","-","○","8,800","-","無","0.00","2,243","7","0.40 %","-","322","55,600","-1.79 %","貸借","0.00"
"ファインシンター","5994","東証","○","-","-","100","-","無","0.20","980","4","0.40 %","-","6","1,600","-0.50 %","信用","0.00"
"フリークアウトＨＬＤＧＳ","6094","東証","○","-","-","1,100","-","無","0.20","500","0","0.40 %","-","126","49,700","-2.72 %","信用","0.00"
"ジーニー","6562","東証","○","-","-","200","03/29","有","0.00","985","-1","0.40 %","-","62","14,300","-1.79 %","貸借","0.05"
"マブチモーター","6592","東証","○","-","○","0","12/28","有","0.00","1,737.0","20.0","0.40 %","-","1,920","757,800","-0.68 %","貸借","0.00"
"メイコー","6787","東証","○","-","○","6,000","-","無","0.00","24,950","1,090","0.40 %","-","2,959","572,600","-3.21 %","貸借","0.00"
"浜木綿","7682","東証","○","-","-","100","01/27","有","6.80","3,725","15","0.40 %","-","12","2,500","0.00 %","信用","0.00"
"ラックランド","9612","東証","○","-","○","7,900","-","無","0.20","1,233","4","0.40 %","-","170","55,200","-1.36 %","信用","0.00"
"タウンズ","197A","東証","○","-","-","1,200","-","無","0.40","512","3","0.39 %","-","326","142,400","-1.34 %","貸借","0.00"
"ＧＸＧリーダーズ日株ＥＴ","2641","東証","○","-","-","36","-","無","5.00","4,581","66","0.39 %","-","68","3,601","0.00 %","貸借","0.00"
"ＧＸ半導体日株","2644","東証","○","-","-","15,558","-","無","0.00","4,550","151","0.39 %","-","13,940","1,555,796","-0.48 %","貸借","0.00"
"アリアケジャパン","2815","東証","○","-","○","2,300","03/29","有","0.00","5,030","30","0.39 %","-","233","91,700","-1.17 %","貸借","0.00"
"マーチャント・バンカーズ","3121","東証","○","-","-","0","-","無","0.30","253","1","0.39 %","-","60","29,200","-2.69 %","貸借","0.00"
"ウイルプラスＨＬＤＧＳ","3538","東証","○","-","-","0","12/28","有","0.00","1,006","5","0.39 %","-","61","10,700","-3.54 %","貸借","0.00"
"日油","4403","東証","○","-","○","22,600","-","無","0.00","2,538.5","28.5","0.39 %","-","1,903","612,700","-0.95 %","貸借","0.00"
"参天製薬","4536","東証","○","-","○","17,800","-","無","0.00","1,660.0","14.5","0.39 %","-","2,793","1,426,400","-2.03 %","貸借","0.00"
"ワイエイシイホールディングス","6298","東証","○","-","○","1,400","-","無","0.00","1,275","21","0.39 %","-","365","106,600","-0.93 %","貸借","0.00"
"アートネイチャー","7823","東証","○","-","○","4,500","09/28","有","0.00","768","-1","0.39 %","-","262","79,600","-2.66 %","貸借","0.05"
"ＫＳＫ","9687","東証","○","-","-","0","-","無","1.50","1,513","26","0.39 %","-","24","5,300","-0.13 %","貸借","0.05"
"森永乳業","2264","東証","○","-","-","19,500","12/28","有","0.00","1,042.0","1.5","0.38 %","-","2,524","1,462,600","-2.75 %","貸借","0.00"
"ＧＸデジタル日株ＥＴＦ","2626","東証","○","-","-","23","-","無","0.00","3,372","13","0.38 %","-","22","2,225","-0.85 %","貸借","0.00"
"カゴメ","2811","東証","○","-","-","3,000","12/28","有","0.00","2,636.0","20.0","0.38 %","-","987","234,000","-0.73 %","貸借","0.00"
"ＣＯＬＹ","4175","東証","○","-","-","200","-","無","0.50","2,848","14","0.38 %","-","42","7,200","-2.83 %","信用","0.00"
"三和ホールディングス","5929","東証","○","-","○","8,900","03/29","有","0.00","3,434.0","13.0","0.38 %","-","1,706","659,400","-2.30 %","貸借","0.00"
"ブロードマインド","7343","東証","○","-","-","0","01/27","有","0.70","1,306","5","0.38 %","-","10","4,700","-0.60 %","信用","0.00"
"おきなわＦＧ","7350","東証","○","-","○","4,900","03/29","有","0.00","7,860","30","0.38 %","-","307","61,900","-2.60 %","貸借","0.00"
"ＳＣＲＥＥＮホールディングス","7735","東証","○","-","○","30,500","-","無","0.00","15,785","320","0.38 %","-","8,682","2,193,600","-2.01 %","貸借","0.00"
"中央魚類","8030","東証","○","-","-","100","-","無","0.00","3,905","5","0.38 %","-","15","3,000","0.00 %","貸借","0.00"
"オリコ","8585","東証","○","-","○","83,600","-","無","0.00","790","3","0.38 %","-","703","736,900","-3.06 %","貸借","0.00"
"三菱ＨＣキャピタル","8593","東証","○","-","○","1,076,300","-","無","0.00","1,315.0","9.0","0.38 %","-","4,726","5,137,400","-1.71 %","貸借","0.00"
"ココルポート","9346","東証","○","-","-","0","-","無","1.30","1,830","7","0.38 %","-","6","900","-3.02 %","信用","0.00"
"エアークローゼット","9557","東証","○","-","-","400","12/28","有","0.20","259","1","0.38 %","-","44","20,100","-1.89 %","信用","0.00"
"シンカ","149A","東証","○","-","-","0","-","無","0.70","810","4","0.37 %","-","25","3,300","-0.61 %","信用","0.00"
"エクシオグループ","1951","東証","○","-","○","40,800","-","無","0.00","2,534.0","12.5","0.37 %","-","1,443","381,900","-1.05 %","貸借","0.00"
"鉄人化ホールディングス","2404","東証","○","-","-","0","08/27","有","0.60","532","1","0.37 %","-","12","2,200","0.00 %","貸借","0.05"
"キリンＨＤ","2503","東証","○","-","○","200","12/28","有","0.00","2,818.5","13.5","0.37 %","-","4,877","2,897,000","-1.45 %","貸借","0.00"
"ソフトクリエイトＨＤ","3371","東証","○","-","○","7,200","03/29","有","0.00","2,146","-11","0.37 %","-","151","30,100","-2.67 %","貸借","0.00"
"住友ゴム","5110","東証","○","-","○","76,600","-","無","0.00","1,999.0","19.5","0.37 %","-","2,377","1,376,500","-1.42 %","貸借","0.00"
"サンユウ","5697","東証","○","-","-","100","-","無","0.70","810","-2","0.37 %","-","15","3,600","-2.40 %","信用","0.00"
"ちゅうぎんフィナンシャ","5832","東証","○","-","-","4,400","12/28","有","0.00","3,753","42","0.37 %","-","926","250,800","-1.36 %","貸借","0.00"
"ノーリツ","5943","東証","○","-","○","10,500","-","無","0.00","2,157","8","0.37 %","-","396","83,800","-1.55 %","貸借","0.00"
"タダノ","6395","東証","○","-","○","16,900","-","無","0.00","1,356","12","0.37 %","-","779","308,300","-0.58 %","貸借","0.00"
"デンヨー","6517","東証","○","-","○","4,100","03/29","有","0.00","3,975","60","0.37 %","-","177","41,300","-0.87 %","貸借","0.00"
"ポート","7047","東証","○","-","-","700","-","無","0.00","2,148","28","0.37 %","-","280","64,500","-1.51 %","貸借","0.00"
"ジェイック","7073","東証","○","-","-","0","01/27","有","1.80","2,390","0","0.37 %","-","8","1,300","-1.40 %","信用","0.00"
"Ｚｅｎｋｅｎ","7371","東証","○","-","-","0","-","無","0.00","793","8","0.37 %","-","91","17,000","-1.24 %","貸借","0.00"
"ＮＥＣキャピタルソリューション","8793","東証","○","-","○","9,300","03/29","有","0.00","4,035","0","0.37 %","-","132","32,400","-2.77 %","貸借","0.00"
"ＧＲＥＥＮＥＡＲＴＨＩＮＳＴ","9212","東証","○","-","-","2,000","-","無","0.20","268","3","0.37 %","-","135","44,000","-5.63 %","信用","0.00"
"ポエック","9264","東証","○","-","-","0","-","無","1.30","1,617","10","0.37 %","-","36","11,600","-0.24 %","貸借","0.00"
"エイチ・アイ・エス","9603","東証","○","-","○","172,100","10/28","有","0.00","1,078","3","0.37 %","-","612","287,800","-2.61 %","貸借","0.00"
"東証ＲＥＩＴインバース","2094","東証","○","-","-","287","-","無","0.00","834","5","0.36 %","-","51","28,634","-0.47 %","貸借","0.00"
"成学社","2179","東証","○","-","-","0","03/29","有","0.00","831","2","0.36 %","-","12","2,300","0.00 %","貸借","0.00"
"ベースフード","2936","東証","○","-","-","0","02/24","有","0.80","276","3","0.36 %","-","29","12,500","-0.36 %","貸借","0.05"
"ニチリン","5184","東証","○","-","-","200","12/28","有","0.00","4,115","15","0.36 %","-","86","13,900","-1.90 %","貸借","0.00"
"エスネットワークス","5867","東証","○","-","-","0","-","無","1.30","1,380","8","0.36 %","-","5","1,300","-2.12 %","信用","0.00"
"日本トムソン","6480","東証","○","-","○","57,400","-","無","0.00","1,932","60","0.36 %","-","1,695","488,600","-0.82 %","貸借","0.00"
"遠藤照明","6932","東証","○","-","-","0","-","無","0.00","2,501","7","0.36 %","-","87","14,000","-2.22 %","貸借","0.00"
"三京化成","8138","東証","○","-","-","500","-","無","3.50","4,150","65","0.36 %","-","3","300","0.00 %","信用","0.00"
"千葉興業銀行","8337","東証","○","-","-","0","03/29","有","0.00","2,755","33","0.36 %","-","629","108,300","-1.60 %","貸借","0.00"
"ＡＶＡＮＴＩＡ","8904","東証","○","-","-","0","02/24","有","0.90","826","7","0.36 %","-","61","27,500","-0.12 %","貸借","0.00"
"ユキグニファクトリー","1375","東証","○","-","○","10,700","03/29","有","0.10","1,135","-1","0.35 %","-","133","32,600","-2.23 %","信用","0.00"
"セカンドリテイリング","2681","東証","○","-","○","18,600","-","無","0.00","2,245","8","0.35 %","-","636","171,600","-3.02 %","貸借","0.00"
"ファインデックス","3649","東証","○","-","○","5,000","-","無","0.00","851","3","0.35 %","-","107","35,900","-2.18 %","貸借","0.05"
"メドレー","4480","東証","○","-","○","2,800","-","無","0.00","2,292","-15","0.35 %","-","881","208,200","-2.55 %","貸借","0.00"
"トレンドマイクロ","4704","東証","○","-","○","8,500","-","無","0.00","6,742","-56","0.35 %","-","3,303","872,600","-1.56 %","貸借","0.00"
"品川リフラ","5351","東証","○","-","○","25,800","-","無","0.00","1,953","8","0.35 %","-","400","93,600","-4.49 %","貸借","0.00"
"電業社","6365","東証","○","-","-","1,000","03/29","有","7.20","5,600","0","0.35 %","-","2","300","-1.40 %","信用","0.00"
"日本精工","6471","東証","○","-","○","88,500","-","無","0.00","1,126.0","19.0","0.35 %","-","2,635","1,813,700","0.00 %","貸借","0.00"
"池田泉州ＨＤ","8714","東証","○","-","○","124,900","03/29","有","0.00","1,126","8","0.35 %","-","1,337","690,600","-2.34 %","貸借","0.00"
"中央倉庫","9319","東証","○","-","○","5,100","03/29","有","0.00","1,709","8","0.35 %","-","102","20,400","-2.78 %","貸借","0.00"
"東テク","9960","東証","○","-","○","7,900","-","無","0.00","4,210","20","0.35 %","-","282","67,100","-0.82 %","貸借","0.00"
"ＧＸレジデンシャル・Ｊリート","2097","東証","○","-","-","46","-","無","1.00","885","4","0.34 %","-","57","3,071","-2.64 %","貸借","0.00"
"ヤクルト","2267","東証","○","-","○","99,700","03/29","有","0.00","2,727.5","7.5","0.34 %","-","2,794","1,784,700","-0.74 %","貸借","0.00"
"ＧＸＭＳＣＩＣＦキング日株","234A","東証","○","-","-","8","-","無","2.00","1,467","3","0.34 %","-","17","742","-0.74 %","貸借","0.00"
"トラストホールディングス","3286","東証","○","-","-","0","06/28","有","1.00","875","2","0.34 %","-","14","5,400","-0.45 %","信用","0.00"
"日本ファルコム","3723","東証","○","-","-","400","-","無","1.00","2,585","9","0.34 %","-","64","13,300","-3.47 %","信用","0.00"
"サカタインクス","4633","東証","○","-","○","0","12/28","有","0.00","2,615","20","0.34 %","-","405","112,700","-1.13 %","貸借","0.00"
"アール・エス・シー","4664","東証","○","-","-","2,100","-","無","1.60","1,176","6","0.34 %","-","472","104,500","-4.31 %","信用","0.00"
"ノエビアホールディングス","4928","東証","○","-","○","10,300","-","無","0.00","4,420","-20","0.34 %","-","214","57,700","-1.77 %","貸借","0.00"
"デクセリアルズ","4980","東証","○","-","○","88,800","-","無","0.00","3,474.0","85.0","0.34 %","-","8,349","2,413,400","-0.45 %","貸借","0.00"
"トーソー","5956","東証","○","-","-","0","03/29","有","0.50","585","3","0.34 %","-","30","23,800","-0.84 %","貸借","0.00"
"やまびこ","6250","東証","○","-","○","11,800","-","無","0.00","4,375","70","0.34 %","-","265","75,200","-1.35 %","貸借","0.00"
"アイチコーポレーション","6345","東証","○","-","-","1,500","-","無","0.00","1,443","13","0.34 %","-","384","116,100","-0.27 %","貸借","0.00"
"極東貿易","8093","東証","○","-","○","4,700","03/29","有","0.00","1,754","6","0.34 %","-","200","49,000","-1.34 %","貸借","0.00"
"クラシル","299A","東証","○","-","-","700","03/29","有","0.80","1,207","15","0.33 %","-","223","60,200","-0.82 %","貸借","0.00"
"住友精化","4008","東証","○","-","-","1,600","03/29","有","0.00","1,510","25","0.33 %","-","468","156,900","-0.26 %","貸借","0.00"
"アミューズ","4301","東証","○","-","○","8,100","03/29","有","0.00","1,822","-11","0.33 %","-","80","15,500","-1.51 %","貸借","0.00"
"武田薬品","4502","東証","○","-","○","300,100","-","無","0.00","5,639","-4","0.33 %","-","6,910","3,269,900","-2.27 %","貸借","0.30"
"早稲田アカデミー","4718","東証","○","-","-","700","03/29","有","0.00","2,413","-33","0.33 %","-","111","24,200","-3.05 %","貸借","0.00"
"アイビー化粧品","4918","東証","○","-","-","500","-","無","0.20","300","1","0.33 %","-","55","21,600","0.00 %","信用","0.00"
"ヒラノテクシード","6245","東証","○","-","-","400","-","無","0.00","1,794","23","0.33 %","-","169","39,400","-1.64 %","貸借","0.00"
"テクノスマート","6246","東証","○","-","-","100","-","無","0.00","1,789","6","0.33 %","-","20","5,200","-1.70 %","貸借","0.00"
"マースグループＨＬＤＧＳ","6419","東証","○","-","○","5,800","03/29","有","0.00","3,020","5","0.33 %","-","191","61,900","-1.46 %","貸借","0.00"
"新晃工業","6458","東証","○","-","○","35,900","03/29","有","0.00","1,206","6","0.33 %","-","582","244,000","-1.30 %","貸借","0.00"
"チノー","6850","東証","○","-","○","1,600","03/29","有","0.00","1,815","6","0.33 %","-","175","37,900","-0.71 %","貸借","0.10"
"リグア","7090","東証","○","-","-","0","03/29","有","0.60","903","-9","0.33 %","-","5","500","-1.20 %","信用","0.00"
"セフテック","7464","東証","○","-","-","0","-","無","0.90","1,505","-6","0.33 %","-","15","1,600","-1.24 %","信用","0.00"
"高速","7504","東証","○","-","-","500","03/29","有","0.00","4,510","0","0.33 %","-","186","42,600","-2.16 %","貸借","0.25"
"竹田ＩＰホールディングス","7875","東証","○","-","-","500","03/29","有","0.70","896","15","0.33 %","-","107","22,300","-0.22 %","信用","0.00"
"丸井グループ","8252","東証","○","-","○","65,800","-","無","0.00","2,732.0","7.0","0.33 %","-","1,847","741,000","-2.16 %","貸借","0.00"
"ハマキョウレックス","9037","東証","○","-","○","12,400","-","無","0.00","1,776","17","0.33 %","-","431","106,200","-1.82 %","貸借","0.00"
"ゼンリン","9474","東証","○","-","○","28,400","-","無","0.00","895","1","0.33 %","-","382","119,900","-1.10 %","貸借","0.00"
"ＮＦＴＯＰＩＸ","1306","東証","○","-","-","144,550","-","無","0.00","436.3","6.1","0.32 %","-","3,898","10,976,470","0.00 %","貸借","0.00"
"ＩＦＪＰＸプライム１５０","2017","東証","○","-","-","0","-","無","0.00","1,567","23","0.32 %","-","87","12,682","-0.12 %","貸借","0.00"
"日本和装ＨＬＤＧＳ","2499","東証","○","-","-","0","-","無","0.20","311","1","0.32 %","-","17","4,300","0.00 %","信用","0.00"
"理研ビタミン","4526","東証","○","-","-","1,000","03/29","有","0.00","3,085","10","0.32 %","-","167","61,800","-1.75 %","貸借","0.05"
"日本精蝋","5010","東証","○","-","-","2,600","-","無","0.10","307","3","0.32 %","-","166","130,500","-0.64 %","信用","0.00"
"フェニックスバイオ","6190","東証","○","-","-","200","-","無","0.30","311","-3","0.32 %","-","10","1,700","-2.50 %","信用","0.00"
"パルステック工業","6894","東証","○","-","-","6,800","-","無","1.60","2,151","7","0.32 %","-","7","700","-0.23 %","信用","0.00"
"ナンシン","7399","東証","○","-","-","100","-","無","0.50","620","3","0.32 %","-","5","600","-0.32 %","信用","0.00"
"ＮＡＴＴＹＳＷＡＮＫＹホールテ","7674","東証","○","-","-","0","01/27","有","1.30","2,765","10","0.32 %","-","19","2,500","-0.14 %","信用","0.00"
"近鉄百貨店","8244","東証","○","-","-","400","02/24","有","0.00","1,858","9","0.32 %","-","233","41,200","-1.22 %","貸借","0.10"
"ソフトバンクグループ","9984","東証","○","-","○","761,400","-","無","0.00","6,497","187","0.32 %","-","111,231","56,205,300","-3.59 %","貸借","0.00"
"ＧＸＵＳスーパーＤＥＴＦ","2253","東証","○","-","-","173","-","無","0.00","1,283","7","0.31 %","-","61","1,249","-0.07 %","貸借","0.00"
"キャンドゥ","2698","東証","○","-","-","0","02/24","有","0.00","3,220","-5","0.31 %","-","55","15,000","-2.12 %","貸借","0.00"
"ノバック","5079","東証","○","-","-","0","-","無","0.90","2,552","2","0.31 %","-","24","3,900","-1.16 %","信用","0.00"
"ミクロン精密","6159","東証","○","-","-","100","-","無","2.10","1,883","23","0.31 %","-","7","1,300","-0.84 %","信用","0.00"
"カネミツ","7208","東証","○","-","-","100","03/29","有","0.70","1,269","-26","0.31 %","-","34","5,900","-2.30 %","信用","0.00"
"フランスベッドＨＬＤＧＳ","7840","東証","○","-","-","600","03/29","有","0.00","1,283","11","0.31 %","-","148","48,900","-0.31 %","貸借","0.00"
"豊田通商","8015","東証","○","-","○","65,800","-","無","0.00","7,387","123","0.31 %","-","4,981","1,775,400","-0.21 %","貸借","0.00"
"山口フィナンシャルＧ","8418","東証","○","-","○","42,600","03/29","有","0.00","3,500.0","39.0","0.31 %","-","1,462","384,100","-1.65 %","貸借","0.00"
"トーカイ","9729","東証","○","-","○","1,700","03/29","有","0.00","2,516","6","0.31 %","-","163","38,800","-0.31 %","貸借","0.05"
"日伝","9902","東証","○","-","○","3,700","03/29","有","0.00","3,235","20","0.31 %","-","170","49,900","-0.76 %","貸借","0.00"
"ＧＸ価格パワー日株","328A","東証","○","-","-","0","-","無","2.00","1,318","9","0.30 %","-","7","118","-0.67 %","貸借","0.00"
"児玉化学","4222","東証","○","-","-","5,600","-","無","0.30","649","7","0.30 %","-","597","278,400","-1.21 %","信用","0.00"
"ＳＳゴールドヘッジ無","447A","東証","○","-","-","3,090","-","無","0.30","261.0","-2.1","0.30 %","-","148","154,400","-1.17 %","信用","0.00"
"大塚商会","4768","東証","○","-","○","6,200","-","無","0.00","3,655.0","-20.0","0.30 %","-","2,197","772,800","-1.80 %","貸借","0.10"
"東映アニメーション","4816","東証","○","-","○","3,200","03/29","有","0.00","2,914","8","0.30 %","-","1,511","468,500","-2.28 %","貸借","0.00"
"日本エマージェンシーＡ","6063","東証","○","-","-","10,800","12/28","有","0.60","1,003","0","0.30 %","-","5","900","0.00 %","信用","0.00"
"トレンダーズ","6069","東証","○","-","-","400","-","無","0.00","657","5","0.30 %","-","130","38,500","-2.81 %","貸借","0.00"
"山一電機","6941","東証","○","-","○","3,400","03/29","有","0.00","9,950","330","0.30 %","-","1,535","393,700","-1.28 %","貸借","0.00"
"フジシールインターナショナル","7864","東証","○","-","○","6,600","03/29","有","0.00","3,340","35","0.30 %","-","400","121,100","-0.74 %","貸借","0.00"
"カナデン","8081","東証","○","-","○","5,900","03/29","有","0.30","2,641","1","0.30 %","-","116","22,400","-0.37 %","信用","0.00"
"清水銀行","8364","東証","○","-","○","4,700","-","無","0.00","3,245","5","0.30 %","-","148","29,000","-2.40 %","貸借","0.00"
"百十四銀行","8386","東証","○","-","○","46,100","03/29","有","0.00","3,250","40","0.30 %","-","644","236,900","-1.96 %","貸借","0.00"
"東祥","8920","東証","○","-","○","17,800","-","無","0.00","655","5","0.30 %","-","165","161,400","-2.09 %","貸借","0.00"
"やまや","9994","東証","○","-","-","600","-","無","0.00","1,998","4","0.30 %","-","61","60,500","-1.08 %","貸借","0.00"
"上場海外新興国","1681","東証","○","-","-","58","-","無","0.00","3,410","35","0.29 %","-","38","2,220","-0.40 %","貸借","0.00"
"ＩＦ米国債７１０Ｈ無","2015","東証","○","-","-","0","-","無","3.00","2,042","0","0.29 %","-","14","1,005","-0.09 %","貸借","0.00"
"ＩＦＳＰ５００Ｈ有","2248","東証","○","-","-","408","-","無","3.00","2,758","8","0.29 %","-","18","11,086","-0.36 %","貸借","0.00"
"ＷＤＢホールディングス","2475","東証","○","-","○","6,800","-","無","0.00","1,719","5","0.29 %","-","53","15,700","-1.32 %","貸借","0.00"
"ジェイフロンティア","2934","東証","○","-","-","0","11/26","有","3.80","2,037","0","0.29 %","-","17","3,300","-0.14 %","信用","0.00"
"ハウスローゼ","7506","東証","○","-","-","8,200","03/29","有","1.40","1,374","4","0.29 %","-","15","1,800","-1.00 %","貸借","0.10"
"ヨネックス","7906","東証","○","-","○","3,600","03/29","有","0.00","2,375","57","0.29 %","-","1,910","481,600","-0.37 %","貸借","0.00"
"シルバーライフ","9262","東証","○","-","-","0","07/28","有","0.00","671","2","0.29 %","-","70","22,400","-2.04 %","貸借","0.00"
"ＩＦＪＰＸ日経４００","1599","東証","○","-","-","0","-","無","34.00","38,070","320","0.28 %","-","5","8","0.00 %","貸借","0.00"
"ＮＮインドベアＥＴＮ","2047","東証","○","-","-","0","-","無","3.00","3,579","36","0.28 %","-","3","232","-0.55 %","信用","0.00"
"雪印メグミルク","2270","東証","○","-","○","5,700","-","無","0.00","3,490","-5","0.28 %","-","417","183,000","-1.82 %","貸借","0.00"
"ＮＦ米債７－１０ヘッジ無","2647","東証","○","-","-","3","-","無","0.00","5,588","10","0.28 %","-","15","64","0.00 %","貸借","0.00"
"パルグループＨＬＤＧＳ","2726","東証","○","-","○","41,800","02/24","有","0.00","1,411","12","0.28 %","-","1,757","808,500","-1.32 %","貸借","0.00"
"フジボウホールディングス","3104","東証","○","-","○","7,400","-","無","0.00","3,530","70","0.28 %","-","409","131,300","-0.56 %","貸借","0.00"
"テルモ","4543","東証","○","-","○","122,100","03/29","有","0.00","2,283.5","40.0","0.28 %","-","8,072","5,514,000","-3.30 %","貸借","0.00"
"ＴＤＣソフト","4687","東証","○","-","○","12,000","-","無","0.00","1,067","-3","0.28 %","-","242","75,600","-2.46 %","貸借","0.00"
"オービックビジネスＣ","4733","東証","○","-","○","1,900","03/29","有","0.30","8,116","-64","0.28 %","-","508","105,700","-1.37 %","信用","0.00"
"セカンドサイトアナリティカ","5028","東証","○","-","-","0","-","無","0.40","351","1","0.28 %","-","31","6,600","-0.84 %","信用","0.00"
"日本コンクリ－ト","5269","東証","○","-","○","10,800","03/29","有","0.00","349","1","0.28 %","-","198","158,100","-1.96 %","貸借","0.00"
"日本精線","5659","東証","○","-","○","19,900","03/29","有","0.00","1,391","7","0.28 %","-","189","42,500","-0.99 %","貸借","0.00"
"エイチワン","5989","東証","○","-","○","31,000","03/29","有","0.00","1,403","14","0.28 %","-","679","249,800","-3.44 %","貸借","0.00"
"シリウスビジョン","6276","東証","○","-","-","400","-","無","0.40","347","2","0.28 %","-","30","10,000","-1.42 %","信用","0.00"
"日本電気","6701","東証","○","-","○","172,000","-","無","0.00","4,927","14","0.28 %","-","7,938","3,984,500","-0.90 %","貸借","0.00"
"シモジマ","7482","東証","○","-","○","13,600","03/29","有","0.00","1,429","-8","0.28 %","-","134","35,400","-2.78 %","貸借","0.00"
"タカラトミー","7867","東証","○","-","○","90,300","03/29","有","0.00","4,175","-27","0.28 %","-","2,352","592,200","-2.08 %","貸借","0.00"
"第一実業","8059","東証","○","-","-","1,500","09/28","有","0.00","3,525","25","0.28 %","-","162","52,700","-0.70 %","貸借","0.10"
"ＧＳＩクレオス","8101","東証","○","-","○","8,100","03/29","有","0.00","2,477","1","0.28 %","-","202","36,500","-2.28 %","貸借","0.00"
"佐賀銀行","8395","東証","○","-","○","3,700","-","無","0.00","7,040","70","0.28 %","-","204","45,100","-2.08 %","貸借","0.00"
"ＧＸＵＳ配当貴族ヘッジ","2095","東証","○","-","-","2","-","無","0.00","1,109","1","0.27 %","-","13","95","-0.62 %","貸借","0.00"
"アミタホールディングス","2195","東証","○","-","-","500","-","無","0.70","370","-1","0.27 %","-","81","23,300","-2.37 %","信用","0.00"
"ジェイドグループ","3558","東証","○","-","-","1,300","02/24","有","0.40","1,841","15","0.27 %","-","343","64,900","-1.65 %","信用","0.00"
"大和コンピューター","3816","東証","○","-","-","1,900","-","無","1.00","1,100","2","0.27 %","-","2","200","-1.43 %","信用","0.00"
"旭有機材","4216","東証","○","-","○","4,500","-","無","0.00","7,220","70","0.27 %","-","463","131,700","-1.76 %","貸借","0.00"
"ＬＩＮＫ－Ｕグループ","4446","東証","○","-","-","0","-","無","2.20","721","-3","0.27 %","-","170","46,400","-1.63 %","貸借","0.00"
"日本特殊塗料","4619","東証","○","-","-","300","-","無","0.00","2,598","7","0.27 %","-","88","15,700","-1.96 %","貸借","0.00"
"ＪＸ金属","5016","東証","○","-","○","440,300","-","無","0.00","3,712.0","100.0","0.27 %","-","26,721","17,571,000","-0.42 %","貸借","0.00"
"くすりの窓口","5592","東証","○","-","-","1,300","-","無","1.50","2,517","15","0.27 %","-","258","57,600","-1.87 %","信用","0.00"
"ギフティグループ","590A","東証","○","-","-","2,200","-","無","0.00","1,095","-11","0.27 %","-","814","213,100","-4.45 %","貸借","0.00"
"スターゼン","8043","東証","○","-","○","32,800","03/29","有","0.00","1,455","-5","0.27 %","-","442","166,800","-3.83 %","貸借","0.00"
"クレディセゾン","8253","東証","○","-","○","15,600","-","無","0.00","4,366","48","0.27 %","-","3,036","962,700","-3.36 %","貸借","0.00"
"ショーエイコーポ","9385","東証","○","-","-","0","03/29","有","0.00","742","-3","0.27 %","-","23","10,500","-0.80 %","貸借","0.00"
"大氣社","1979","東証","○","-","○","6,200","-","無","0.00","3,805","30","0.26 %","-","538","184,600","-0.52 %","貸借","0.00"
"ハイパー","3054","東証","○","-","-","300","12/28","有","0.20","384","3","0.26 %","-","43","13,000","-0.25 %","信用","0.00"
"ユーザーローカル","3984","東証","○","-","-","1,300","06/28","有","0.00","1,519","0","0.26 %","-","377","122,800","-3.06 %","貸借","0.00"
"ゼネテック","4492","東証","○","-","-","200","-","無","0.30","385","-4","0.26 %","-","34","5,600","-2.28 %","信用","0.00"
"メック","4971","東証","○","-","○","0","12/28","有","0.00","7,520","320","0.26 %","-","1,217","470,900","-1.31 %","貸借","0.00"
"リンナイ","5947","東証","○","-","○","3,900","-","無","0.00","3,363.0","14.0","0.26 %","-","1,156","331,600","-1.32 %","貸借","0.20"
"竹内製作所","6432","東証","○","-","○","9,400","-","無","0.00","7,520","130","0.26 %","-","526","198,000","-0.39 %","貸借","0.00"
"全国保証","7164","東証","○","-","○","80,800","-","無","0.00","3,003.0","13.0","0.26 %","-","1,449","320,600","-2.30 %","貸借","0.00"
"ＧＭＯフィナンシャルＨＬＤＧＳ","7177","東証","○","-","-","6,200","10/28","有","0.20","1,149","-1","0.26 %","-","741","310,300","-3.03 %","信用","0.00"
"ＧＭＢ","7214","東証","○","-","-","100","-","無","0.00","1,145","3","0.26 %","-","39","12,700","-0.17 %","貸借","0.00"
"ソニーフィナンシャルグループ","8729","東証","○","-","○","9,801,300","-","無","0.00","149.0","0.1","0.26 %","-","4,824","54,591,000","-4.36 %","貸借","0.00"
"セキド","9878","東証","○","-","-","200","03/17","有","0.70","383","2","0.26 %","-","33","9,300","-1.03 %","信用","0.00"
"富士山マガジン","3138","東証","○","-","-","0","12/28","有","0.80","1,203","5","0.25 %","-","18","3,300","0.00 %","信用","0.00"
"ＳＵＭＩＮＯＥ","3501","東証","○","-","-","0","05/27","有","3.00","1,158","2","0.25 %","-","70","14,600","-2.03 %","貸借","0.00"
"ユニシアホールディングス","3547","東証","○","-","-","0","11/26","有","0.00","1,936","6","0.25 %","-","126","29,400","-1.77 %","貸借","0.05"
"伊勢化学工業","4107","東証","○","-","-","500","-","無","11.60","3,930","50","0.25 %","-","507","150,900","-1.25 %","信用","0.00"
"ＫＬＡＳＳ","6233","東証","○","-","-","0","-","無","0.40","396","1","0.25 %","-","5","700","-1.00 %","信用","0.00"
"ジオマテック","6907","東証","○","-","-","700","-","無","0.20","799","7","0.25 %","-","159","71,100","-2.08 %","信用","0.00"
"三栄コーポレーシヨン","8119","東証","○","-","-","0","03/29","有","0.60","782","3","0.25 %","-","10","1,700","-0.25 %","信用","0.00"
"鴻池運輸","9025","東証","○","-","○","3,400","-","無","0.00","2,771","7","0.25 %","-","353","84,200","-2.87 %","貸借","0.00"
"北沢産業","9930","東証","○","-","-","100","-","無","0.00","386","-4","0.25 %","-","11","2,300","-2.27 %","貸借","0.00"
"サンドラッグ","9989","東証","○","-","○","41,000","03/29","有","0.00","3,569.0","1.0","0.25 %","-","1,495","527,600","-0.58 %","貸借","0.00"
"ＮＦ国内債券","2510","東証","○","-","-","2,540","-","無","0.00","791.7","2.7","0.24 %","-","513","254,160","-0.21 %","貸借","0.00"
"高千穂交易","2676","東証","○","-","○","0","12/28","有","0.00","2,036","-7","0.24 %","-","125","27,100","-1.92 %","貸借","0.15"
"ＧＸロジリートＥＴＦ","2864","東証","○","-","-","22","-","無","3.00","1,247","3","0.24 %","-","4","9","-2.04 %","貸借","0.00"
"イートアンドＨＬＤＧＳ","2882","東証","○","-","-","0","02/24","有","0.00","2,008","1","0.24 %","-","60","13,800","-0.39 %","貸借","0.10"
"バイク王＆カンパニー","3377","東証","○","-","-","0","11/26","有","0.30","414","4","0.24 %","-","242","100,500","-5.26 %","貸借","0.00"
"ＳＳゴールドヘッジ有","448A","東証","○","-","-","480","-","無","0.10","248.4","-2.1","0.24 %","-","36","25,790","-1.74 %","信用","0.00"
"ＦＤＫ","6955","東証","○","-","-","600","-","無","0.20","407","2","0.24 %","-","77","23,600","-0.97 %","信用","0.00"
"かんなん丸","7585","東証","○","-","-","0","12/28","有","0.30","407","1","0.24 %","-","14","3,000","-0.48 %","信用","0.00"
"ヤマハ","7951","東証","○","-","○","84,000","-","無","0.00","1,218.0","16.0","0.24 %","-","4,168","2,148,400","-0.69 %","貸借","0.00"
"東北電力","9506","東証","○","-","○","223,700","-","無","0.00","1,241.0","4.0","0.24 %","-","4,485","2,944,500","-3.87 %","貸借","0.00"
"ＫＮＴ－ＣＴホールディングス","9726","東証","○","-","○","3,400","03/29","有","0.20","2,015","4","0.24 %","-","149","32,000","-0.78 %","信用","0.00"
"上場ＪＰＸ日経４００","1592","東証","○","-","-","37","-","無","4.00","3,445","45","0.23 %","-","46","2,373","-0.08 %","貸借","0.00"
"エス・エム・エス","2175","東証","○","-","○","4,700","-","無","0.00","2,596","28","0.23 %","-","941","273,800","-3.81 %","貸借","0.15"
"丸大食品","2288","東証","○","-","○","3,800","03/29","有","0.00","2,125","6","0.23 %","-","441","115,500","-1.71 %","貸借","0.00"
"システナ","2317","東証","○","-","○","197,200","-","無","0.00","422","-2","0.23 %","-","365","663,600","-0.70 %","貸借","0.00"
"ティア","2485","東証","○","-","-","600","-","無","0.00","433","2","0.23 %","-","55","32,400","-1.36 %","貸借","0.00"
"阿波製紙","3896","東証","○","-","-","0","-","無","0.40","418","1","0.23 %","-","21","6,400","-2.33 %","信用","0.00"
"キャピタル・アセット・プラン","3965","東証","○","-","-","200","03/29","有","0.50","854","2","0.23 %","-","37","6,700","-0.69 %","信用","0.00"
"早稲田学習研究会","5869","東証","○","-","-","0","11/26","有","1.10","1,274","3","0.23 %","-","25","4,400","-0.39 %","貸借","0.00"
"Ｍ＆Ａキャピタルパートナー","6080","東証","○","-","○","6,500","-","無","0.00","4,285","15","0.23 %","-","316","95,300","-0.81 %","貸借","0.25"
"放電精密加工研","6469","東証","○","-","-","2,000","-","無","9.30","2,934","51","0.23 %","-","476","100,100","-1.14 %","信用","0.00"
"Ｔ．Ｓ．Ｉ","7362","東証","○","-","-","21,400","-","無","0.80","868","-7","0.23 %","-","4","400","-2.14 %","信用","0.00"
"スリー・ディー・マトリックス","7777","東証","○","-","-","0","-","無","0.50","421","1","0.23 %","-","1,316","1,247,900","-4.75 %","信用","0.00"
"三陽商会","8011","東証","○","-","○","1,900","02/24","有","0.00","1,297","13","0.23 %","-","590","158,500","-2.55 %","貸借","0.10"
"ＢＩＰＲＯＧＹ","8056","東証","○","-","○","3,100","-","無","0.00","4,679","-29","0.23 %","-","1,262","347,600","-1.14 %","貸借","0.00"
"ゼット","8135","東証","○","-","-","1,900","03/29","有","0.30","434","3","0.23 %","-","62","93,100","-0.91 %","信用","0.00"
"武蔵野銀行","8336","東証","○","-","○","21,200","03/29","有","0.00","2,948","39","0.23 %","-","1,250","250,100","-0.57 %","貸借","0.00"
"京葉銀行","8544","東証","○","-","○","11,100","03/29","有","0.00","2,963","36","0.23 %","-","1,035","353,700","-1.00 %","貸借","0.00"
"ＩＦＴＯＰＩＸ（年１決）","1305","東証","○","-","-","1,320","-","無","0.00","4,409","68","0.22 %","-","235","131,680","0.00 %","貸借","0.00"
"ＮＦ金価格","1328","東証","○","-","-","227","-","無","0.00","15,460","-120","0.22 %","-","436","20,310","-1.34 %","貸借","0.00"
"工藤建設","1764","東証","○","-","-","1,200","-","無","2.00","2,676","6","0.22 %","-","3","700","-1.61 %","信用","0.00"
"ニッテン","2108","東証","○","-","○","13,700","03/29","有","0.00","1,797","4","0.22 %","-","404","112,400","-1.31 %","貸借","0.00"
"バリューコマース","2491","東証","○","-","-","0","-","無","0.00","449","1","0.22 %","-","513","224,100","-1.31 %","貸借","0.05"
"アルフレッサホールディングス","2784","東証","○","-","○","3,100","-","無","0.00","2,226.0","5.5","0.22 %","-","1,561","408,500","-2.32 %","貸借","0.05"
"アールエイジ","3248","東証","○","-","-","0","-","無","0.60","881","1","0.22 %","-","21","4,500","-1.01 %","信用","0.00"
"システムディ","3804","東証","○","-","-","100","-","無","0.20","453","3","0.22 %","-","17","2,800","0.00 %","信用","0.00"
"スーパーバツグ","3945","東証","○","-","-","0","-","無","1.00","2,196","5","0.22 %","-","3","300","-1.17 %","信用","0.00"
"ビートレンド","4020","東証","○","-","-","0","12/28","有","0.70","878","8","0.22 %","-","8","1,400","0.00 %","信用","0.00"
"ネオマーケティング","4196","東証","○","-","-","700","09/28","有","0.50","1,325","3","0.22 %","-","127","29,300","-1.48 %","信用","0.00"
"市進ホールディングス","4645","東証","○","-","-","0","02/24","有","0.40","443","-2","0.22 %","-","16","3,400","-0.44 %","信用","0.00"
"ＰＯＰＥＲ","5134","東証","○","-","-","100","-","無","0.40","455","4","0.22 %","-","13","4,400","-0.43 %","信用","0.00"
"日本郵政","6178","東証","○","-","○","279,400","-","無","0.00","2,465.5","0.5","0.22 %","-","7,613","4,462,300","-2.41 %","貸借","0.00"
"島精機製作所","6222","東証","○","-","-","1,900","03/29","有","0.00","892","11","0.22 %","-","382","131,800","-1.87 %","貸借","0.05"
"ニプロ","8086","東証","○","-","○","59,600","03/29","有","0.00","1,316.0","9.0","0.22 %","-","1,949","863,600","-3.37 %","貸借","0.00"
"ソーダニツカ","8158","東証","○","-","○","2,200","03/29","有","0.00","1,308","1","0.22 %","-","144","38,400","-1.43 %","貸借","0.00"
"百五銀行","8368","東証","○","-","○","45,100","03/29","有","0.00","2,623","39","0.22 %","-","1,688","571,000","-0.49 %","貸借","0.05"
"揚羽","9330","東証","○","-","-","0","03/29","有","0.70","882","2","0.22 %","-","6","700","-0.22 %","信用","0.00"
"ロイヤルホテル","9713","東証","○","-","-","0","03/29","有","0.00","906","0","0.22 %","-","12","2,400","-0.98 %","貸借","0.00"
"美樹工業","1718","東証","○","-","-","100","-","無","0.20","2,288","5","0.21 %","-","9","1,400","-2.38 %","信用","0.00"
"ヤマウラ","1780","東証","○","-","○","3,000","03/29","有","0.00","1,428","2","0.21 %","-","194","38,000","-1.85 %","貸借","0.05"
"ＩＦＳＰ５００ベア","2238","東証","○","-","-","0","-","無","0.00","5,234","-15","0.21 %","-","8","65","-1.22 %","貸借","0.00"
"ＡＬＳＯＫ","2331","東証","○","-","○","19,300","-","無","0.00","1,158.5","1.5","0.21 %","-","1,920","905,800","-2.40 %","貸借","0.00"
"リガク・ホールディングス","268A","東証","○","-","-","21,500","-","無","0.10","1,857","62","0.21 %","-","4,698","2,168,500","-1.74 %","信用","0.00"
"ブロードリーフ","3673","東証","○","-","○","18,800","-","無","0.00","465","1","0.21 %","-","542","306,600","-2.51 %","貸借","0.00"
"大塚ホールディングス","4578","東証","○","-","○","0","12/28","有","0.00","11,425","105","0.21 %","-","1,657","850,000","-1.67 %","貸借","0.00"
"環境管理センター","4657","東証","○","-","-","0","-","無","0.20","460","1","0.21 %","-","8","1,200","-0.86 %","信用","0.00"
"コロナ","5909","東証","○","-","○","7,700","03/29","有","0.10","928","2","0.21 %","-","56","13,300","-1.17 %","信用","0.00"
"さくらさくプラス","7097","東証","○","-","-","200","01/27","有","1.60","2,796","29","0.21 %","-","34","5,500","-1.37 %","信用","0.00"
"バンダイナムコＨＬＤＧＳ","7832","東証","○","-","○","47,200","03/29","有","0.00","5,710","-32","0.21 %","-","5,267","1,657,800","-2.27 %","貸借","0.00"
"ムトー精工","7927","東証","○","-","-","0","-","無","0.00","2,339","6","0.21 %","-","66","12,100","-1.59 %","貸借","0.00"
"ＳＧホールディングス","9143","東証","○","-","○","50,500","-","無","0.00","1,409.5","0.5","0.21 %","-","1,956","1,317,400","-2.28 %","貸借","0.00"
"キムラユニティー","9368","東証","○","-","-","200","03/29","有","0.00","922","6","0.21 %","-","40","10,200","-2.33 %","貸借","0.00"
"秋川牧園","1380","東証","○","-","-","100","03/29","有","0.90","1,002","2","0.20 %","-","3","2,200","0.00 %","信用","0.00"
"タスキホールディングス","166A","東証","○","-","-","5,800","-","無","0.00","981","9","0.20 %","-","807","331,800","-2.87 %","貸借","0.00"
"ＧＸウラニウム","224A","東証","○","-","-","97","-","無","0.00","1,447","1","0.20 %","-","73","6,221","-1.22 %","貸借","0.00"
"ＳＭＴ日本株厳選投","257A","東証","○","-","-","6","-","無","3.00","3,507","48","0.20 %","-","8","584","0.00 %","貸借","0.00"
"日本食品化工","2892","東証","○","-","-","200","-","無","1.90","4,915","15","0.20 %","-","43","7,500","-1.30 %","信用","0.00"
"セブン＆アイ・ＨＬＤＧＳ","3382","東証","○","-","○","110,200","02/24","有","0.00","1,980.0","2.0","0.20 %","-","6,835","6,301,300","-1.14 %","貸借","0.00"
"信和","3447","東証","○","-","-","1,000","09/28","有","0.10","957","-1","0.20 %","-","118","38,900","-1.64 %","信用","0.00"
"エコミック","3802","東証","○","-","-","100","03/29","有","0.40","482","1","0.20 %","-","11","1,300","-1.63 %","信用","0.00"
"ＧＸゴールド","425A","東証","○","-","-","6,510","-","無","0.20","350.1","-3.1","0.20 %","-","295","325,120","-1.38 %","信用","0.00"
"セプテーニＨＬＤＧＳ","4293","東証","○","-","-","0","12/28","有","0.00","494","1","0.20 %","-","505","277,500","-2.37 %","貸借","0.00"
"ライドオンエクスプレスＨＤ","6082","東証","○","-","-","600","03/29","有","0.20","987","2","0.20 %","-","92","26,000","-0.60 %","信用","0.00"
"ダイヤモンドエレクトリクＨＤ","6699","東証","○","-","-","2,900","-","無","0.30","479","-2","0.20 %","-","208","144,200","-2.44 %","信用","0.00"
"めぶきフィナンシャルＧ","7167","東証","○","-","○","181,400","03/29","有","0.00","1,680.5","20.5","0.20 %","-","4,438","2,000,700","-2.29 %","貸借","0.00"
"イトーキ","7972","東証","○","-","○","14,000","06/28","有","0.00","2,419","13","0.20 %","-","638","153,000","-1.38 %","貸借","0.00"
"伊藤忠","8001","東証","○","-","○","789,800","-","無","0.00","2,197.5","22.0","0.20 %","-","9,112","11,489,400","-0.67 %","貸借","0.00"
"マミーマートＨＤ","9823","東証","○","-","-","2,500","03/29","有","0.30","967","0","0.20 %","-","279","99,800","-2.71 %","信用","0.00"
"北恵","9872","東証","○","-","-","0","11/18","有","0.90","965","17","0.20 %","-","121","34,800","-0.72 %","貸借","0.00"
"中電工","1941","東証","○","-","○","6,300","-","無","0.00","5,110","30","0.19 %","-","306","102,000","-0.58 %","貸借","0.10"
"トーア紡コーポレーション","3204","東証","○","-","-","0","12/28","有","0.00","506","1","0.19 %","-","26","5,100","0.00 %","貸借","0.00"
"日本フエルト","3512","東証","○","-","-","300","03/29","有","0.30","1,025","2","0.19 %","-","22","3,700","-1.91 %","信用","0.00"
"チタン工業","4098","東証","○","-","-","100","-","無","0.10","1,004","6","0.19 %","-","11","1,600","-4.38 %","信用","0.00"
"ＩＳＳ＆Ｐ５００カバコ","452A","東証","○","-","-","2,740","-","無","0.50","816.4","1.9","0.19 %","-","245","118,530","-0.31 %","信用","0.00"
"エスケー化研","4628","東証","○","-","-","300","03/29","有","0.40","10,200","20","0.19 %","-","124","15,300","-1.44 %","信用","0.00"
"しずおかフィナンシャルク","5831","東証","○","-","○","40,600","-","無","0.00","3,578.0","10.0","0.19 %","-","3,930","1,736,100","-1.83 %","貸借","0.00"
"トレックス・セミコンダクター","6616","東証","○","-","○","8,400","-","無","0.10","2,042","42","0.19 %","-","387","68,200","-1.44 %","信用","0.00"
"アシロ","7378","東証","○","-","-","0","-","無","0.00","1,528","-5","0.19 %","-","68","12,200","-2.67 %","貸借","0.00"
"東京ソワール","8040","東証","○","-","-","0","12/28","有","0.90","1,052","2","0.19 %","-","15","1,900","-1.68 %","信用","0.00"
"東京産業","8070","東証","○","-","○","24,400","-","無","0.00","1,003","-2","0.19 %","-","374","89,300","-1.76 %","貸借","0.00"
"人・夢・技術グループ","9248","東証","○","-","-","500","-","無","0.10","1,566","-6","0.19 %","-","94","16,300","-3.27 %","信用","0.00"
"ジュンテンドー","9835","東証","○","-","-","8,000","02/24","有","0.00","511","0","0.19 %","-","13","1,900","-0.38 %","貸借","0.00"
"ＯＮＥＥＴＦトピックス","1473","東証","○","-","-","530","-","無","6.90","4,259","57","0.18 %","-","17","1,880","-0.09 %","貸借","0.50"
"ＮＮインドブルＥＴＮ","2046","東証","○","-","-","62","-","無","18.00","21,180","-120","0.18 %","-","215","3,060","-1.92 %","信用","0.00"
"ランディックス","2981","東証","○","-","-","100","12/28","有","0.80","2,210","23","0.18 %","-","25","3,800","-1.99 %","信用","0.00"
"ＺＯＺＯ","3092","東証","○","-","○","88,200","-","無","0.00","1,090.0","2.0","0.18 %","-","2,805","2,215,700","-1.58 %","貸借","0.00"
"イルグルム","3690","東証","○","-","-","0","03/29","有","0.40","540","-2","0.18 %","-","26","6,700","-1.09 %","貸借","0.05"
"ＧＭＯＴＥＣＨホールディン","415A","東証","○","-","-","0","-","無","5.50","5,550","10","0.18 %","-","2","500","-3.64 %","信用","0.00"
"ＡＧＣ","5201","東証","○","-","○","87,900","-","無","0.00","5,810","61","0.18 %","-","3,153","1,044,400","-0.64 %","貸借","0.00"
"初穂商事","7425","東証","○","-","-","0","-","無","1.00","1,110","2","0.18 %","-","3","400","-0.80 %","信用","0.00"
"ＡＯＫＩホールディングス","8214","東証","○","-","○","24,400","03/29","有","0.00","1,660","1","0.18 %","-","415","119,900","-1.54 %","貸借","0.00"
"しまむら","8227","東証","○","-","○","16,900","02/17","有","0.00","3,225.0","25.0","0.18 %","-","1,458","643,500","-1.55 %","貸借","0.00"
"日産東京販売ＨＤ","8291","東証","○","-","-","1,000","03/29","有","0.00","543","4","0.18 %","-","90","49,300","-0.73 %","貸借","0.00"
"サンネクスタグループ","8945","東証","○","-","-","100","12/28","有","1.00","1,093","2","0.18 %","-","11","2,300","-0.63 %","信用","0.00"
"フォーバルテレコム","9445","東証","○","-","-","18,700","-","無","0.60","536","0","0.18 %","-","5","1,300","-0.18 %","貸借","0.00"
"昭文社ホールディングス","9475","東証","○","-","-","0","03/29","有","0.70","536","10","0.18 %","-","28","5,300","0.00 %","貸借","0.00"
"ＩＳ米＄ＨＹ社債ヘジ","1497","東証","○","-","-","0","-","無","0.00","1,684","-1","0.17 %","-","70","14,810","-0.64 %","貸借","0.00"
"ＭＸＳダウ","2241","東証","○","-","-","40","-","無","0.90","898.9","1.3","0.17 %","-","27","13,380","-0.37 %","貸借","0.50"
"ダイドーグループＨＤ","2590","東証","○","-","○","9,900","01/18","有","0.00","2,857","5","0.17 %","-","233","48,300","-2.29 %","貸借","0.05"
"ティーライフ","3172","東証","○","-","-","0","01/27","有","0.00","1,129","4","0.17 %","-","19","4,300","-0.35 %","貸借","0.00"
"ホットマン","3190","東証","○","-","-","0","09/28","有","1.00","571","-1","0.17 %","-","9","1,100","-0.52 %","信用","0.00"
"ＪＰＭＣ","3276","東証","○","-","-","600","-","無","0.00","2,247","5","0.17 %","-","110","32,800","-1.10 %","貸借","0.00"
"パルマ","3461","東証","○","-","-","300","03/29","有","0.20","559","-2","0.17 %","-","25","8,800","-2.10 %","信用","0.00"
"Ｈｉクラテス","4172","東証","○","-","-","0","-","無","0.20","2,275","1","0.17 %","-","7","700","-1.42 %","信用","0.00"
"プレミアアンチエイジング","4934","東証","○","-","-","0","07/28","有","1.50","581","-1","0.17 %","-","32","10,400","-1.85 %","貸借","0.00"
"ダイニチ工業","5951","東証","○","-","-","0","-","無","0.70","1,123","2","0.17 %","-","45","5,900","-1.92 %","貸借","0.10"
"大豊工業","6470","東証","○","-","○","7,700","-","無","0.00","1,165","5","0.17 %","-","143","32,200","-0.42 %","貸借","0.00"
"山洋電気","6516","東証","○","-","○","6,900","-","無","0.00","5,740","200","0.17 %","-","459","154,900","-0.86 %","貸借","0.00"
"バルミューダ","6612","東証","○","-","-","0","12/28","有","0.40","581","-5","0.17 %","-","10","3,400","-1.52 %","信用","0.00"
"大和証券Ｇ本社","8601","東証","○","-","○","379,700","03/29","有","0.00","1,755.5","4.5","0.17 %","-","8,963","6,324,500","-3.27 %","貸借","0.00"
"小林洋行","8742","東証","○","-","-","100","03/29","有","0.50","579","-1","0.17 %","-","10","1,900","-1.53 %","貸借","0.00"
"Ｕ－ＮＥＸＴＨＯＬＤＩＮＧＳ","9418","東証","○","-","-","0","02/24","有","0.00","1,760","0","0.17 %","-","1,250","469,100","-1.23 %","貸借","0.00"
"ビケンテクノ","9791","東証","○","-","-","100","03/29","有","0.10","1,164","2","0.17 %","-","3","400","-1.18 %","信用","0.00"
"光フードサービス","138A","東証","○","-","-","0","11/26","有","2.70","3,125","20","0.16 %","-","5","800","-0.47 %","信用","0.00"
"新日本空調","1952","東証","○","-","○","15,400","03/29","有","0.00","3,115","15","0.16 %","-","238","78,000","-1.57 %","貸借","0.00"
"ダイダン","1980","東証","○","-","○","41,500","-","無","0.00","3,020","50","0.16 %","-","1,242","465,500","-0.82 %","貸借","0.00"
"ブラス","2424","東証","○","-","-","0","01/27","有","0.30","623","7","0.16 %","-","12","4,500","-0.79 %","信用","0.00"
"アンビションＤＸホールデ","3300","東証","○","-","-","0","-","無","0.80","1,816","-1","0.16 %","-","157","37,700","-3.09 %","信用","0.00"
"ＴＳＩホールディングス","3608","東証","○","-","○","36,000","02/24","有","0.00","1,198","4","0.16 %","-","652","276,200","-1.07 %","貸借","0.00"
"ビーグリー","3981","東証","○","-","-","0","12/28","有","0.40","1,236","0","0.16 %","-","6","800","-0.08 %","信用","0.00"
"ＧＭＯフィナンシャルゲート","4051","東証","○","-","-","700","03/29","有","0.70","5,900","20","0.16 %","-","186","35,900","-1.99 %","信用","0.00"
"電算システムＨＤ","4072","東証","○","-","○","0","12/28","有","0.00","3,130","-20","0.16 %","-","122","27,200","-3.39 %","貸借","0.00"
"レイ","4317","東証","○","-","-","500","-","無","0.20","598","3","0.16 %","-","56","12,300","-0.33 %","信用","0.00"
"持田製薬","4534","東証","○","-","-","0","-","無","0.00","3,090","0","0.16 %","-","191","47,400","-2.83 %","貸借","0.00"
"大伸化学","4629","東証","○","-","-","200","-","無","1.50","2,389","-18","0.16 %","-","35","8,800","-3.66 %","信用","0.00"
"木村工機","6231","東証","○","-","-","300","-","無","0.70","12,320","260","0.16 %","-","124","15,100","-1.20 %","信用","0.00"
"ギークス","7060","東証","○","-","-","300","-","無","0.00","601","5","0.16 %","-","44","26,500","-0.82 %","貸借","0.00"
"オーウエル","7670","東証","○","-","-","0","12/28","有","1.00","1,227","2","0.16 %","-","10","1,400","-0.08 %","信用","0.00"
"エステールホールディングス","7872","東証","○","-","-","0","03/29","有","0.30","613","-4","0.16 %","-","7","1,000","-0.80 %","信用","0.00"
"グリーンランドリゾート","9656","東証","○","-","-","0","12/28","有","0.00","600","0","0.16 %","-","7","1,100","0.00 %","貸借","0.00"
"福井コンピュータＨＬＤＳ","9790","東証","○","-","○","1,500","-","無","0.00","2,957","-10","0.16 %","-","232","37,900","-1.59 %","貸借","0.00"
"ケーユーホールディングス","9856","東証","○","-","○","21,300","-","無","0.00","1,180","0","0.16 %","-","126","30,700","-2.55 %","貸借","0.00"
"ＩＦＳＰ５００Ｗベア","2249","東証","○","-","-","0","-","無","0.00","9,318","-64","0.15 %","-","22","319","-1.48 %","貸借","0.00"
"ＩＳ日本国債ＥＴＦ","2561","東証","○","-","-","91","-","無","2.00","1,962","2","0.15 %","-","65","16,226","-0.35 %","貸借","0.00"
"ＩＦ英国ＦＴＳＥ１００","363A","東証","○","-","-","0","-","無","0.00","2,622","9","0.15 %","-","14","330","-2.63 %","貸借","0.00"
"ＳＨＩＦＴ","3697","東証","○","-","-","35,200","-","無","0.00","876.8","-13.6","0.15 %","-","10,061","2,967,700","-4.31 %","貸借","0.05"
"みのや","386A","東証","○","-","-","0","06/28","有","1.00","1,253","-4","0.15 %","-","11","2,300","-0.31 %","信用","0.00"
"協和キリン","4151","東証","○","-","○","22,100","-","無","0.00","2,214.5","-15.5","0.15 %","-","3,554","1,717,500","-3.84 %","貸借","0.00"
"ＧＸゴールドＨ","424A","東証","○","-","-","5,440","-","無","0.30","315.1","-3.2","0.15 %","-","171","271,730","-1.06 %","信用","0.00"
"プレステージ・インター","4290","東証","○","-","○","43,100","03/29","有","0.00","667","-1","0.15 %","-","682","524,300","-2.76 %","貸借","0.00"
"パラカ","4809","東証","○","-","○","7,800","-","無","0.10","1,969","0","0.15 %","-","76","12,500","-1.50 %","信用","0.00"
"新日本製薬","4931","東証","○","-","-","800","03/29","有","0.00","1,953","-11","0.15 %","-","260","50,700","-2.30 %","貸借","0.00"
"長谷川香料","4958","東証","○","-","○","2,800","09/28","有","0.00","3,290","35","0.15 %","-","176","60,600","-2.37 %","貸借","0.00"
"北川精機","6327","東証","○","-","-","3,600","-","無","4.40","3,310","65","0.15 %","-","645","178,600","-2.35 %","信用","0.00"
"小森コーポレーション","6349","東証","○","-","○","12,000","-","無","0.00","1,963","26","0.15 %","-","712","167,700","-0.15 %","貸借","0.00"
"マックス","6454","東証","○","-","○","23,500","-","無","0.00","1,886","33","0.15 %","-","550","189,900","-0.21 %","貸借","0.05"
"電気興業","6706","東証","○","-","○","6,800","03/29","有","0.00","3,320","0","0.15 %","-","70","15,600","-1.77 %","貸借","0.00"
"ＷＤＢココ","7079","東証","○","-","-","3,900","-","無","0.10","2,592","0","0.15 %","-","2","300","-1.14 %","信用","0.00"
"リファインバースグループ","7375","東証","○","-","-","0","-","無","1.00","1,282","10","0.15 %","-","102","21,900","-1.38 %","信用","0.00"
"ナイス","8089","東証","○","-","-","100","03/29","有","1.80","1,907","-3","0.15 %","-","13","1,700","-1.08 %","貸借","0.00"
"安田倉庫","9324","東証","○","-","○","15,700","03/29","有","0.00","2,593","9","0.15 %","-","289","50,100","-3.46 %","貸借","0.00"
"メンバーズ","2130","東証","○","-","○","5,300","-","無","0.00","691","0","0.14 %","-","579","325,100","-11.63 %","貸借","0.00"
"ＩＦ中国科創板５０","2628","東証","○","-","-","165","-","無","3.00","3,404","13","0.14 %","-","160","15,765","-5.41 %","貸借","0.00"
"コメダホールディングス","3543","東証","○","-","○","37,700","02/24","有","0.00","2,796","5","0.14 %","-","612","170,000","-1.47 %","貸借","0.00"
"ネクソン","3659","東証","○","-","○","36,800","-","無","0.00","2,680.5","-4.5","0.14 %","-","5,273","1,961,500","-1.65 %","貸借","0.00"
"ネクストジェン","3842","東証","○","-","-","0","03/29","有","0.30","1,362","-8","0.14 %","-","12","2,400","-1.37 %","信用","0.00"
"日本フェンオール","6870","東証","○","-","-","0","-","無","1.10","2,116","-12","0.14 %","-","6","1,500","-0.65 %","信用","0.00"
"ジャパンインベストメントＡ","7172","東証","○","-","-","0","12/28","有","0.00","2,119","11","0.14 %","-","375","94,700","-1.35 %","貸借","0.00"
"エイケン工業","7265","東証","○","-","-","0","-","無","3.00","3,505","5","0.14 %","-","10","1,800","-0.70 %","信用","0.00"
"ナ・デックス","7435","東証","○","-","-","300","-","無","0.30","1,383","2","0.14 %","-","70","10,800","-4.35 %","信用","0.00"
"Ｇ－７ホールディングス","7508","東証","○","-","○","19,900","-","無","0.00","1,381","-1","0.14 %","-","197","61,000","-2.95 %","貸借","0.00"
"ウェッズ","7551","東証","○","-","-","1,000","03/29","有","1.60","671","1","0.14 %","-","8","5,000","-0.88 %","貸借","0.00"
"未来工業","7931","東証","○","-","○","5,600","-","無","0.00","3,570","5","0.14 %","-","73","14,000","-2.19 %","貸借","0.20"
"築地魚市場","8039","東証","○","-","-","0","06/28","有","0.00","3,490","-5","0.14 %","-","16","2,000","-0.42 %","貸借","0.00"
"ニッスイ","1332","東証","○","-","○","164,400","03/29","有","0.00","1,101.5","3.5","0.13 %","-","1,873","1,447,200","-2.08 %","貸借","0.00"
"ＩＳ米国債７－１０ＥＴＦ","1656","東証","○","-","-","110","-","無","0.30","297.0","-0.2","0.13 %","-","74","158,070","-0.20 %","貸借","0.00"
"翻訳センター","2483","東証","○","-","-","100","-","無","1.10","2,223","19","0.13 %","-","11","1,400","-1.85 %","信用","0.00"
"日本マクドナルドＨＬＤＧ","2702","東証","○","-","○","0","12/28","有","0.00","7,450","10","0.13 %","-","1,078","577,800","-1.58 %","貸借","0.00"
"帝国繊維","3302","東証","○","-","○","100","12/28","有","0.00","2,954","17","0.13 %","-","316","61,200","-3.14 %","貸借","0.00"
"トヨクモ","4058","東証","○","-","-","300","-","無","0.00","2,149","-6","0.13 %","-","126","21,400","-2.71 %","貸借","0.00"
"日本カ－バイド","4064","東証","○","-","○","15,600","03/29","有","0.00","3,805","35","0.13 %","-","384","99,700","-1.16 %","貸借","0.00"
"オーケーエム","6229","東証","○","-","-","300","-","無","0.90","1,462","2","0.13 %","-","79","15,500","-2.20 %","信用","0.00"
"のむら産業","7131","東証","○","-","-","0","-","無","0.90","3,760","10","0.13 %","-","20","4,100","-2.46 %","信用","0.00"
"ヒロセ通商","7185","東証","○","-","-","200","09/28","有","4.70","3,595","-5","0.13 %","-","59","14,800","-2.04 %","信用","0.00"
"オークワ","8217","東証","○","-","-","1,700","02/17","有","0.00","769","0","0.13 %","-","297","98,300","-2.28 %","貸借","0.05"
"コメリ","8218","東証","○","-","○","3,500","03/29","有","0.00","3,710","5","0.13 %","-","271","112,000","-1.06 %","貸借","0.00"
"ｉＦＴＰＸダブル","1367","東証","○","-","-","540","-","無","0.00","3,191","74","0.12 %","-","298","43,871","-0.59 %","貸借","0.00"
"純金上場信託","1540","東証","○","-","-","2,400","-","無","0.00","19,660","-160","0.12 %","-","2,501","175,720","-1.25 %","貸借","0.00"
"ＳＢＩサウジ上場投信","273A","東証","○","-","-","2","-","無","0.00","9,302","12","0.12 %","-","14","128","-0.83 %","貸借","0.00"
"ライフフーズ","3065","東証","○","-","-","0","02/24","有","0.80","1,589","2","0.12 %","-","2","300","-0.06 %","信用","0.00"
"帝人","3401","東証","○","-","○","45,100","-","無","0.00","1,641.5","11.5","0.12 %","-","1,935","592,100","-2.11 %","貸借","0.00"
"アスマーク","4197","東証","○","-","-","0","11/26","有","2.40","2,407","3","0.12 %","-","14","1,800","0.00 %","信用","0.00"
"イサム塗料","4624","東証","○","-","-","2,800","03/29","有","2.30","3,980","75","0.12 %","-","2","300","0.00 %","信用","0.00"
"日進工具","6157","東証","○","-","○","21,400","03/29","有","0.00","807","-3","0.12 %","-","124","36,500","-1.82 %","貸借","0.00"
"イワキポンプ","6237","東証","○","-","○","3,700","-","無","0.00","4,165","65","0.12 %","-","235","50,600","-1.06 %","貸借","0.00"
"サンリン","7486","東証","○","-","-","100","-","無","0.70","827","1","0.12 %","-","9","1,000","0.00 %","信用","0.00"
"ハンズマン","7636","東証","○","-","-","0","-","無","0.30","791","1","0.12 %","-","13","2,500","-0.50 %","信用","0.00"
"シード","7743","東証","○","-","-","0","-","無","1.10","794","1","0.12 %","-","74","126,100","0.00 %","貸借","0.05"
"ドリームベッド","7791","東証","○","-","-","100","03/29","有","0.40","813","1","0.12 %","-","7","800","-0.36 %","信用","0.00"
"信越ポリマー","7970","東証","○","-","○","14,600","-","無","0.00","2,459","53","0.12 %","-","774","168,300","-0.76 %","貸借","0.00"
"イオン","8267","東証","○","-","○","986,800","02/24","有","0.00","1,226.0","-4.0","0.12 %","-","7,392","11,138,600","-4.03 %","貸借","0.00"
"太平洋興発","8835","東証","○","-","-","200","-","無","0.00","776","1","0.12 %","-","59","15,000","-2.02 %","貸借","0.00"
"相鉄ホールディングス","9003","東証","○","-","○","36,000","03/29","有","0.00","2,469.5","12.0","0.12 %","-","1,061","284,700","-1.33 %","貸借","0.00"
"山九","9065","東証","○","-","○","15,800","-","無","0.00","1,580.0","13.0","0.12 %","-","2,669","808,400","-1.25 %","貸借","0.00"
"学究社","9769","東証","○","-","○","9,400","03/29","有","0.30","2,503","-1","0.12 %","-","66","12,200","-1.80 %","信用","0.00"
"ＪＰＸ日経４００ベア２倍","1469","東証","○","-","-","100","-","無","0.20","177.9","-3.7","0.11 %","-","9","870","-2.99 %","貸借","0.00"
"ＩＳＭＳＣＩ最小分散","1477","東証","○","-","-","19","-","無","0.00","3,374","31","0.11 %","-","11","348","-0.70 %","貸借","0.00"
"日本ケアサプライ","2393","東証","○","-","-","200","-","無","1.60","4,355","-20","0.11 %","-","45","6,800","-1.69 %","信用","0.00"
"ＮＺＡＭＴＯＰＩＸ","2524","東証","○","-","-","17","-","無","5.00","4,277","58","0.11 %","-","17","32,071","-0.04 %","貸借","0.00"
"上場ＮＳＱ１００ヘッジ有","2569","東証","○","-","-","0","-","無","3.00","4,482","28","0.11 %","-","88","7,373","-0.51 %","貸借","0.00"
"インターメスティック","262A","東証","○","-","○","5,000","-","無","0.10","1,671","9","0.11 %","-","462","103,400","-2.16 %","信用","0.00"
"北越コーポレーション","3865","東証","○","-","-","2,300","-","無","0.00","865","-3","0.11 %","-","632","220,400","-2.48 %","貸借","0.00"
"マネーフォワード","3994","東証","○","-","○","0","11/26","有","6.60","5,937","-50","0.11 %","-","1,842","300,300","-2.59 %","貸借","0.35"
"エフアンドエム","4771","東証","○","-","-","0","-","無","0.00","2,649","2","0.11 %","-","47","6,300","-2.82 %","貸借","0.00"
"ヒマラヤ","7514","東証","○","-","-","0","02/24","有","0.60","853","-1","0.11 %","-","7","4,100","-0.23 %","信用","0.00"
"スパークス・グループ","8739","東証","○","-","○","12,600","03/29","有","0.00","2,643","-1","0.11 %","-","426","88,100","-1.41 %","貸借","0.15"
"ＮＴＴ","9432","東証","○","-","-","1,931,200","12/28","有","0.00","170.0","0.1","0.11 %","-","17,609","166,990,100","-0.46 %","貸借","0.00"
"日建工学","9767","東証","○","-","-","700","-","無","0.70","1,799","25","0.11 %","-","3","700","-1.69 %","信用","0.00"
"湖池屋","2226","東証","○","-","-","0","09/28","有","17.40","4,725","10","0.10 %","-","16","2,300","-1.15 %","貸借","0.25"
"ＧＸ中国ＥＶバッテリＥＴＦ","2254","東証","○","-","-","113","-","無","1.00","953","5","0.10 %","-","17","2,653","-1.24 %","貸借","0.00"
"ＩＳ米国債２０年ヘッジ","2621","東証","○","-","-","2,780","-","無","0.00","945","-2","0.10 %","-","265","184,098","-0.31 %","貸借","0.00"
"ワイズテーブルコーポ","2798","東証","○","-","-","7,300","02/24","有","3.30","2,999","3","0.10 %","-","5","600","-0.19 %","信用","0.00"
"メディカル一光グループ","3353","東証","○","-","-","100","-","無","0.20","2,800","3","0.10 %","-","22","6,200","-0.35 %","信用","0.00"
"パピレス","3641","東証","○","-","-","0","03/29","有","0.20","1,001","2","0.10 %","-","31","5,100","-0.19 %","信用","0.00"
"アイビーシー","3920","東証","○","-","-","4,700","-","無","0.00","981","4","0.10 %","-","6","1,100","0.00 %","貸借","0.05"
"ブロードメディア","4347","東証","○","-","-","100","-","無","4.30","1,882","-13","0.10 %","-","54","9,800","-0.84 %","貸借","0.00"
"ゼリア新薬工業","4559","東証","○","-","-","2,000","12/28","有","0.00","1,903","5","0.10 %","-","413","125,400","-2.90 %","貸借","0.00"
"ビーピー・カストロール","5015","東証","○","-","-","100","-","無","0.40","997","2","0.10 %","-","38","7,300","-0.30 %","信用","0.00"
"フコク","5185","東証","○","-","○","13,000","-","無","0.00","1,922","-1","0.10 %","-","194","43,000","-2.78 %","貸借","0.00"
"セイワホールディングス","523A","東証","○","-","-","0","-","無","2.40","1,973","5","0.10 %","-","236","45,100","-2.66 %","貸借","0.10"
"アサカ理研","5724","東証","○","-","-","1,000","-","無","7.40","2,888","-47","0.10 %","-","303","49,700","-2.76 %","信用","0.00"
"アトラエ","6194","東証","○","-","○","0","10/28","有","0.00","921","2","0.10 %","-","546","396,300","-3.86 %","貸借","0.05"
"タムラ製作所","6768","東証","○","-","○","73,500","-","無","0.00","983","26","0.10 %","-","1,417","861,100","-2.48 %","貸借","0.00"
"マルヨシセンター","7515","東証","○","-","-","700","02/24","有","2.70","4,560","5","0.10 %","-","3","300","-0.86 %","信用","0.00"
"ＷＴＯＫＹＯ","9159","東証","○","-","-","100","12/28","有","1.40","1,892","-8","0.10 %","-","6","1,000","-1.45 %","信用","0.00"
"スターフライヤー","9206","東証","○","-","-","0","03/29","有","1.50","1,916","-4","0.10 %","-","15","1,900","-1.13 %","信用","0.00"
"バリュエンスＨＬＤＧＳ","9270","東証","○","-","-","800","-","無","2.20","1,887","39","0.10 %","-","442","75,700","-1.71 %","貸借","0.00"
"ＭＡＸＩＳトピックスＥＴＦ","1348","東証","○","-","-","1,196","-","無","0.00","4,333","56","0.09 %","-","200","55,424","-0.20 %","貸借","0.00"
"ファーストコーポレーション","1430","東証","○","-","-","0","11/26","有","1.00","1,079","11","0.09 %","-","88","17,700","0.00 %","貸借","0.00"
"上場ＴＲ米債０２ラダー","2093","東証","○","-","-","0","-","無","6.00","5,257","10","0.09 %","-","6","619","-0.13 %","貸借","0.00"
"ＡＧＳ","3648","東証","○","-","-","0","12/28","有","1.80","1,038","-3","0.09 %","-","13","3,200","-0.76 %","貸借","0.00"
"ＧＭＯプライム・ストラテジー","5250","東証","○","-","-","100","-","無","1.00","1,039","-29","0.09 %","-","17","4,700","-4.76 %","信用","0.00"
"ＯＮＥＪ２７－３０年","611A","東証","○","-","-","1,060","-","無","0.60","974.9","0.9","0.09 %","-","11","52,830","-0.96 %","信用","0.00"
"ＯＲＣＨＥＳＴＲＡＨＬＤＧＳ","6533","東証","○","-","○","0","12/28","有","0.30","2,042","20","0.09 %","-","831","171,300","-4.40 %","信用","0.00"
"ディーエムソリューションズ","6549","東証","○","-","-","0","03/29","有","0.60","1,101","-7","0.09 %","-","2","2,700","-2.39 %","信用","0.00"
"ＱＬＳホールディングス","7075","東証","○","-","-","400","03/29","有","0.80","1,002","2","0.09 %","-","46","10,000","-2.24 %","信用","0.00"
"ＳＢＩ新生銀行","8303","東証","○","-","○","112,700","03/29","有","0.00","1,506.5","7.0","0.09 %","-","3,432","2,609,900","-3.46 %","貸借","0.00"
"ＩＮＰＥＸ","1605","東証","○","-","○","0","12/28","有","0.00","3,661.0","-35.0","0.08 %","-","6,107","3,913,900","-1.82 %","貸借","0.00"
"ＮＦ株主還元７０","2529","東証","○","-","-","0","-","無","2.00","2,370","5","0.08 %","-","88","18,194","-0.83 %","貸借","0.00"
"フジオフードＧ本社","2752","東証","○","-","○","0","12/28","有","0.00","1,150","1","0.08 %","-","208","62,700","-1.37 %","貸借","0.10"
"ピックルスホールディングス","2935","東証","○","-","○","2,900","02/24","有","0.10","1,163","2","0.08 %","-","142","28,400","-1.60 %","信用","0.00"
"スター・マイカ・ＨＬＤＧＳ","2975","東証","○","-","○","28,100","-","無","0.00","1,249","-17","0.08 %","-","1,469","658,400","-6.30 %","貸借","0.00"
"東京応化工業","4186","東証","○","-","○","34,600","-","無","0.00","9,212","304","0.08 %","-","3,222","702,700","-0.40 %","貸借","0.00"
"アルゴグラフィックス","7595","東証","○","-","○","23,500","03/29","有","0.00","1,210","1","0.08 %","-","676","225,400","-1.54 %","貸借","0.00"
"日本紙パルプ","8032","東証","○","-","○","33,200","03/29","有","0.00","1,246","6","0.08 %","-","544","241,600","-0.55 %","貸借","0.00"
"ＨＳホールディングス","8699","東証","○","-","-","1,100","-","無","0.00","1,113","1","0.08 %","-","194","107,300","-1.06 %","貸借","0.00"
"センチュリー２１・ジャパン","8898","東証","○","-","-","0","-","無","0.70","1,131","1","0.08 %","-","10","1,900","-1.90 %","信用","0.00"
"穴吹興産","8928","東証","○","-","-","0","06/28","有","2.80","2,303","-1","0.08 %","-","18","2,600","-1.07 %","貸借","0.00"
"光通信","9435","東証","○","-","○","6,000","-","無","0.00","35,950","160","0.08 %","-","385","77,300","-2.25 %","貸借","0.00"
"ＳＩＭＰＬＥ－ＸＮＹダウ","1679","東証","○","-","-","30","-","無","0.00","64,550","-10","0.07 %","-","2","20","-0.44 %","貸借","0.00"
"松井建設","1810","東証","○","-","○","18,400","-","無","0.00","1,391","3","0.07 %","-","217","41,600","-2.72 %","貸借","0.00"
"きんでん","1944","東証","○","-","○","15,600","-","無","0.00","6,860","22","0.07 %","-","2,542","603,400","-0.72 %","貸借","0.00"
"ニップン","2001","東証","○","-","○","16,400","03/29","有","0.00","2,786","19","0.07 %","-","850","193,900","-1.72 %","貸借","0.00"
"アトムリビンテック","3426","東証","○","-","-","100","-","無","1.30","1,310","3","0.07 %","-","9","2,500","0.00 %","信用","0.00"
"ファーストブラザーズ","3454","東証","○","-","-","0","11/26","有","0.00","1,271","6","0.07 %","-","10","3,200","-1.08 %","貸借","0.00"
"ホッカン","5902","東証","○","-","○","10,500","03/29","有","0.00","2,582","-9","0.07 %","-","111","21,500","-1.67 %","貸借","0.00"
"チャットプラス","598A","東証","○","-","-","0","-","無","2.10","1,385","4","0.07 %","-","123","24,800","-2.73 %","信用","0.00"
"ベルシステム２４ＨＬＤＧＳ","6183","東証","○","-","○","9,500","-","無","0.00","1,281","2","0.07 %","-","815","340,200","-2.95 %","貸借","0.00"
"日立","6501","東証","○","-","○","379,500","-","無","0.00","5,642","120","0.07 %","-","12,763","9,943,600","-0.89 %","貸借","0.00"
"スミダコーポレーション","6817","東証","○","-","○","23,100","-","無","0.00","1,286","9","0.07 %","-","382","117,200","-1.30 %","貸借","0.00"
"ミツバ","7280","東証","○","-","○","48,100","03/29","有","0.00","1,309","22","0.07 %","-","507","160,600","-4.73 %","貸借","0.00"
"橋本総業ＨＬＤＧＳ","7570","東証","○","-","○","1,800","03/29","有","0.00","1,357","-10","0.07 %","-","58","11,900","-2.86 %","貸借","0.00"
"壽屋","7809","東証","○","-","-","0","12/28","有","1.70","1,325","1","0.07 %","-","7","3,600","-0.52 %","信用","0.00"
"ＩＳ米国債７－１０ヘッジ","1482","東証","○","-","-","996","-","無","0.00","1,482","-1","0.06 %","-","69","43,507","-0.26 %","貸借","0.00"
"ＮＮＫＯＳＰＩブルＥＴＮ","2033","東証","○","-","-","43","-","無","80.00","80,950","1,020","0.06 %","-","397","1,769","-0.35 %","信用","0.00"
"ダイニック","3551","東証","○","-","-","400","-","無","0.10","1,560","10","0.06 %","-","49","10,500","-0.31 %","信用","0.00"
"小池酸素","6137","東証","○","-","-","200","-","無","1.70","1,492","-1","0.06 %","-","147","16,900","-2.99 %","貸借","0.00"
"日本光電工業","6849","東証","○","-","○","9,500","-","無","0.00","1,582.0","19.5","0.06 %","-","971","355,900","-1.70 %","貸借","0.00"
"ＳＰＫ","7466","東証","○","-","○","24,600","-","無","0.00","1,450","1","0.06 %","-","173","36,000","-1.76 %","貸借","0.00"
"オーエムツーネットワーク","7614","東証","○","-","-","0","01/27","有","0.80","1,543","2","0.06 %","-","10","2,200","-0.70 %","信用","0.00"
"九州リースサービス","8596","東証","○","-","-","400","-","無","0.00","1,505","3","0.06 %","-","132","24,800","-2.39 %","貸借","0.00"
"南総通運","9034","東証","○","-","-","100","-","無","0.40","1,627","5","0.06 %","-","18","2,500","-1.33 %","信用","0.00"
"京阪ホールディングス","9045","東証","○","-","○","45,200","03/29","有","0.00","3,098.0","-4.0","0.06 %","-","928","273,200","-1.68 %","貸借","0.00"
"日本エコシステム","9249","東証","○","-","-","300","03/29","有","1.90","1,585","-15","0.06 %","-","17","3,900","-0.93 %","信用","0.00"
"ＮＳＤ","9759","東証","○","-","○","25,900","03/29","有","0.00","2,948.5","-32.0","0.06 %","-","1,078","246,900","-2.88 %","貸借","0.00"
"ミライト・ワン","1417","東証","○","-","○","15,300","03/29","有","0.00","3,452.0","11.0","0.05 %","-","594","156,500","-1.14 %","貸借","0.00"
"明星工業","1976","東証","○","-","○","13,800","03/29","有","0.00","1,695","4","0.05 %","-","235","66,200","-1.45 %","貸借","0.00"
"キーコーヒー","2594","東証","○","-","-","1,300","03/29","有","0.00","1,941","1","0.05 %","-","376","107,700","-1.87 %","貸借","0.10"
"ユタカフーズ","2806","東証","○","-","-","100","03/29","有","1.00","1,975","-15","0.05 %","-","3","300","-0.75 %","信用","0.00"
"サンクゼール","2937","東証","○","-","-","100","03/29","有","3.00","1,708","7","0.05 %","-","10","1,500","-1.61 %","貸借","0.10"
"ＶＩＸ先物ＥＴＦ","318A","東証","○","-","-","0","-","無","0.00","343.2","-2.8","0.05 %","-","814","522,320","-1.99 %","貸借","0.00"
"シリコンスタジオ","3907","東証","○","-","-","3,700","-","無","3.90","1,891","3","0.05 %","-","518","90,500","-8.64 %","信用","0.00"
"ＣＡＣＨＯＬＤＩＮＧＳ","4725","東証","○","-","○","0","12/28","有","0.00","1,906","-9","0.05 %","-","235","52,600","-1.65 %","貸借","0.00"
"山田コンサルティングＧＰ","4792","東証","○","-","○","10,600","03/29","有","0.00","1,696","0","0.05 %","-","101","24,000","-1.85 %","貸借","0.00"
"三菱マテリアル","5711","東証","○","-","○","47,900","-","無","0.00","5,033","52","0.05 %","-","3,651","1,044,200","-2.15 %","貸借","0.00"
"カナレ電気","5819","東証","○","-","-","0","-","無","1.00","1,726","2","0.05 %","-","19","2,200","-0.74 %","信用","0.00"
"マキタ","6586","東証","○","-","○","8,600","03/29","有","0.00","5,313","55","0.05 %","-","2,461","869,500","-1.11 %","貸借","0.00"
"ハリマ共和物産","7444","東証","○","-","-","3,500","03/29","有","2.00","1,976","1","0.05 %","-","4","500","-0.70 %","信用","0.00"
"トーエネック","1946","東証","○","-","○","13,900","-","無","0.00","2,146","18","0.04 %","-","668","131,700","-2.41 %","貸借","0.00"
"ＩＳ米国債０－３ヶ月","2012","東証","○","-","-","6,600","-","無","0.20","241.3","0.8","0.04 %","-","85","660,100","-0.20 %","貸借","0.00"
"東和フードサービス","3329","東証","○","-","-","0","10/28","有","0.00","2,135","-2","0.04 %","-","24","5,000","-0.32 %","貸借","0.10"
"極東開発工業","7226","東証","○","-","○","43,900","-","無","0.00","2,137","2","0.04 %","-","749","193,200","-3.78 %","貸借","0.00"
"伊藤忠エネクス","8133","東証","○","-","○","26,500","-","無","0.00","2,237","-1","0.04 %","-","534","118,400","-1.75 %","貸借","0.00"
"ＧＸ超長期米国債","180A","東証","○","-","-","20","-","無","0.00","265.1","-0.7","0.03 %","-","35","5,990","-0.37 %","貸借","0.00"
"ＭＸＳ全世界株式","2559","東証","○","-","-","0","-","無","0.00","2,967","17","0.03 %","-","847","302,503","-0.30 %","貸借","0.00"
"ネクステージ","3186","東証","○","-","○","51,900","-","無","0.00","2,839","20","0.03 %","-","3,551","1,523,200","-0.66 %","貸借","0.00"
"ビジョナル","4194","東証","○","-","○","1,100","-","無","0.00","8,718","-86","0.03 %","-","920","187,100","-3.24 %","貸借","0.00"
"ファルコホールディングス","4671","東証","○","-","○","8,900","-","無","0.00","2,666","1","0.03 %","-","78","13,700","-1.69 %","貸借","0.00"
"メディパルＨＤ","7459","東証","○","-","○","1,900","-","無","0.00","2,941.0","21.0","0.03 %","-","1,508","465,200","-1.77 %","貸借","0.00"
"小松ウオール工業","7949","東証","○","-","○","2,000","-","無","0.00","2,726","-14","0.03 %","-","269","54,300","-2.08 %","貸借","0.05"
"テレビ朝日ＨＤ","9409","東証","○","-","○","18,600","03/29","有","0.00","2,986","1","0.03 %","-","1,063","321,000","-0.79 %","貸借","0.00"
"上場豪債ヘッジあり","2843","東証","○","-","-","0","-","無","0.00","3,614","3","0.02 %","-","5","25","-0.05 %","貸借","0.00"
"小林製薬","4967","東証","○","-","○","0","12/28","有","0.00","7,059","-48","0.02 %","-","1,136","310,000","-2.25 %","貸借","0.05"
"三井海洋開発","6269","東証","○","-","○","67,900","-","無","0.00","8,702","-9","0.01 %","-","2,902","686,900","-1.65 %","貸借","0.00"
"ＧＸ超短期米国債","133A","東証","○","-","-","1,294","-","無","1.00","1,062","1","0.00 %","-","65","18,257","-0.46 %","貸借","0.00"
"サンヨーホームズ","1420","東証","○","-","-","0","03/29","有","0.70","629","0","0.00 %","-","44","12,400","-0.47 %","貸借","0.00"
"技研ホールディングス","1443","東証","○","-","-","700","-","無","0.20","274","0","0.00 %","-","37","13,900","-2.14 %","信用","0.00"
"上場米債ヘッジなし","1486","東証","○","-","-","16","-","無","0.00","22,665","-15","0.00 %","-","47","1,601","-0.26 %","貸借","0.00"
"上場米債ヘッジあり","1487","東証","○","-","-","5","-","無","0.00","11,340","-5","0.00 %","-","21","407","-0.04 %","貸借","0.00"
"ＭＡＸＩＳ高配当７０ＭＮ","1499","東証","○","-","-","0","-","無","10.00","9,203","-44","0.00 %","-","2","27","-1.57 %","貸借","0.00"
"ＪＳＨ","150A","東証","○","-","-","2,800","03/29","有","0.60","749","9","0.00 %","-","415","127,400","-3.60 %","信用","0.00"
"ＮＦマレーシア株","1560","東証","○","-","-","0","-","無","0.00","6,166","0","0.00 %","-","14","73","-1.81 %","貸借","0.00"
"東証グロース・コア","1563","東証","○","-","-","209","-","無","0.00","2,437","0","0.00 %","-","75","9,122","-1.73 %","貸借","0.00"
"ＮＦＪＰＸ４００","1591","東証","○","-","-","0","-","無","0.00","37,480","360","0.00 %","-","43","5,250","-0.58 %","貸借","0.00"
"ＩＦＥＳＧセレクトリーダー","1653","東証","○","-","-","0","-","無","0.00","5,470","0","0.00 %","-","1","10","0.00 %","貸借","0.00"
"ＳＤＳホールディングス","1711","東証","○","-","-","0","03/29","有","0.20","235","0","0.00 %","-","36","14,500","-2.08 %","信用","0.00"
"オーテック","1736","東証","○","-","-","100","-","無","0.10","2,500","0","0.00 %","-","12","1,600","-1.72 %","信用","0.00"
"ハンモック","173A","東証","○","-","-","100","-","無","0.20","1,599","0","0.00 %","-","17","2,100","-1.05 %","信用","0.00"
"三東工業社","1788","東証","○","-","-","300","06/28","有","4.10","4,120","-70","0.00 %","-","1","100","-1.67 %","信用","0.00"
"マサル","1795","東証","○","-","-","1,100","03/29","有","2.80","5,500","100","0.00 %","-","2","600","0.00 %","信用","0.00"
"佐田建設","1826","東証","○","-","-","100","-","無","0.00","1,060","0","0.00 %","-","22","8,600","-1.85 %","貸借","0.00"
"ＭＸ米債２０超ヘ有","183A","東証","○","-","-","700","-","無","0.60","405.9","0.4","0.00 %","-","4","1,240","-0.22 %","貸借","0.00"
"ＣＨＯＲＤＩＡＴＨＥＲＡＰＥＵ","190A","東証","○","-","-","38,900","-","無","0.20","61","-1","0.00 %","-","297","1,055,000","-11.59 %","信用","0.00"
"インテグループ","192A","東証","○","-","-","300","-","無","0.70","1,330","2","0.00 %","-","24","3,100","-4.24 %","信用","0.00"
"日揮ホールディングス","1963","東証","○","-","○","33,400","-","無","0.00","2,254.5","9.0","0.00 %","-","3,161","1,054,000","-1.11 %","貸借","0.00"
"ＰＯＳＴＰＲＩＭＥ","198A","東証","○","-","-","800","-","無","0.30","160","-1","0.00 %","-","61","27,900","-1.23 %","信用","0.00"
"神田通信機","1992","東証","○","-","-","700","03/29","有","3.50","2,961","-1","0.00 %","-","1","100","-0.03 %","信用","0.00"
"ＧＸ優先証券隔月","2019","東証","○","-","-","0","-","無","1.00","965","0","0.00 %","-","78","2,347","-0.30 %","貸借","0.00"
"投資経営一心同体","2082","東証","○","-","-","1","-","無","0.00","1,281","1","0.00 %","-","1","5","0.00 %","貸借","0.00"
"ＮＺＡＭ上場投信ＮＱ１Ｈ","2087","東証","○","-","-","0","-","無","0.00","3,624","0","0.00 %","-","1","1","0.00 %","貸借","0.00"
"ＮＺＡＭ米国債７－１０Ｈ","2090","東証","○","-","-","0","-","無","6.00","4,156","-4","0.00 %","-","1","1","-0.09 %","貸借","0.00"
"ＬＩＦＵＬＬ","2120","東証","○","-","-","5,800","03/29","有","0.00","229","-2","0.00 %","-","509","816,000","-2.55 %","貸借","0.00"
"北浜キャピタルパートナー","2134","東証","○","-","-","0","-","無","0.10","18","0","0.00 %","-","92","313,400","-5.26 %","信用","0.00"
"上場日経半導体","213A","東証","○","-","-","7,620","-","無","0.00","450.0","13.0","0.00 %","-","1,336","754,370","-0.64 %","貸借","0.00"
"セーラー広告","2156","東証","○","-","-","8,200","-","無","0.40","274","2","0.00 %","-","37","20,800","-3.85 %","信用","0.00"
"博展","2173","東証","○","-","-","0","12/28","有","2.80","782","1","0.00 %","-","30","6,900","-0.76 %","貸借","0.00"
"ＦＡＢＥＲＣＯＭＰＡＮＹ","220A","東証","○","-","-","0","-","無","1.10","930","0","0.00 %","-","1","100","0.00 %","信用","0.00"
"モロゾフ","2217","東証","○","-","-","500","01/27","有","0.00","1,457","-2","0.00 %","-","110","32,800","-1.68 %","貸借","0.10"
"ＩＦＳＰ５００Ｈ無","2247","東証","○","-","-","231","-","無","0.00","2,285","8","0.00 %","-","26","5,472","-0.65 %","貸借","0.00"
"福留ハム","2291","東証","○","-","-","6,900","-","無","0.50","506","-1","0.00 %","-","2","400","-0.39 %","貸借","0.00"
"滝沢ハム","2293","東証","○","-","-","0","03/29","有","2.60","2,650","-5","0.00 %","-","5","1,400","-0.93 %","信用","0.00"
"スタジオアリス","2305","東証","○","-","○","2,000","08/27","有","0.00","1,801","-11","0.00 %","-","94","22,300","-1.90 %","貸借","0.05"
"ソフトフロントＨＬＤＧＳ","2321","東証","○","-","-","0","-","無","0.30","141","2","0.00 %","-","52","51,100","0.00 %","信用","0.00"
"フォーサイド","2330","東証","○","-","-","0","12/28","有","0.20","85","1","0.00 %","-","133","204,800","-3.40 %","信用","0.00"
"いちご","2337","東証","○","-","○","105,200","02/24","有","0.00","379","3","0.00 %","-","683","1,063,900","-4.05 %","貸借","0.00"
"エヌアイデイ","2349","東証","○","-","-","0","-","無","0.80","2,446","0","0.00 %","-","1","100","-1.80 %","信用","0.00"
"日本駐車場開発","2353","東証","○","-","○","210,000","01/27","有","0.00","256","0","0.00 %","-","418","1,777,900","-1.15 %","貸借","0.00"
"メディネット","2370","東証","○","-","-","0","-","無","0.10","24","0","0.00 %","-","29","172,900","-4.00 %","信用","0.00"
"ケアサービス","2425","東証","○","-","-","0","03/29","有","0.20","672","-10","0.00 %","-","1","100","-3.03 %","信用","0.00"
"シダー","2435","東証","○","-","-","0","-","無","0.00","204","-1","0.00 %","-","5","3,900","-0.97 %","貸借","0.00"
"Ａｏｂａ‐ＢＢＴ","2464","東証","○","-","-","0","03/29","有","0.00","372","0","0.00 %","-","33","9,900","-1.32 %","貸借","0.00"
"ＭＸＳトピ除く金融","2523","東証","○","-","-","0","-","無","0.00","3,085.0","-66.0","0.00 %","-","1","30","-2.49 %","貸借","0.00"
"オートウェーブ","2666","東証","○","-","-","800","-","無","0.10","190","1","0.00 %","-","24","14,600","-0.52 %","信用","0.00"
"タビオ","2668","東証","○","-","-","3,800","02/24","有","0.30","1,278","5","0.00 %","-","4","900","0.00 %","信用","0.00"
"夢みつけ隊","2673","東証","○","-","-","0","-","無","0.50","102","0","0.00 %","-","30","17,400","-1.92 %","信用","0.00"
"ＵＯＧｒｏｕｐ","2683","東証","○","-","-","0","02/24","有","0.60","994","-1","0.00 %","-","6","1,000","-0.10 %","信用","0.00"
"焼肉坂井ホールディンク","2694","東証","○","-","-","0","03/29","有","0.20","70","0","0.00 %","-","27","175,900","-1.40 %","貸借","0.00"
"ＳＡＮＫＯＭＡＲＫＥＴＩＮＧ","2762","東証","○","-","-","0","12/28","有","0.10","68","0","0.00 %","-","145","72,700","-1.44 %","信用","0.00"
"ハニーズホールディングス","2792","東証","○","-","○","3,000","11/26","有","0.00","1,376","-4","0.00 %","-","318","107,400","-3.16 %","貸借","0.05"
"ファーマライズＨＤ","2796","東証","○","-","-","0","11/26","有","0.00","510","1","0.00 %","-","14","4,400","-0.19 %","貸借","0.00"
"ピエトロ","2818","東証","○","-","-","0","03/29","有","0.00","1,758","6","0.00 %","-","8","2,100","-0.11 %","貸借","0.05"
"ＩＳドイツ国債ヘジ","2857","東証","○","-","-","0","-","無","0.00","618.9","0.5","0.00 %","-","5","450","0.00 %","貸借","0.00"
"シノブフーズ","2903","東証","○","-","-","4,900","03/29","有","3.30","1,500","0","0.00 %","-","3","800","-1.12 %","貸借","0.00"
"ＳＴＩフードＨＤ","2932","東証","○","-","-","0","12/28","有","0.80","1,107","0","0.00 %","-","73","13,800","-0.71 %","信用","0.00"
"ＯＮＥＥＴＦＦＴＳＥサウジ","295A","東証","○","-","-","0","-","無","9.00","9,690","95","0.00 %","-","1","2","0.00 %","貸借","0.00"
"日本調理機","2961","東証","○","-","-","1,500","-","無","1.00","1,499","22","0.00 %","-","1","100","0.00 %","信用","0.00"
"サンケイリアルエステート","2972","東証","○","-","-","148","-","無","3.00","125,000","0","0.00 %","-","716","9,097","-0.07 %","信用","0.00"
"アルピコホールディングス","297A","東証","○","-","-","700","03/29","有","0.30","210","0","0.00 %","-","25","32,400","-0.94 %","信用","0.00"
"ストレージ王","2997","東証","○","-","-","0","-","無","1.30","1,322","0","0.00 %","-","7","1,500","-0.07 %","信用","0.00"
"ポラリス・ホールディングス","3010","東証","○","-","-","2,400","03/29","有","0.20","189","1","0.00 %","-","23","43,200","-1.04 %","信用","0.00"
"バナーズ","3011","東証","○","-","-","0","-","無","0.20","141","0","0.00 %","-","14","5,400","-1.39 %","信用","0.00"
"カワサキ","3045","東証","○","-","-","2,600","02/24","有","1.20","1,458","-3","0.00 %","-","3","400","-0.61 %","信用","0.00"
"ビックカメラ","3048","東証","○","-","○","67,800","02/24","有","0.00","1,641.0","-4.0","0.00 %","-","1,378","505,500","-2.11 %","貸借","0.00"
"ヒラキ","3059","東証","○","-","-","11,900","03/29","有","0.70","708","-1","0.00 %","-","12","1,500","-0.28 %","貸借","0.00"
"ストリーム","3071","東証","○","-","-","0","01/27","有","0.20","102","0","0.00 %","-","33","63,700","-0.97 %","信用","0.00"
"物語コーポレーション","3097","東証","○","-","○","0","12/28","有","0.00","5,550","40","0.00 %","-","354","140,900","-0.35 %","貸借","0.00"
"ファンデリー","3137","東証","○","-","-","0","03/29","有","0.30","217","-2","0.00 %","-","42","12,200","-0.91 %","貸借","0.05"
"ハピネス・アンド・ディ","3174","東証","○","-","-","900","02/24","有","0.20","337","-2","0.00 %","-","46","24,900","-5.86 %","信用","0.00"
"ミラタップ","3187","東証","○","-","-","0","-","無","0.00","403","1","0.00 %","-","196","46,900","-2.18 %","貸借","0.05"
"ジェネレーションパス","3195","東証","○","-","-","0","10/28","有","0.50","439","2","0.00 %","-","57","14,200","-3.72 %","貸借","0.05"
"セントラル総合開発","3238","東証","○","-","-","0","-","無","0.10","381","1","0.00 %","-","14","2,400","-1.03 %","信用","0.00"
"ファンドクリエーションＧＰ","3266","東証","○","-","-","0","-","無","0.10","79","0","0.00 %","-","17","75,400","-2.46 %","信用","0.00"
"レカム","3323","東証","○","-","-","0","-","無","0.10","91","-1","0.00 %","-","161","360,200","-3.19 %","信用","0.00"
"バッファロー","3352","東証","○","-","-","4,400","-","無","1.20","1,786","0","0.00 %","-","4","500","-0.99 %","信用","0.00"
"関門海","3372","東証","○","-","-","0","03/29","有","0.30","214","-1","0.00 %","-","45","18,000","-0.92 %","貸借","0.00"
"ＺＯＡ","3375","東証","○","-","-","100","-","無","0.80","1,751","0","0.00 %","-","3","700","-0.45 %","信用","0.00"
"フェリシモ","3396","東証","○","-","-","0","02/24","有","0.30","860","0","0.00 %","-","17","4,000","-0.11 %","信用","0.00"
"バルニバービ","3418","東証","○","-","-","0","11/26","有","1.60","1,050","0","0.00 %","-","35","6,400","-0.75 %","信用","0.00"
"エスイー","3423","東証","○","-","-","0","03/29","有","0.00","266","1","0.00 %","-","24","7,400","0.00 %","貸借","0.00"
"マリモ地方創生リート","3470","東証","○","-","-","59","-","無","3.00","93,600","-400","0.00 %","-","395","2,917","-3.70 %","信用","0.00"
"イノベーションホールディンク","3484","東証","○","-","-","100","10/28","有","0.80","1,247","-2","0.00 %","-","18","6,300","-0.63 %","貸借","0.00"
"ＧＡＴＥＣＨＮＯＬＯＧＩＥＳ","3491","東証","○","-","-","5,200","-","無","0.10","1,313","27","0.00 %","-","879","191,800","-1.05 %","信用","0.00"
"リネットジャパングループ","3556","東証","○","-","-","700","02/24","有","0.60","763","3","0.00 %","-","98","30,900","-3.41 %","信用","0.00"
"東海染工","3577","東証","○","-","-","2,500","03/29","有","0.70","927","0","0.00 %","-","1","500","0.00 %","信用","0.00"
"山喜","3598","東証","○","-","-","0","03/29","有","0.20","157","0","0.00 %","-","14","10,500","-1.25 %","信用","0.00"
"マツオカコーポレーション","3611","東証","○","-","-","200","-","無","0.00","2,368","12","0.00 %","-","65","10,100","-2.26 %","貸借","0.00"
"アスリナ","3647","東証","○","-","-","0","-","無","0.30","114","-1","0.00 %","-","47","36,400","-2.56 %","信用","0.00"
"ポールトゥウィンホールディン","3657","東証","○","-","○","29,400","-","無","0.00","332","0","0.00 %","-","294","266,000","-6.74 %","貸借","0.00"
"ｅｎｉｓｈ","3667","東証","○","-","-","0","12/28","有","0.10","27","-1","0.00 %","-","28","84,300","-3.57 %","貸借","0.00"
"オークファン","3674","東証","○","-","-","200","03/29","有","0.00","328","-3","0.00 %","-","8","4,200","-1.20 %","貸借","0.00"
"アプリックス","3727","東証","○","-","-","0","-","無","0.10","159","-2","0.00 %","-","42","35,200","-4.79 %","信用","0.00"
"サイオス","3744","東証","○","-","-","0","12/28","有","0.00","464","8","0.00 %","-","60","14,600","-1.27 %","貸借","0.00"
"環境フレンドリーＨＬＤＧＳ","3777","東証","○","-","-","0","-","無","0.10","47","1","0.00 %","-","183","895,600","-2.08 %","信用","0.00"
"いい生活","3796","東証","○","-","-","300","09/28","有","0.00","295","3","0.00 %","-","27","6,300","-3.59 %","貸借","0.00"
"ユニリタ","3800","東証","○","-","-","100","03/29","有","2.00","1,951","0","0.00 %","-","8","1,100","-0.91 %","信用","0.00"
"アドソル日進","3837","東証","○","-","○","12,100","-","無","0.00","1,302","1","0.00 %","-","349","87,300","-3.26 %","貸借","0.00"
"ヴィクトン","3840","東証","○","-","-","2,800","-","無","0.10","63","-1","0.00 %","-","59","130,300","-3.07 %","信用","0.00"
"アイル","3854","東証","○","-","○","12,700","-","無","0.10","2,022","-16","0.00 %","-","359","87,500","-1.60 %","信用","0.00"
"フラー","387A","東証","○","-","-","0","-","無","1.00","919","-8","0.00 %","-","2","200","-0.86 %","信用","0.00"
"ネオジャパン","3921","東証","○","-","○","5,300","-","無","0.00","1,591","-8","0.00 %","-","130","26,600","-2.51 %","貸借","0.00"
"業界改革厳選テレビ","394A","東証","○","-","-","50","-","無","0.30","505.5","0.0","0.00 %","-","1","10","-1.93 %","信用","0.00"
"大村紙業","3953","東証","○","-","-","0","-","無","0.30","789","0","0.00 %","-","8","1,000","-1.98 %","信用","0.00"
"昭和パックス","3954","東証","○","-","-","1,300","03/29","有","0.90","3,090","-25","0.00 %","-","1","100","-1.90 %","信用","0.00"
"イムラ","3955","東証","○","-","-","12,000","-","無","0.00","870","3","0.00 %","-","8","800","-0.34 %","貸借","0.00"
"シェアリングテクノロジー","3989","東証","○","-","-","0","-","無","0.20","1,547","1","0.00 %","-","210","225,200","-0.06 %","信用","0.00"
"サインポスト","3996","東証","○","-","-","0","-","無","0.00","222","-2","0.00 %","-","24","20,000","-3.05 %","貸借","0.00"
"ＧＸ中国テック１０","404A","東証","○","-","-","100","-","無","1.00","1,169","14","0.00 %","-","34","4,826","-2.42 %","信用","0.00"
"日本情報クリエイト","4054","東証","○","-","-","0","12/28","有","0.40","520","1","0.00 %","-","42","11,200","-0.57 %","貸借","0.00"
"オリオンビール","409A","東証","○","-","-","4,400","03/29","有","1.80","1,050","-1","0.00 %","-","545","277,300","-4.10 %","貸借","0.05"
"ＫＡＩＺＥＮＰＬＡＴＦＯＲＭ","4170","東証","○","-","-","0","-","無","0.20","111","-1","0.00 %","-","210","309,900","-3.47 %","貸借","0.00"
"タカギセイコー","4242","東証","○","-","-","3,800","-","無","1.70","1,735","0","0.00 %","-","1","100","-0.34 %","貸借","0.00"
"竹本容器","4248","東証","○","-","-","0","-","無","0.60","881","0","0.00 %","-","10","3,000","-0.45 %","貸借","0.00"
"Ｊストリーム","4308","東証","○","-","-","0","-","無","0.10","356","-1","0.00 %","-","22","5,100","-1.11 %","信用","0.00"
"ＣＥホールディングス","4320","東証","○","-","-","1,100","-","無","0.60","1,629","0","0.00 %","-","49","24,100","-0.12 %","信用","0.00"
"ユークス","4334","東証","○","-","-","0","-","無","0.10","379","0","0.00 %","-","28","5,200","-1.55 %","信用","0.00"
"マナック・ケミカルＰ","4360","東証","○","-","-","200","-","無","0.50","1,018","0","0.00 %","-","29","6,900","-0.68 %","信用","0.00"
"ダイトーケミックス","4366","東証","○","-","-","1,700","03/29","有","0.30","500","8","0.00 %","-","196","81,100","-1.76 %","信用","0.00"
"扶桑化学工業","4368","東証","○","-","○","22,300","-","無","0.00","3,420","70","0.00 %","-","1,092","625,900","-1.15 %","貸借","0.00"
"バンク・オブ・イノベ","4393","東証","○","-","-","500","-","無","8.00","6,070","-40","0.00 %","-","222","42,600","-5.59 %","貸借","0.00"
"ディ・アイ・システム","4421","東証","○","-","-","100","09/28","有","0.90","897","0","0.00 %","-","9","1,200","-0.77 %","信用","0.00"
"ＥＤＵＬＡＢ","4427","東証","○","-","-","5,700","-","無","0.20","224","0","0.00 %","-","55","12,300","-3.44 %","信用","0.00"
"ソフト９９コーポレーション","4464","東証","○","-","-","0","-","無","0.00","4,050","0","0.00 %","-","7","2,300","-0.24 %","貸借","0.00"
"ユナイトアンドグロウ","4486","東証","○","-","-","0","-","無","0.00","672","-3","0.00 %","-","14","3,500","-1.89 %","貸借","0.00"
"コマースＯＮＥＨＬＤＧＳ","4496","東証","○","-","-","0","-","無","0.30","738","0","0.00 %","-","41","5,000","-3.65 %","信用","0.00"
"栄研化学","4549","東証","○","-","○","14,800","03/29","有","0.00","2,256","8","0.00 %","-","336","80,300","-2.75 %","貸借","0.10"
"東和薬品","4553","東証","○","-","○","9,600","-","無","0.00","3,500","5","0.00 %","-","225","64,500","-3.31 %","貸借","0.00"
"オンコセラピー・サイエンス","4564","東証","○","-","-","2,285,600","-","無","0.10","20","-1","0.00 %","-","205","249,549,700","-9.09 %","貸借","0.00"
"シンバイオ製薬","4582","東証","○","-","-","0","-","無","0.10","55","-1","0.00 %","-","37","78,000","-3.50 %","信用","0.00"
"リボミック","4591","東証","○","-","-","0","-","無","0.10","76","0","0.00 %","-","73","267,700","-5.00 %","信用","0.00"
"ブライトパス・バイオ","4594","東証","○","-","-","10,900","-","無","0.10","48","-1","0.00 %","-","364","1,665,600","-4.00 %","信用","0.00"
"ソレイジア・ファーマ","4597","東証","○","-","-","400,600","-","無","0.10","31","-1","0.00 %","-","241","72,464,000","-6.06 %","貸借","0.00"
"ステムリム","4599","東証","○","-","-","7,200","-","無","0.10","165","1","0.00 %","-","176","236,500","-3.50 %","信用","0.00"
"神東塗料","4615","東証","○","-","-","400","-","無","0.10","132","0","0.00 %","-","10","16,500","-1.49 %","信用","0.00"
"ＭＸ日株高配ＳＭＡＲ５０","461A","東証","○","-","-","0","-","無","2.00","2,615","-11","0.00 %","-","40","1,233","-3.25 %","信用","0.00"
"ＦＵＮＤＩＮＮＯ","462A","東証","○","-","-","0","-","無","0.40","244","-1","0.00 %","-","181","160,400","-4.31 %","信用","0.00"
"秀英予備校","4678","東証","○","-","-","0","03/29","有","0.00","330","1","0.00 %","-","27","5,800","-1.19 %","貸借","0.05"
"キタック","4707","東証","○","-","-","200","10/16","有","0.20","388","8","0.00 %","-","106","20,000","0.00 %","信用","0.00"
"城南進学研究社","4720","東証","○","-","-","0","03/29","有","0.30","240","0","0.00 %","-","5","1,900","-0.82 %","信用","0.00"
"フューチャー","4722","東証","○","-","-","0","-","無","0.00","2,426","0","0.00 %","-","127","156,100","-0.04 %","貸借","0.00"
"トーセ","4728","東証","○","-","-","200","-","無","0.10","647","0","0.00 %","-","12","2,200","-0.30 %","信用","0.00"
"トスネット","4754","東証","○","-","-","100","03/29","有","1.40","1,539","0","0.00 %","-","1","300","0.00 %","信用","0.00"
"ネクストウェア","4814","東証","○","-","-","0","03/29","有","0.20","167","0","0.00 %","-","105","56,000","-5.64 %","貸借","0.00"
"スペースシャワーＳＫＩＹＡＫＩ","4838","東証","○","-","-","100","03/29","有","0.30","694","-1","0.00 %","-","83","18,400","-2.25 %","信用","0.00"
"トライアイズ","4840","東証","○","-","-","9,600","-","無","0.90","843","-15","0.00 %","-","678","175,200","-5.81 %","信用","0.00"
"ファンペップ","4881","東証","○","-","-","0","12/28","有","0.10","47","0","0.00 %","-","37","69,100","-2.08 %","信用","0.00"
"ノイルイミューン・バイオテック","4893","東証","○","-","-","0","-","無","0.30","117","0","0.00 %","-","111","93,200","-0.84 %","貸借","0.05"
"ポーラ・オルビスＨＤ","4927","東証","○","-","-","3,700","12/28","有","0.00","1,340.5","7.5","0.00 %","-","925","309,400","-1.97 %","貸借","0.00"
"コニシ","4956","東証","○","-","○","4,900","-","無","0.00","1,446","0","0.00 %","-","213","72,600","-1.89 %","貸借","0.00"
"綜研化学","4972","東証","○","-","-","1,200","-","無","0.30","4,425","-10","0.00 %","-","186","25,400","-3.80 %","信用","0.00"
"ＧＸ超短期円建債券","502A","東証","○","-","-","0","-","無","0.60","902.1","-0.2","0.00 %","-","36","88,310","-0.02 %","信用","0.00"
"東洋炭素","5310","東証","○","-","○","1,900","-","無","0.00","7,900","90","0.00 %","-","256","76,300","-0.62 %","貸借","0.00"
"高砂鐵工","5458","東証","○","-","-","4,100","-","無","1.00","1,330","30","0.00 %","-","1","100","0.00 %","信用","0.00"
"ムニノバホールディングス","547A","東証","○","-","○","340,800","-","無","0.00","421","3","0.00 %","-","956","1,491,400","-2.77 %","貸借","0.00"
"日本金属","5491","東証","○","-","-","0","-","無","0.00","899","0","0.00 %","-","37","5,900","-0.66 %","貸借","0.00"
"エリッツホールディングス","5533","東証","○","-","-","100","-","無","3.00","2,090","-1","0.00 %","-","2","200","-0.04 %","信用","0.00"
"ジェノバ","5570","東証","○","-","-","200","-","無","0.40","604","0","0.00 %","-","37","9,600","-0.98 %","信用","0.00"
"梅乃宿酒造","559A","東証","○","-","-","300","06/28","有","1.30","1,140","0","0.00 %","-","38","6,500","-4.04 %","信用","0.00"
"日本鋳造","5609","東証","○","-","-","100","-","無","0.70","947","12","0.00 %","-","22","7,200","-1.35 %","貸借","0.00"
"ナイル","5618","東証","○","-","-","0","12/28","有","0.40","298","0","0.00 %","-","5","700","-0.66 %","信用","0.00"
"ＧＸＳＰ先進国ＣＦ１００","564A","東証","○","-","-","47","-","無","2.00","1,106","7","0.00 %","-","12","863","-0.09 %","信用","0.00"
"ＩＳ日本国債０１ＥＴＦ","570A","東証","○","-","-","0","-","無","1.10","902.0","0.0","0.00 %","-","20","21,620","0.00 %","信用","0.00"
"ロココ","5868","東証","○","-","-","100","12/28","有","1.00","1,030","-5","0.00 %","-","18","2,900","-2.64 %","信用","0.00"
"ジーデップ・アドバンス","5885","東証","○","-","-","200","-","無","6.20","3,185","70","0.00 %","-","98","17,200","-0.46 %","貸借","0.00"
"ＤＡＩＷＡＣＹＣＬＥ","5888","東証","○","-","-","0","-","無","2.30","2,730","-2","0.00 %","-","19","4,400","-1.86 %","信用","0.00"
"中西製作所","5941","東証","○","-","-","2,200","03/29","有","2.40","2,700","1","0.00 %","-","9","1,300","-0.47 %","貸借","0.00"
"ユニプレス","5949","東証","○","-","○","46,600","03/29","有","0.00","1,281","3","0.00 %","-","441","126,800","-1.68 %","貸借","0.00"
"ＴＯＮＥ","5967","東証","○","-","-","0","05/27","有","0.20","440","1","0.00 %","-","19","13,800","0.00 %","信用","0.00"
"ＭＲＴ","6034","東証","○","-","-","100","-","無","0.00","570","-3","0.00 %","-","17","8,200","-10.09 %","貸借","0.00"
"ＫｅｅＰｅｒ技研","6036","東証","○","-","-","0","12/28","有","0.00","3,400","10","0.00 %","-","262","95,400","-1.30 %","貸借","0.05"
"イード","6038","東証","○","-","-","0","12/28","有","0.00","833","-9","0.00 %","-","20","4,600","-1.18 %","貸借","0.00"
"エブリー","607A","東証","○","-","-","9,500","-","無","0.30","264","2","0.00 %","-","391","338,200","-3.29 %","信用","0.00"
"シグマクシス・ホールディンク","6088","東証","○","-","○","88,300","-","無","0.00","580","5","0.00 %","-","407","340,400","-0.34 %","貸借","0.00"
"エンバイオ・ホールディング","6092","東証","○","-","-","300","09/28","有","0.00","776","-1","0.00 %","-","36","11,000","-1.27 %","貸借","0.00"
"ＡｐｐＢａｎｋ","6177","東証","○","-","-","0","-","無","0.10","86","0","0.00 %","-","40","85,800","-2.27 %","信用","0.00"
"ＳＭＮ","6185","東証","○","-","-","100","03/29","有","0.00","363","0","0.00 %","-","33","9,300","-1.62 %","貸借","0.00"
"一蔵","6186","東証","○","-","-","9,400","03/29","有","0.30","373","0","0.00 %","-","2","800","-0.26 %","信用","0.00"
"オリバー","619A","東証","○","-","-","65,400","-","無","0.10","325","1","0.00 %","-","1,035","1,722,100","-2.10 %","信用","0.00"
"フリージアマクロス","6343","東証","○","-","-","0","-","無","0.20","149","0","0.00 %","-","27","40,100","-1.97 %","貸借","0.00"
"プラコー","6347","東証","○","-","-","0","-","無","0.20","244","0","0.00 %","-","24","7,100","-1.61 %","信用","0.00"
"酉島製作所","6363","東証","○","-","○","13,700","-","無","0.00","2,990","70","0.00 %","-","711","215,500","-0.82 %","貸借","0.00"
"昭和真空","6384","東証","○","-","-","100","-","無","0.20","1,730","0","0.00 %","-","23","4,500","-0.28 %","信用","0.00"
"宇野沢鉄工","6396","東証","○","-","-","900","-","無","2.90","4,670","0","0.00 %","-","1","100","0.00 %","信用","0.00"
"高見沢サイバネティックス","6424","東証","○","-","-","100","03/29","有","0.70","886","0","0.00 %","-","9","1,100","-1.00 %","信用","0.00"
"不二越","6474","東証","○","-","○","7,800","-","無","0.00","5,780","150","0.00 %","-","972","289,400","-0.85 %","貸借","0.00"
"ＮＦＫホールディングス","6494","東証","○","-","-","0","-","無","0.10","100","0","0.00 %","-","88","77,000","-0.99 %","信用","0.00"
"明電舎","6508","東証","○","-","○","6,600","-","無","0.00","12,060","300","0.00 %","-","695","174,000","-0.90 %","貸借","0.00"
"船場","6540","東証","○","-","-","200","-","無","1.10","1,500","0","0.00 %","-","126","21,300","-0.53 %","貸借","0.00"
"エル・ティー・エス","6560","東証","○","-","○","2,600","-","無","0.00","1,785","5","0.00 %","-","89","16,700","-1.65 %","貸借","0.00"
"ＣＲＡＶＩＡ","6573","東証","○","-","-","0","12/28","有","0.10","25","0","0.00 %","-","44","145,700","-3.84 %","信用","0.00"
"コレックホールディングス","6578","東証","○","-","-","0","02/24","有","0.40","480","0","0.00 %","-","7","1,300","-0.20 %","信用","0.00"
"大日光エンジニアリング","6635","東証","○","-","-","0","-","無","0.00","661","-3","0.00 %","-","30","5,400","-2.07 %","貸借","0.00"
"天昇電気","6776","東証","○","-","-","0","-","無","0.20","296","-3","0.00 %","-","55","21,600","-2.95 %","信用","0.00"
"ＲＶＨ","6786","東証","○","-","-","0","-","無","0.10","46","0","0.00 %","-","28","14,600","-4.16 %","信用","0.00"
"新電元工業","6844","東証","○","-","○","10,700","-","無","0.00","3,090","35","0.00 %","-","260","81,400","-1.43 %","貸借","0.00"
"協立電機","6874","東証","○","-","-","0","-","無","0.00","2,340","-1","0.00 %","-","14","2,200","-0.93 %","貸借","0.00"
"ケル","6919","東証","○","-","-","0","-","無","0.00","1,395","0","0.00 %","-","21","2,800","-1.41 %","貸借","0.00"
"ファナック","6954","東証","○","-","○","99,600","-","無","0.00","6,186","111","0.00 %","-","8,333","3,752,100","-0.59 %","貸借","0.00"
"日本抵抗器","6977","東証","○","-","-","1,300","-","無","1.20","1,895","0","0.00 %","-","36","42,200","-0.10 %","信用","0.00"
"リード","6982","東証","○","-","-","3,200","-","無","0.30","579","2","0.00 %","-","2","200","-3.01 %","信用","0.00"
"大黒屋ホールディングス","6993","東証","○","-","-","0","03/29","有","0.60","90","0","0.00 %","-","249","1,190,800","-3.22 %","貸借","0.00"
"イーエムネットジャパン","7036","東証","○","-","-","100","-","無","0.40","650","0","0.00 %","-","11","1,300","-1.06 %","信用","0.00"
"テノ．ホールディングス","7037","東証","○","-","-","0","12/28","有","0.40","800","2","0.00 %","-","9","3,000","-0.86 %","信用","0.00"
"エヌ・シー・エヌ","7057","東証","○","-","-","400","-","無","0.40","910","0","0.00 %","-","1","100","-0.76 %","信用","0.00"
"Ｂｉｒｄｍａｎ","7063","東証","○","-","-","15,400","-","無","0.20","56","1","0.00 %","-","92","352,000","-6.66 %","信用","0.00"
"ブランディングテクノロジ","7067","東証","○","-","-","1,900","-","無","0.80","1,090","0","0.00 %","-","3","300","-0.09 %","信用","0.00"
"トゥエンティーフォーセブンＨＤ","7074","東証","○","-","-","0","11/26","有","0.50","187","0","0.00 %","-","15","7,300","-3.10 %","信用","0.00"
"コーユーレンティア","7081","東証","○","-","-","0","12/28","有","0.00","1,290","0","0.00 %","-","1","100","-0.53 %","貸借","0.00"
"ステムセル研究所","7096","東証","○","-","-","0","03/29","有","0.60","748","6","0.00 %","-","20","3,000","-2.47 %","貸借","0.00"
"フーディソン","7114","東証","○","-","-","0","03/29","有","0.80","802","-10","0.00 %","-","7","1,100","-1.83 %","信用","0.00"
"一家ホールディングス","7127","東証","○","-","-","0","03/29","有","0.20","688","-1","0.00 %","-","23","5,000","-0.86 %","信用","0.00"
"ＨＹＵＧＡＰＲＩＭＡＲＹＣＡ","7133","東証","○","-","-","2,700","-","無","2.50","2,104","0","0.00 %","-","40","51,900","-0.04 %","信用","0.00"
"アストマックス","7162","東証","○","-","-","500","-","無","0.10","292","-1","0.00 %","-","66","22,100","-2.34 %","信用","0.00"
"イントラスト","7191","東証","○","-","-","0","03/29","有","0.00","1,140","-10","0.00 %","-","62","17,100","-3.79 %","貸借","0.00"
"タチエス","7239","東証","○","-","○","34,100","-","無","0.00","2,281","0","0.00 %","-","464","117,700","-2.72 %","貸借","0.00"
"市光工業","7244","東証","○","-","○","19,100","-","無","0.00","545","5","0.00 %","-","226","97,900","-3.36 %","貸借","0.00"
"ムロコーポレーション","7264","東証","○","-","-","4,700","03/29","有","0.70","1,334","-14","0.00 %","-","1","900","-1.18 %","信用","0.00"
"今仙電機製作所","7266","東証","○","-","-","200","03/29","有","0.00","953","-1","0.00 %","-","49","12,600","-2.25 %","貸借","0.00"
"村上開明堂","7292","東証","○","-","-","0","-","無","0.30","6,800","0","0.00 %","-","8","1,300","-0.87 %","信用","0.00"
"カーメイト","7297","東証","○","-","-","100","-","無","0.70","865","6","0.00 %","-","7","1,500","-0.68 %","信用","0.00"
"ＫＩＹＯラーニング","7353","東証","○","-","-","300","12/28","有","0.40","512","2","0.00 %","-","14","3,700","-0.19 %","信用","0.00"
"ＲＥＴＴＹ","7356","東証","○","-","-","0","-","無","0.00","114","0","0.00 %","-","28","15,200","-2.56 %","貸借","0.00"
"アルビス","7475","東証","○","-","○","100","-","無","0.00","3,770","0","0.00 %","-","84","40,400","-0.13 %","貸借","0.00"
"西川計測","7500","東証","○","-","-","100","-","無","9.50","11,450","0","0.00 %","-","7","4,500","-0.43 %","信用","0.00"
"ティムコ","7501","東証","○","-","-","1,800","11/26","有","0.90","1,434","-30","0.00 %","-","1","100","-2.04 %","信用","0.00"
"ムサシ","7521","東証","○","-","-","100","-","無","0.90","2,700","0","0.00 %","-","1","300","-1.42 %","信用","0.00"
"マルシェ","7524","東証","○","-","-","0","-","無","0.00","179","2","0.00 %","-","41","9,000","-2.71 %","貸借","0.00"
"大水","7538","東証","○","-","-","0","03/29","有","0.00","386","0","0.00 %","-","11","3,300","-1.02 %","貸借","0.00"
"大田花き","7555","東証","○","-","-","0","03/29","有","0.60","734","0","0.00 %","-","4","1,400","-0.94 %","信用","0.00"
"萬世電機","7565","東証","○","-","-","0","-","無","2.80","7,190","0","0.00 %","-","1","100","-1.50 %","信用","0.00"
"レダックス","7602","東証","○","-","-","500","03/29","有","0.20","166","1","0.00 %","-","23","34,900","-1.77 %","貸借","0.05"
"ジーイエット","7603","東証","○","-","-","0","02/24","有","0.10","33","0","0.00 %","-","215","916,900","-5.71 %","貸借","0.00"
"テイツー","7610","東証","○","-","-","0","02/24","有","0.10","136","1","0.00 %","-","41","307,600","-2.15 %","貸借","0.00"
"ダイコー通産","7673","東証","○","-","-","0","-","無","0.60","1,722","2","0.00 %","-","5","600","0.00 %","信用","0.00"
"ヤシマキザイ","7677","東証","○","-","-","700","09/28","有","1.30","2,750","-50","0.00 %","-","3","300","-5.07 %","信用","0.00"
"ＪＭＳ","7702","東証","○","-","○","14,800","-","無","0.00","446","-2","0.00 %","-","84","22,500","-2.19 %","貸借","0.00"
"キヤノン","7751","東証","○","-","○","183,100","-","無","0.00","4,627","20","0.00 %","-","5,068","2,951,200","-1.61 %","貸借","0.00"
"ＣＹＢＥＲＤＹＮＥ","7779","東証","○","-","-","0","03/29","有","0.20","224","3","0.00 %","-","750","858,100","-4.27 %","貸借","0.00"
"フクビ化学工業","7871","東証","○","-","-","0","-","無","0.70","1,000","0","0.00 %","-","14","2,200","-0.99 %","信用","0.00"
"セブン工業","7896","東証","○","-","-","4,000","03/29","有","0.30","501","0","0.00 %","-","4","500","-0.98 %","信用","0.00"
"共同印刷","7914","東証","○","-","○","18,200","03/29","有","0.00","1,686","-10","0.00 %","-","226","62,300","-2.37 %","貸借","0.00"
"ヴィア・ホールディングス","7918","東証","○","-","-","0","03/29","有","0.10","106","0","0.00 %","-","110","31,100","0.00 %","信用","0.00"
"研創","7939","東証","○","-","-","100","03/29","有","0.60","600","0","0.00 %","-","6","1,000","-0.16 %","信用","0.00"
"河合楽器","7952","東証","○","-","○","1,500","03/29","有","0.00","3,425","0","0.00 %","-","72","14,300","-1.43 %","貸借","0.20"
"三菱鉛筆","7976","東証","○","-","○","200","12/28","有","0.00","3,445","0","0.00 %","-","509","137,800","-1.28 %","貸借","0.20"
"マミヤ・オーピー","7991","東証","○","-","-","0","-","無","0.00","1,050","-1","0.00 %","-","23","3,800","-0.66 %","貸借","0.00"
"横浜丸魚","8045","東証","○","-","-","2,100","03/29","有","1.70","2,014","0","0.00 %","-","4","600","-2.42 %","信用","0.00"
"佐藤商事","8065","東証","○","-","○","13,100","-","無","0.00","2,949","14","0.00 %","-","382","90,700","-1.17 %","貸借","0.00"
"ムーンバット","8115","東証","○","-","-","1,800","-","無","0.90","1,325","0","0.00 %","-","7","1,000","-0.74 %","貸借","0.00"
"キング","8118","東証","○","-","-","1,100","03/29","有","0.00","1,167","-9","0.00 %","-","1","200","-5.12 %","貸借","0.05"
"サンゲツ","8130","東証","○","-","○","33,900","-","無","0.00","3,120","0","0.00 %","-","319","156,200","-1.57 %","貸借","0.00"
"新光商事","8141","東証","○","-","-","0","-","無","0.00","1,567","0","0.00 %","-","90","32,000","-0.25 %","貸借","0.00"
"トーホー","8142","東証","○","-","○","8,000","01/27","有","0.00","1,382","-5","0.00 %","-","305","89,100","-1.77 %","貸借","0.00"
"千趣会","8165","東証","○","-","-","0","-","無","0.00","100","0","0.00 %","-","85","199,100","-0.99 %","貸借","0.05"
"タカキユー","8166","東証","○","-","-","0","02/24","有","0.10","78","0","0.00 %","-","59","47,400","-1.26 %","信用","0.00"
"はせがわ","8230","東証","○","-","-","0","-","無","0.00","299","0","0.00 %","-","11","6,400","-0.99 %","貸借","0.00"
"セブン銀行","8410","東証","○","-","○","730,700","-","無","0.00","336.8","0.0","0.00 %","-","4,404","4,550,500","-2.43 %","貸借","0.00"
"日本アジア投資","8518","東証","○","-","-","0","03/29","有","0.10","147","-2","0.00 %","-","46","19,400","-2.00 %","信用","0.00"
"ＲＩＳＥ","8836","東証","○","-","-","0","-","無","0.10","26","0","0.00 %","-","9","30,900","-3.70 %","信用","0.00"
"ＲＥＶＯＬＵＴＩＯＮ","8894","東証","○","-","-","0","-","無","0.10","16","0","0.00 %","-","55","413,900","-5.88 %","貸借","0.00"
"ランド","8918","東証","○","-","-","4,418,200","-","無","0.10","11","0","0.00 %","-","260","295,128,500","0.00 %","信用","0.00"
"青山財産ネットワークス","8929","東証","○","-","-","1,100","12/28","有","0.60","1,314","1","0.00 %","-","208","37,900","-4.36 %","信用","0.00"
"ＡＳＩＡＮＳＴＡＲ","8946","東証","○","-","-","0","-","無","0.10","74","1","0.00 %","-","45","82,900","0.00 %","信用","0.00"
"広島電鉄","9033","東証","○","-","-","0","03/29","有","0.70","617","-2","0.00 %","-","35","15,300","-1.28 %","貸借","0.00"
"日本ロジテム","9060","東証","○","-","-","1,500","03/29","有","2.40","4,170","0","0.00 %","-","1","200","-0.71 %","信用","0.00"
"岡山県貨物運送","9063","東証","○","-","-","1,500","-","無","0.40","4,090","-25","0.00 %","-","3","400","-1.08 %","信用","0.00"
"ＡＺ－ＣＯＭ丸和ホールディ","9090","東証","○","-","-","6,600","09/28","有","0.00","839","5","0.00 %","-","679","366,800","-2.44 %","貸借","0.05"
"栗林商船","9171","東証","○","-","-","100","03/29","有","0.70","1,473","-4","0.00 %","-","4","1,000","-0.27 %","信用","0.00"
"セイファート","9213","東証","○","-","-","0","-","無","1.10","1,050","0","0.00 %","-","1","700","0.00 %","信用","0.00"
"売れるネット広告社","9235","東証","○","-","-","800","01/27","有","2.50","392","-12","0.00 %","-","79","37,600","-3.20 %","信用","0.00"
"フューチャーリンクネットワーク","9241","東証","○","-","-","0","08/27","有","1.00","1,251","15","0.00 %","-","22","3,800","-0.63 %","信用","0.00"
"ＫＰＰグループホールディン","9274","東証","○","-","○","41,700","03/29","有","0.00","1,117","-5","0.00 %","-","647","221,300","-2.61 %","貸借","0.05"
"渋沢倉庫","9304","東証","○","-","-","1,700","-","無","0.00","2,138","12","0.00 %","-","661","141,100","-3.25 %","貸借","0.15"
"アサガミ","9311","東証","○","-","-","0","-","無","3.70","7,450","0","0.00 %","-","2","400","-1.71 %","信用","0.00"
"ケイヒン","9312","東証","○","-","-","100","-","無","0.00","3,025","25","0.00 %","-","41","9,500","-0.81 %","貸借","0.00"
"リンコーコーポレーション","9355","東証","○","-","-","800","03/29","有","1.10","2,214","0","0.00 %","-","2","300","0.00 %","信用","0.00"
"鈴与シンワート","9360","東証","○","-","-","0","-","無","1.00","2,800","0","0.00 %","-","7","1,000","-1.30 %","信用","0.00"
"ＲＥＹＵＵＪＡＰＡＮ","9425","東証","○","-","-","6,500","-","無","0.30","241","7","0.00 %","-","423","325,100","-1.22 %","信用","0.00"
"クロップス","9428","東証","○","-","-","5,000","03/29","有","1.50","1,430","-9","0.00 %","-","2","400","-2.72 %","貸借","0.00"
"中央経済社ＨＬＤＧＳ","9476","東証","○","-","-","2,800","09/28","有","0.20","987","2","0.00 %","-","2","200","0.00 %","信用","0.00"
"広島ガス","9535","東証","○","-","-","900","12/28","有","0.00","415","-1","0.00 %","-","153","60,100","-2.58 %","貸借","0.05"
"北陸瓦斯","9537","東証","○","-","-","200","-","無","6.40","4,255","-5","0.00 %","-","1","100","-1.27 %","信用","0.00"
"ＦＣＥ","9564","東証","○","-","-","700","09/28","有","0.60","551","0","0.00 %","-","109","34,300","-0.72 %","信用","0.00"
"イチネンホールディングス","9619","東証","○","-","○","14,100","-","無","0.00","2,680","0","0.00 %","-","237","48,600","-2.75 %","貸借","0.00"
"ピー・シー・エー","9629","東証","○","-","○","4,400","03/29","有","0.10","1,535","-10","0.00 %","-","182","44,100","-2.66 %","信用","0.00"
"セゾンテクノロジー","9640","東証","○","-","-","0","-","無","1.10","1,941","-15","0.00 %","-","12","2,400","-0.91 %","信用","0.00"
"協和コンサルタンツ","9647","東証","○","-","-","400","-","無","5.40","6,840","-10","0.00 %","-","1","100","-0.14 %","信用","0.00"
"アゴーラホスピタリティーＧ","9704","東証","○","-","-","0","12/28","有","0.10","26","0","0.00 %","-","95","866,800","-3.70 %","信用","0.00"
"ホテルニユ－グランド","9720","東証","○","-","-","300","11/26","有","5.70","6,500","0","0.00 %","-","2","200","0.00 %","信用","0.00"
"丸建リース","9763","東証","○","-","-","0","-","無","0.00","1,231","0","0.00 %","-","63","10,100","-2.76 %","貸借","0.00"
"エムティジェネックス","9820","東証","○","-","-","100","03/29","有","4.20","3,920","0","0.00 %","-","1","2,000","-0.63 %","信用","0.00"
"リリカラ","9827","東証","○","-","-","0","-","無","0.80","653","0","0.00 %","-","23","5,800","-0.75 %","信用","0.00"
"共同紙販ＨＤ","9849","東証","○","-","-","900","03/29","有","2.60","4,460","0","0.00 %","-","1","100","-0.33 %","信用","0.00"
"英和","9857","東証","○","-","-","0","03/29","有","0.00","2,593","-50","0.00 %","-","10","2,600","-1.89 %","貸借","0.00"
"ショクブン","9969","東証","○","-","-","0","03/29","有","0.40","235","0","0.00 %","-","16","4,900","-1.26 %","貸借","0.00"
"アルテック","9972","東証","○","-","-","0","-","無","0.00","285","-1","0.00 %","-","24","7,500","-1.38 %","貸借","0.00"
"ＫＯＺＯホールディングス","9973","東証","○","-","-","0","12/28","有","0.10","19","0","0.00 %","-","37","169,900","-5.00 %","信用","0.00"
"ＭＲＫホールディングス","9980","東証","○","-","-","2,300","-","無","0.00","89","0","0.00 %","-","53","72,200","-1.11 %","貸借","0.00"
"サックスバーホールディング","9990","東証","○","-","○","13,700","03/29","有","0.00","745","0","0.00 %","-","153","57,200","-1.32 %","貸借","0.00"
"サトー商会","9996","東証","○","-","-","1,400","03/29","有","2.00","1,993","0","0.00 %","-","1","300","-1.28 %","貸借","0.00"
"長谷工コーポレーシヨン","1808","東証","○","-","○","50,900","03/29","有","0.00","2,575.5","-14.0","-0.01 %","-","3,080","889,900","-3.14 %","貸借","0.00"
"上場ＮＳＱ１００ヘッジ無","2568","東証","○","-","-","42","-","無","0.00","8,330","54","-0.01 %","-","71","4,154","-0.53 %","貸借","0.00"
"コニカミノルタ","4902","東証","○","-","○","56,900","09/28","有","0.00","643.5","-2.3","-0.01 %","-","7,848","4,288,400","-5.01 %","貸借","0.00"
"ＮＦ日経高配当５０","1489","東証","○","-","-","0","-","無","0.00","3,500","20","-0.02 %","-","2,107","676,432","-1.12 %","貸借","0.00"
"上場日本高配当","1698","東証","○","-","-","0","-","無","0.00","4,298","-16","-0.02 %","-","117","21,547","-1.33 %","貸借","0.00"
"ＧＸ半導体ＥＴＦ","2243","東証","○","-","-","2,706","-","無","0.00","4,929","116","-0.02 %","-","2,041","270,618","-0.80 %","貸借","0.00"
"ＮＦ外債ヘッジ有","2512","東証","○","-","-","30","-","無","0.70","704.5","-0.2","-0.02 %","-","27","36,090","-0.19 %","貸借","0.00"
"住友ベ－クライト","4203","東証","○","-","○","9,300","-","無","0.00","8,998","417","-0.02 %","-","5,101","1,126,700","-1.11 %","貸借","0.00"
"ＩＳ高格付日円社債","515A","東証","○","-","-","0","-","無","0.50","498.0","0.4","-0.02 %","-","4","1,430","-0.14 %","信用","0.00"
"名古屋鉄道","9048","東証","○","-","○","100,300","03/29","有","0.00","1,821.5","-5.5","-0.02 %","-","1,892","925,900","-2.04 %","貸借","0.00"
"電通総研","4812","東証","○","-","○","20,400","-","無","0.00","2,862","-2","-0.03 %","-","454","762,400","-0.10 %","貸借","0.00"
"ＩＳ円高フォーカスＥＴＦ","488A","東証","○","-","-","210","-","無","0.70","772.1","-0.9","-0.03 %","-","23","3,570","-0.16 %","信用","0.00"
"オートサーバー","5589","東証","○","-","-","100","06/28","有","4.70","2,993","45","-0.03 %","-","21","4,600","-0.03 %","貸借","0.00"
"応用地質","9755","東証","○","-","○","0","12/28","有","0.00","2,768","13","-0.03 %","-","273","55,800","-1.52 %","貸借","0.00"
"ＰＢＲ１倍割れ解消","2080","東証","○","-","-","479","-","無","0.00","2,055","17","-0.04 %","-","140","22,989","-1.72 %","貸借","0.00"
"ＩＳ米総合債券ＥＴＦ","2256","東証","○","-","-","0","-","無","0.00","214.3","0.4","-0.04 %","-","57","74,520","-0.78 %","貸借","0.00"
"飛島ホールディングス","256A","東証","○","-","○","22,700","-","無","0.00","2,275","-4","-0.04 %","-","604","171,600","-1.64 %","貸借","0.00"
"アルペン","3028","東証","○","-","○","0","12/28","有","0.00","2,340","-1","-0.04 %","-","346","82,700","-1.68 %","貸借","0.05"
"グリムス","3150","東証","○","-","○","10,400","-","無","0.00","2,362","17","-0.04 %","-","245","45,200","-1.58 %","貸借","0.00"
"野村総合研究所","4307","東証","○","-","○","44,400","-","無","0.00","4,973","-102","-0.04 %","-","5,288","2,075,100","-3.95 %","貸借","0.00"
"ＩＳ米債２０＋カバコ","453A","東証","○","-","-","1,900","-","無","0.50","717.0","0.0","-0.04 %","-","229","33,600","-0.40 %","信用","0.00"
"ＯＮＥ高配当グロース","541A","東証","○","-","-","0","-","無","1.20","1,130.5","9.0","-0.04 %","-","26","1,860","-0.04 %","信用","0.00"
"三菱製鋼","5632","東証","○","-","○","11,900","-","無","0.00","2,408","13","-0.04 %","-","301","59,400","-2.07 %","貸借","0.00"
"リベロ","9245","東証","○","-","-","200","12/28","有","1.50","2,046","9","-0.04 %","-","24","4,200","-1.91 %","信用","0.00"
"アズパートナーズ","160A","東証","○","-","-","0","03/29","有","1.00","1,934","4","-0.05 %","-","29","4,700","-3.00 %","信用","0.00"
"ＧＸ革新優良企業","178A","東証","○","-","-","90","-","無","2.00","1,681","19","-0.05 %","-","57","4,570","-1.05 %","貸借","0.00"
"ＩＳ米債２０年超ＥＴＦ","2255","東証","○","-","-","3,410","-","無","0.00","189.3","0.1","-0.05 %","-","112","290,220","-0.26 %","貸借","0.00"
"オルバディーブイエックスヘ","2689","東証","○","-","-","0","12/28","有","0.00","1,929","-1","-0.05 %","-","18","2,400","-0.41 %","貸借","0.00"
"光村印刷","7916","東証","○","-","-","100","09/28","有","0.00","1,899","-1","-0.05 %","-","31","4,600","-1.65 %","貸借","0.00"
"フジ","8278","東証","○","-","-","1,400","02/24","有","0.00","1,972","-1","-0.05 %","-","387","100,200","-2.13 %","貸借","0.10"
"あおぞら銀行","8304","東証","○","-","○","39,100","-","無","0.00","3,398.0","9.0","-0.05 %","-","2,465","916,300","-3.41 %","貸借","0.00"
"新潟交通","9017","東証","○","-","-","100","03/29","有","1.20","1,980","-1","-0.05 %","-","14","2,500","-0.70 %","信用","0.00"
"モリト","9837","東証","○","-","○","22,900","-","無","0.00","1,814","4","-0.05 %","-","209","44,700","-1.14 %","貸借","0.00"
"ＪＥＳＣＯホールディングス","1434","東証","○","-","-","200","-","無","0.00","1,619","6","-0.06 %","-","91","17,200","-3.16 %","貸借","0.00"
"ＮＦ日経半導体株","200A","東証","○","-","-","20,011","-","無","4.00","4,870","116","-0.06 %","-","11,821","2,001,057","-0.77 %","貸借","0.00"
"ＧＸ中小リーダー日株","2837","東証","○","-","-","13","-","無","5.00","4,917","10","-0.06 %","-","61","1,236","-0.06 %","貸借","0.00"
"ＮＳグループ","471A","東証","○","-","○","18,100","-","無","0.20","1,499","-2","-0.06 %","-","582","222,300","-2.91 %","信用","0.00"
"エステー","4951","東証","○","-","○","14,800","03/29","有","0.00","1,487","-6","-0.06 %","-","107","29,000","-1.78 %","貸借","0.05"
"ＴＰＲ","6463","東証","○","-","○","31,000","03/29","有","0.00","1,503","9","-0.06 %","-","447","111,100","-1.82 %","貸借","0.00"
"アズワン","7476","東証","○","-","○","6,300","03/29","有","0.00","2,471.0","15.5","-0.06 %","-","512","124,300","-0.88 %","貸借","0.15"
"三井倉庫ＨＯＬＤ","9302","東証","○","-","○","15,200","-","無","0.00","3,265.0","-2.0","-0.06 %","-","614","152,400","-0.27 %","貸借","0.00"
"ＫＤＤＩ","9433","東証","○","-","○","552,300","03/29","有","0.00","2,893.0","-3.5","-0.06 %","-","9,284","8,500,500","-1.56 %","貸借","0.05"
"川田テクノロジーズ","3443","東証","○","-","-","2,500","-","無","0.00","1,371","11","-0.07 %","-","595","244,600","-0.93 %","貸借","0.00"
"エイトレッド","3969","東証","○","-","-","0","03/29","有","0.80","1,390","-3","-0.07 %","-","11","2,100","-0.64 %","信用","0.00"
"ＩＦ日本配当ローテ","435A","東証","○","-","-","2,993","-","無","3.00","2,835","26","-0.07 %","-","1,701","278,905","-0.49 %","貸借","0.00"
"ユミルリンク","4372","東証","○","-","-","100","-","無","0.70","1,329","-2","-0.07 %","-","19","2,700","-1.55 %","信用","0.00"
"オイレス工業","6282","東証","○","-","○","10,900","03/29","有","0.00","2,792","13","-0.07 %","-","404","81,700","-2.06 %","貸借","0.05"
"三精テクノロジーズ","6357","東証","○","-","-","0","-","無","0.00","2,631","-2","-0.07 %","-","89","12,800","-2.91 %","貸借","0.00"
"村田製作所","6981","東証","○","-","○","120,600","-","無","0.00","8,745","278","-0.07 %","-","80,241","20,804,000","-1.29 %","貸借","0.00"
"ウイルテック","7087","東証","○","-","-","0","03/29","有","0.00","1,354","-1","-0.07 %","-","20","3,000","-1.67 %","貸借","0.00"
"ダブルエー","7683","東証","○","-","-","600","01/27","有","0.50","1,400","-8","-0.07 %","-","67","27,500","-1.47 %","信用","0.00"
"シー・エス・ランバー","7808","東証","○","-","-","100","-","無","0.90","2,675","74","-0.07 %","-","8","1,800","-0.88 %","信用","0.00"
"象印マホービン","7965","東証","○","-","-","4,200","11/18","有","0.00","1,409","-17","-0.07 %","-","1,296","420,400","-2.89 %","貸借","0.05"
"日本トランスシティ","9310","東証","○","-","○","12,500","03/29","有","0.00","1,378","-1","-0.07 %","-","371","107,600","-2.13 %","貸借","0.00"
"コンセック","9895","東証","○","-","-","3,500","03/29","有","1.20","1,255","-2","-0.07 %","-","2","300","-1.33 %","信用","0.00"
"杉本商事","9932","東証","○","-","○","7,200","-","無","0.00","1,331","4","-0.07 %","-","132","32,400","-1.48 %","貸借","0.00"
"ＩＳＭＳＣＩ先進国株","1657","東証","○","-","-","2","-","無","0.00","7,194","12","-0.08 %","-","17","1,274","-0.44 %","貸借","0.00"
"ＩＳ米国債１－３年ＥＴＦ","2620","東証","○","-","-","0","-","無","0.30","364.1","-0.2","-0.08 %","-","50","34,650","-0.79 %","貸借","0.00"
"香陵住販","3495","東証","○","-","-","0","-","無","1.80","2,285","34","-0.08 %","-","4","500","-0.08 %","信用","0.00"
"サツドラホールディングス","3544","東証","○","-","-","0","-","無","1.20","1,247","0","-0.08 %","-","10","3,000","-0.16 %","貸借","0.05"
"ドリームインキュベータ","4310","東証","○","-","-","0","03/29","有","0.00","2,498","-5","-0.08 %","-","57","10,600","-2.11 %","貸借","0.00"
"ネクセラファーマ","4565","東証","○","-","○","12,700","-","無","0.00","1,234","14","-0.08 %","-","1,680","758,500","-2.45 %","貸借","0.00"
"高田機工","5923","東証","○","-","-","500","03/29","有","0.00","1,170","-1","-0.08 %","-","9","2,600","-0.76 %","貸借","0.00"
"ミロク","7983","東証","○","-","-","0","-","無","0.80","1,166","11","-0.08 %","-","6","1,100","-0.85 %","信用","0.00"
"ＢＲＵＮＯ","3140","東証","○","-","-","0","06/28","有","0.00","1,024","1","-0.09 %","-","33","6,700","-0.09 %","貸借","0.10"
"買取王国","3181","東証","○","-","-","0","02/24","有","0.30","1,067","0","-0.09 %","-","10","1,400","-0.65 %","信用","0.00"
"資生堂","4911","東証","○","-","○","1,900","12/28","有","0.00","3,274.0","13.0","-0.09 %","-","4,084","2,116,300","-5.21 %","貸借","0.00"
"ＯＮＥＪ国債１７－２０","496A","東証","○","-","-","10","-","無","1.10","911.8","0.8","-0.09 %","-","3","40","-0.78 %","信用","0.00"
"北越メタル","5446","東証","○","-","-","4,700","03/29","有","0.60","1,070","-4","-0.09 %","-","3","700","-1.38 %","信用","0.00"
"酒井重工業","6358","東証","○","-","○","9,700","-","無","0.00","2,054","-2","-0.09 %","-","85","16,700","-3.06 %","貸借","0.00"
"タカノ","7885","東証","○","-","-","0","09/28","有","0.00","1,057","2","-0.09 %","-","23","15,000","-1.58 %","貸借","0.00"
"ＮＳユナイテッド海運","9110","東証","○","-","○","2,000","-","無","0.00","10,510","0","-0.09 %","-","93","40,000","-0.18 %","貸借","0.00"
"丸八倉庫","9313","東証","○","-","-","6,400","-","無","0.30","1,047","-23","-0.09 %","-","3","600","-2.14 %","信用","0.00"
"伊藤ハム米久ＨＬＤＧＳ","2296","東証","○","-","○","30,200","03/29","有","0.00","4,795","-10","-0.10 %","-","347","122,100","-2.04 %","貸借","0.00"
"久世","2708","東証","○","-","-","0","03/29","有","0.60","1,859","-1","-0.10 %","-","7","800","-1.37 %","信用","0.00"
"ブルドツクソ－ス","2804","東証","○","-","○","1,900","03/29","有","0.00","1,836","-4","-0.10 %","-","103","27,200","-1.97 %","貸借","0.10"
"アズーム","3496","東証","○","-","-","1,500","-","無","0.40","4,610","-30","-0.10 %","-","372","74,400","-5.91 %","信用","0.00"
"日本システム技術","4323","東証","○","-","○","2,000","03/29","有","0.00","1,890","-7","-0.10 %","-","278","43,400","-1.45 %","貸借","0.00"
"ＦＩＧ","4392","東証","○","-","-","6,200","12/28","有","1.70","916","4","-0.10 %","-","1,020","456,000","-1.82 %","貸借","0.00"
"東計電算","4746","東証","○","-","○","0","12/28","有","0.00","1,973","5","-0.10 %","-","607","181,000","-1.35 %","貸借","0.10"
"パウダーテック","5695","東証","○","-","-","1,000","-","無","2.00","2,765","-35","-0.10 %","-","2","400","-3.99 %","信用","0.00"
"リョービ","5851","東証","○","-","○","13,300","-","無","0.00","2,728","27","-0.10 %","-","596","123,900","-0.76 %","貸借","0.00"
"那須電機","5922","東証","○","-","-","0","-","無","11.50","19,980","150","-0.10 %","-","18","2,000","-0.54 %","信用","0.00"
"タケダ機械","6150","東証","○","-","-","100","05/27","有","2.30","2,785","14","-0.10 %","-","15","2,600","-0.21 %","信用","0.00"
"西部技研","6223","東証","○","-","-","0","-","無","1.40","1,940","-2","-0.10 %","-","88","14,900","-1.62 %","貸借","0.00"
"藤商事","6257","東証","○","-","-","500","-","無","0.00","999","-1","-0.10 %","-","96","23,500","-0.69 %","貸借","0.00"
"スプリックス","7030","東証","○","-","-","600","-","無","0.00","972","3","-0.10 %","-","49","10,800","-0.40 %","貸借","0.00"
"サン・ライフホールディング","7040","東証","○","-","-","0","03/29","有","0.10","963","7","-0.10 %","-","3","400","-1.23 %","信用","0.00"
"ユニソルホールディングス","7128","東証","○","-","○","0","12/28","有","0.00","2,919","-3","-0.10 %","-","287","63,100","-1.08 %","貸借","0.20"
"東天紅","8181","東証","○","-","-","100","02/24","有","0.50","999","-11","-0.10 %","-","13","1,700","-1.86 %","信用","0.00"
"カンダホールディングス","9059","東証","○","-","-","100","03/29","有","1.10","912","-1","-0.10 %","-","7","1,100","-1.40 %","貸借","0.00"
"ブリッジコンサルティング","9225","東証","○","-","-","100","-","無","0.90","970","1","-0.10 %","-","3","300","-0.10 %","信用","0.00"
"東陽倉庫","9306","東証","○","-","-","0","03/29","有","0.00","1,986","-7","-0.10 %","-","34","4,800","-1.19 %","貸借","0.00"
"天満屋ストア","9846","東証","○","-","-","0","02/24","有","1.00","980","-1","-0.10 %","-","14","3,900","-0.30 %","信用","0.00"
"大庄","9979","東証","○","-","-","0","02/24","有","0.00","999","-1","-0.10 %","-","197","91,100","-1.86 %","貸借","0.05"
"上場米国株式","1547","東証","○","-","-","123","-","無","0.00","13,245","40","-0.11 %","-","64","5,219","-0.26 %","貸借","0.00"
"ＮＦ日本高配当７０","1577","東証","○","-","-","40","-","無","0.00","59,780","780","-0.11 %","-","204","13,012","-1.32 %","貸借","0.00"
"ＩＦ米国債７１０Ｈ有","2016","東証","○","-","-","103","-","無","2.00","1,687","-13","-0.11 %","-","11","227","-0.76 %","貸借","0.00"
"オプロ","228A","東証","○","-","-","100","-","無","1.30","1,753","9","-0.11 %","-","10","2,000","-1.90 %","信用","0.00"
"ＳＦｏｏｄｓ","2292","東証","○","-","○","7,400","02/24","有","0.00","2,652","3","-0.11 %","-","528","123,800","-2.03 %","貸借","0.00"
"ＭＸＳ中国Ａ株１８０","2530","東証","○","-","-","3","-","無","0.00","16,675","100","-0.11 %","-","13","127","-1.91 %","貸借","0.00"
"くら寿司","2695","東証","○","-","-","0","04/27","有","2.10","1,675","-7","-0.11 %","-","930","251,500","-2.50 %","貸借","0.10"
"上場豪債ヘッジなし","2844","東証","○","-","-","89","-","無","4.00","5,298","8","-0.11 %","-","61","3,777","-0.18 %","貸借","0.00"
"地主","3252","東証","○","-","○","27,600","-","無","0.00","2,677","7","-0.11 %","-","869","198,100","-3.39 %","貸借","0.00"
"朝日印刷","3951","東証","○","-","-","0","-","無","0.00","892","7","-0.11 %","-","54","18,200","-0.22 %","貸借","0.00"
"アクシス","4012","東証","○","-","-","200","-","無","0.00","1,734","1","-0.11 %","-","43","15,300","-3.12 %","貸借","0.00"
"エクサウィザーズ","4259","東証","○","-","-","17,300","-","無","0.80","850","-3","-0.11 %","-","1,619","862,900","-4.06 %","信用","0.00"
"ドリーム・アーツ","4811","東証","○","-","-","0","-","無","0.60","907","6","-0.11 %","-","101","15,400","-4.02 %","信用","0.00"
"横田製作所","6248","東証","○","-","-","100","-","無","1.20","1,771","0","-0.11 %","-","4","400","-0.11 %","信用","0.00"
"ゆうちょ銀行","7182","東証","○","-","○","211,200","03/29","有","0.00","3,397.0","2.0","-0.11 %","-","7,766","4,248,200","-3.02 %","貸借","0.00"
"ジオコード","7357","東証","○","-","-","100","02/24","有","3.40","1,705","-3","-0.11 %","-","9","1,600","-2.51 %","信用","0.00"
"表示灯","7368","東証","○","-","-","4,100","-","無","0.00","1,718","-2","-0.11 %","-","8","900","-0.11 %","貸借","0.00"
"稲畑産業","8098","東証","○","-","-","1,200","12/28","有","0.00","4,395","-10","-0.11 %","-","272","82,600","-1.01 %","貸借","0.00"
"スターツコーポレーション","8850","東証","○","-","○","5,800","03/29","有","0.00","4,505","-5","-0.11 %","-","246","68,000","-3.22 %","貸借","0.00"
"毎日コムネット","8908","東証","○","-","-","0","05/27","有","0.00","873","0","-0.11 %","-","13","2,400","-2.34 %","貸借","0.00"
"九州旅客鉄道","9142","東証","○","-","○","117,500","03/29","有","0.00","3,353.0","4.0","-0.11 %","-","1,726","752,000","-1.93 %","貸借","0.00"
"東京汽船","9193","東証","○","-","-","100","-","無","0.50","862","-1","-0.11 %","-","15","3,000","-2.59 %","信用","0.00"
"きんえい","9636","東証","○","-","-","2,500","01/27","有","4.20","4,225","0","-0.11 %","-","5","500","-0.23 %","信用","0.00"
"銀座ルノアール","9853","東証","○","-","-","0","03/29","有","0.30","907","0","-0.11 %","-","4","700","-0.32 %","信用","0.00"
"ＭＡＸＩＳ海外株式","1550","東証","○","-","-","0","-","無","0.00","8,035","30","-0.12 %","-","23","1,125","-0.37 %","貸借","0.00"
"コージンバイオ","177A","東証","○","-","-","100","-","無","0.80","821","-2","-0.12 %","-","16","4,400","-2.26 %","信用","0.00"
"大豊建設","1822","東証","○","-","○","14,800","03/29","有","0.00","804","0","-0.12 %","-","429","191,100","-1.71 %","貸借","0.05"
"サイネックス","2376","東証","○","-","-","0","03/29","有","0.80","793","10","-0.12 %","-","4","2,000","-0.62 %","信用","0.00"
"グンゼ","3002","東証","○","-","○","32,400","03/29","有","0.00","4,020","0","-0.12 %","-","299","130,900","-1.71 %","貸借","0.00"
"シンデン・ハイテックス","3131","東証","○","-","-","700","-","無","5.30","8,150","210","-0.12 %","-","198","28,200","-2.16 %","信用","0.00"
"ＩＣＤＡホールディングス","3184","東証","○","-","-","700","-","無","0.20","4,050","0","-0.12 %","-","2","300","-1.09 %","信用","0.00"
"ケー・エフ・シー","3420","東証","○","-","-","0","-","無","0.80","1,548","3","-0.12 %","-","4","1,500","-1.71 %","信用","0.00"
"ヤプリ","4168","東証","○","-","-","0","-","無","0.00","787","-1","-0.12 %","-","126","25,200","-2.35 %","貸借","0.00"
"イーソル","4420","東証","○","-","-","2,800","-","無","0.00","818","0","-0.12 %","-","91","177,600","-0.24 %","貸借","0.00"
"日本ケミファ","4539","東証","○","-","-","100","03/29","有","0.60","1,562","-2","-0.12 %","-","10","2,500","-0.50 %","信用","0.00"
"ＩＳ日本国債１３ＥＴＦ","571A","東証","○","-","-","0","-","無","0.30","498.4","0.1","-0.12 %","-","6","240","-0.16 %","信用","0.00"
"マルゼン","5982","東証","○","-","-","100","02/24","有","0.70","4,020","-5","-0.12 %","-","13","1,800","-1.83 %","信用","0.00"
"ＰＨＣホールディングス","6523","東証","○","-","○","42,100","-","無","0.10","1,603","1","-0.12 %","-","3,936","1,302,800","-5.37 %","信用","0.00"
"エフ・シー・シー","7296","東証","○","-","○","18,800","03/29","有","0.00","4,045","25","-0.12 %","-","271","76,500","-1.46 %","貸借","0.00"
"ＴＡＫＡＲＡ＆ＣＯＭＰＡＮＹ","7921","東証","○","-","○","500","11/26","有","0.00","4,110","20","-0.12 %","-","143","29,500","-0.96 %","貸借","0.00"
"三愛オブリ","8097","東証","○","-","○","7,300","-","無","0.00","2,352","-16","-0.12 %","-","729","165,900","-3.09 %","貸借","0.00"
"歌舞伎座","9661","東証","○","-","-","200","02/24","有","5.30","4,080","0","-0.12 %","-","46","8,600","-0.97 %","信用","0.00"
"セコム","9735","東証","○","-","○","10,000","03/29","有","0.00","6,250","27","-0.12 %","-","4,130","1,637,800","-1.40 %","貸借","0.00"
"上場豪州リート","1555","東証","○","-","-","223","-","無","0.00","2,185","-17","-0.13 %","-","114","22,267","-8.50 %","貸借","0.00"
"ＴＯＰＩＸベア上場投信","1569","東証","○","-","-","290","-","無","0.00","721.5","-8.0","-0.13 %","-","30","11,180","-1.56 %","貸借","0.00"
"ＩＳ米国高配当株","2013","東証","○","-","-","1,200","-","無","0.30","296.9","-0.5","-0.13 %","-","127","57,610","-0.36 %","貸借","0.00"
"ＮＮ金ダブル・ブルＥＴＮ","2036","東証","○","-","-","71","-","無","117.00","143,300","-2,250","-0.13 %","-","1,010","3,533","-3.11 %","信用","0.00"
"上場米国株ヘッジ有","2521","東証","○","-","-","122","-","無","0.00","2,175","7","-0.13 %","-","14","275","-0.27 %","貸借","0.00"
"Ｊ－オイルミルズ","2613","東証","○","-","○","17,800","03/29","有","0.00","2,162","-6","-0.13 %","-","299","66,000","-3.22 %","貸借","0.00"
"一正蒲鉾","2904","東証","○","-","-","0","12/28","有","1.40","754","-2","-0.13 %","-","16","4,100","-0.39 %","貸借","0.00"
"仙波糖化工業","2916","東証","○","-","-","0","03/29","有","0.80","720","-1","-0.13 %","-","4","1,100","-1.09 %","信用","0.00"
"マークラインズ","3901","東証","○","-","○","16,100","-","無","0.00","1,514","-4","-0.13 %","-","269","66,000","-1.43 %","貸借","0.00"
"森下仁丹","4524","東証","○","-","-","100","03/29","有","0.00","2,223","-7","-0.13 %","-","15","2,700","-0.62 %","貸借","0.00"
"小野薬品","4528","東証","○","-","○","77,000","-","無","0.00","2,278.5","-11.5","-0.13 %","-","2,173","986,000","-3.00 %","貸借","0.00"
"中国塗料","4617","東証","○","-","○","22,000","-","無","0.00","3,580","30","-0.13 %","-","341","136,500","-2.98 %","貸借","0.00"
"セントラルスポーツ","4801","東証","○","-","○","1,100","03/29","有","0.30","2,302","-13","-0.13 %","-","113","23,000","-2.70 %","信用","0.00"
"アジュバンホールディング","4929","東証","○","-","-","0","03/17","有","0.70","739","3","-0.13 %","-","12","2,000","-0.40 %","貸借","0.00"
"ポーターズ","5126","東証","○","-","-","0","-","無","1.10","1,448","-2","-0.13 %","-","2","200","-0.34 %","信用","0.00"
"多摩川ホールディングス","6838","東証","○","-","-","0","-","無","1.00","1,490","13","-0.13 %","-","419","92,000","-1.58 %","信用","0.00"
"ドウシシャ","7483","東証","○","-","○","9,600","03/29","有","0.00","2,995","7","-0.13 %","-","602","101,300","-1.31 %","貸借","0.00"
"ローランド","7944","東証","○","-","○","8,500","-","無","0.00","3,650","0","-0.13 %","-","174","56,400","-2.14 %","貸借","0.00"
"コーチ・エィ","9339","東証","○","-","-","100","12/28","有","1.30","1,492","17","-0.13 %","-","8","1,700","-0.53 %","信用","0.00"
"ＮＦ情通・他Ｔ１７","1626","東証","○","-","-","4","-","無","49.00","49,140","410","-0.14 %","-","18","143","-1.18 %","貸借","0.00"
"ＭＵＳＣＡＴＧＲＯＵＰ","195A","東証","○","-","-","700","09/28","有","0.60","678","-9","-0.14 %","-","110","32,600","-2.02 %","信用","0.00"
"ＧＸＵＳ配当貴族","2236","東証","○","-","-","0","-","無","0.00","1,400","1","-0.14 %","-","68","4,806","-0.42 %","貸借","0.00"
"ラクト・ジャパン","3139","東証","○","-","○","4,300","11/26","有","0.00","3,395","-5","-0.14 %","-","112","27,000","-1.87 %","貸借","0.00"
"ソトー","3571","東証","○","-","-","0","-","無","0.00","706","9","-0.14 %","-","19","3,900","-0.98 %","貸借","0.00"
"アクリート","4395","東証","○","-","-","4,200","-","無","0.80","712","3","-0.14 %","-","442","94,900","-4.42 %","信用","0.00"
"池上通信機","6771","東証","○","-","-","200","-","無","0.00","687","-4","-0.14 %","-","48","14,300","-1.00 %","貸借","0.00"
"アイスコ","7698","東証","○","-","-","0","03/29","有","2.40","2,738","-2","-0.14 %","-","14","1,800","-1.40 %","信用","0.00"
"ケーズホールディングス","8282","東証","○","-","○","34,600","03/29","有","0.00","1,702.5","3.0","-0.14 %","-","2,071","890,400","-3.56 %","貸借","0.00"
"上場海外先進国","1680","東証","○","-","-","0","-","無","0.00","8,266","26","-0.15 %","-","27","1,513","-0.40 %","貸借","0.00"
"ＷＩＬＬＳＭＡＲＴ","175A","東証","○","-","-","100","-","無","0.60","636","-7","-0.15 %","-","25","5,400","-1.39 %","信用","0.00"
"ＩＳユーロ建社債ヘッジ","2623","東証","○","-","-","0","-","無","2.00","1,909","-3","-0.15 %","-","7","201","-0.57 %","貸借","0.00"
"ＭＸＳ米株ＳＰ５ヘ有","2630","東証","○","-","-","9","-","無","0.00","16,120","25","-0.15 %","-","42","806","-0.37 %","貸借","0.00"
"ＧＸＮＤＸカバコ","2865","東証","○","-","-","0","-","無","0.00","1,302","4","-0.15 %","-","373","171,568","-0.30 %","貸借","0.00"
"シュッピン","3179","東証","○","-","○","2,000","03/29","有","0.00","1,250","-31","-0.15 %","-","688","181,600","-6.50 %","貸借","0.00"
"ランシステム","3326","東証","○","-","-","100","03/29","有","0.50","651","-3","-0.15 %","-","23","2,900","-1.51 %","信用","0.00"
"ダブルスタンダード","3925","東証","○","-","○","7,600","-","無","0.10","1,278","-2","-0.15 %","-","109","22,800","-2.88 %","信用","0.00"
"オロ","3983","東証","○","-","-","500","12/28","有","0.00","1,892","-10","-0.15 %","-","185","43,000","-0.78 %","貸借","0.00"
"システムサポートホールディン","4396","東証","○","-","○","17,700","-","無","0.00","1,319","-1","-0.15 %","-","448","76,400","-1.49 %","貸借","0.00"
"ダスキン","4665","東証","○","-","○","21,800","03/29","有","0.00","4,593","-17","-0.15 %","-","414","92,200","-1.69 %","貸借","0.25"
"ウェザーニューズ","4825","東証","○","-","○","5,600","11/26","有","0.00","1,948","-2","-0.15 %","-","525","131,100","-2.11 %","貸借","0.00"
"相模ゴム","5194","東証","○","-","-","200","-","無","0.20","639","-1","-0.15 %","-","24","5,300","-0.77 %","信用","0.00"
"サンコール","5985","東証","○","-","-","6,700","-","無","1.90","2,546","62","-0.15 %","-","2,147","490,900","-2.11 %","貸借","0.00"
"宮越ホールディングス","6620","東証","○","-","-","600","-","無","0.00","626","5","-0.15 %","-","127","32,600","-2.64 %","貸借","0.05"
"マックスバリュ東海","8198","東証","○","-","-","0","02/24","有","0.20","3,275","-15","-0.15 %","-","43","9,000","-2.52 %","信用","0.00"
"富士急行","9010","東証","○","-","-","1,900","03/29","有","0.00","2,600","-21","-0.15 %","-","823","161,100","-3.38 %","貸借","0.15"
"山陽電鉄","9052","東証","○","-","-","0","03/29","有","0.00","1,902","-12","-0.15 %","-","134","37,400","-2.51 %","貸借","0.05"
"ディーエムエス","9782","東証","○","-","-","0","-","無","1.90","3,200","-5","-0.15 %","-","127","36,600","-2.29 %","信用","0.00"
"加藤産業","9869","東証","○","-","○","1,100","03/29","有","0.00","6,550","-10","-0.15 %","-","98","32,600","-0.75 %","貸借","0.35"
"Ｕｍｉｏｓ","1333","東証","○","-","○","71,800","03/29","有","0.00","1,207.0","-2.5","-0.16 %","-","984","413,100","-2.58 %","貸借","0.00"
"ウイン・パートナーズ","3183","東証","○","-","○","6,900","03/29","有","0.00","1,233","-4","-0.16 %","-","103","25,300","-1.90 %","貸借","0.00"
"高配当成長ＥＴＮ","345A","東証","○","-","-","0","-","無","5.00","15,215","-80","-0.16 %","-","3","4","-2.40 %","信用","0.00"
"日本ピグメントホールデ","4119","東証","○","-","-","0","-","無","2.10","6,170","-50","-0.16 %","-","5","700","-3.44 %","信用","0.00"
"オービーシステム","5576","東証","○","-","-","100","-","無","0.10","3,040","20","-0.16 %","-","5","500","-1.45 %","信用","0.00"
"ヒューマン・メタボローム・テク","6090","東証","○","-","-","100","-","無","0.10","606","0","-0.16 %","-","16","3,000","-1.94 %","信用","0.00"
"アルチザネットワークス","6778","東証","○","-","-","0","-","無","0.00","624","1","-0.16 %","-","16","4,000","-3.55 %","貸借","0.00"
"ＮＥＸＴＯＮＥ","7094","東証","○","-","-","400","-","無","0.00","1,815","24","-0.16 %","-","191","34,500","-0.76 %","貸借","0.00"
"スギホールディングス","7649","東証","○","-","○","46,500","02/24","有","0.00","1,244.0","9.0","-0.16 %","-","2,420","1,699,700","-1.03 %","貸借","0.00"
"トモニホールディングス","8600","東証","○","-","○","38,000","-","無","0.00","1,188","1","-0.16 %","-","909","393,000","-1.24 %","貸借","0.00"
"東武鉄道","9001","東証","○","-","○","67,600","03/29","有","0.00","2,764.0","16.0","-0.16 %","-","1,409","501,700","-1.88 %","貸借","0.00"
"桜島埠頭","9353","東証","○","-","-","300","-","無","2.70","3,000","20","-0.16 %","-","3","400","-0.16 %","信用","0.00"
"ソフトバンク","9434","東証","○","-","○","7,332,300","03/29","有","0.00","238.5","1.1","-0.16 %","-","6,662","67,141,900","-1.28 %","貸借","0.00"
"アイ・エス・ビー","9702","東証","○","-","○","9,300","-","無","0.00","2,435","-14","-0.16 %","-","141","25,600","-2.94 %","貸借","0.15"
"井村屋グループ","2209","東証","○","-","○","7,800","03/29","有","0.10","2,271","-4","-0.17 %","-","112","26,700","-2.28 %","信用","0.00"
"クエスト","2332","東証","○","-","-","0","-","無","1.40","1,752","3","-0.17 %","-","31","4,300","-0.84 %","貸借","0.00"
"ＭＸＳ米株Ｓ＆Ｐ５００","2558","東証","○","-","-","1,181","-","無","0.00","3,500","10","-0.17 %","-","304","118,037","-0.37 %","貸借","0.00"
"ＩＳＳ＆Ｐ５００米国株ヘ","2563","東証","○","-","-","6,870","-","無","0.40","405.5","-0.2","-0.17 %","-","141","686,910","-0.46 %","貸借","0.00"
"ＩＦナス１００Ｈ無","2840","東証","○","-","-","1,503","-","無","0.00","2,804","25","-0.17 %","-","383","150,220","-0.39 %","貸借","0.00"
"ＧＸＳＰＸカバコ","2868","東証","○","-","-","169","-","無","0.00","1,147","4","-0.17 %","-","164","50,427","-0.17 %","貸借","0.00"
"令和アカウンティング・ホー","296A","東証","○","-","-","400","-","無","1.30","1,110","5","-0.17 %","-","158","31,700","-5.93 %","貸借","0.05"
"フロンティア・マネジメント","7038","東証","○","-","○","0","12/28","有","0.10","570","-1","-0.17 %","-","55","16,200","-2.73 %","信用","0.00"
"キューブ","7112","東証","○","-","-","200","12/28","有","0.10","562","-2","-0.17 %","-","24","6,800","-2.59 %","信用","0.00"
"コスモスイニシア","8844","東証","○","-","-","600","03/29","有","0.00","1,158","3","-0.17 %","-","157","45,300","-4.05 %","貸借","0.00"
"ビズメイツ","9345","東証","○","-","-","0","12/28","有","0.50","578","-5","-0.17 %","-","9","1,500","-1.53 %","信用","0.00"
"ＫＹＣＯＭホールディングス","9685","東証","○","-","-","100","-","無","0.40","581","-1","-0.17 %","-","2","1,500","-0.51 %","信用","0.00"
"キャンディル","1446","東証","○","-","-","0","03/29","有","0.60","539","2","-0.18 %","-","12","2,400","-0.18 %","貸借","0.05"
"大和ハウス","1925","東証","○","-","○","156,100","03/29","有","0.00","2,154.0","9.5","-0.18 %","-","5,626","4,404,500","-1.89 %","貸借","0.00"
"積水ハウス","1928","東証","○","-","○","101,800","01/27","有","0.00","3,313.0","3.0","-0.18 %","-","2,399","1,866,600","-1.92 %","貸借","0.20"
"カカクコム","2371","東証","○","-","○","5,300","-","無","0.00","3,810","0","-0.18 %","-","849","251,500","-0.34 %","貸借","0.00"
"笹徳印刷","3958","東証","○","-","-","200","06/28","有","0.50","542","0","-0.18 %","-","11","10,800","-0.18 %","信用","0.00"
"ヤマウホールディングス","5284","東証","○","-","-","100","-","無","0.90","2,212","-5","-0.18 %","-","25","4,700","-1.46 %","信用","0.00"
"ＵＡＣＪ","5741","東証","○","-","○","52,000","-","無","0.00","2,146","28","-0.18 %","-","2,100","743,200","-2.54 %","貸借","0.00"
"アルインコ","5933","東証","○","-","○","16,100","03/17","有","0.00","1,070","-5","-0.18 %","-","97","25,100","-2.99 %","貸借","0.00"
"アマノ","6436","東証","○","-","○","16,400","-","無","0.00","3,734","-7","-0.18 %","-","1,191","303,000","-1.91 %","貸借","0.00"
"だいわ","6459","東証","○","-","○","4,400","-","無","0.00","1,628","-3","-0.18 %","-","208","58,500","-2.74 %","貸借","0.00"
"エヌエフホールディングス","6864","東証","○","-","-","300","-","無","0.70","1,593","6","-0.18 %","-","77","12,000","-1.90 %","信用","0.00"
"キヤノンマーケティングＪＰＮ","8060","東証","○","-","○","6,800","-","無","0.00","3,733","-1","-0.18 %","-","1,453","308,200","-1.21 %","貸借","0.00"
"アステナホールディングス","8095","東証","○","-","○","82,800","11/26","有","0.00","540","-8","-0.18 %","-","443","160,500","-1.99 %","貸借","0.00"
"ＡＭＧホールディングス","8891","東証","○","-","-","100","-","無","0.40","2,108","3","-0.18 %","-","20","3,000","-1.07 %","信用","0.00"
"ホクト","1379","東証","○","-","○","14,900","03/29","有","0.00","2,011","-7","-0.19 %","-","299","61,000","-2.23 %","貸借","0.05"
"ＩＳ米＄ＩＧ社債ヘジ","1496","東証","○","-","-","0","-","無","0.00","1,575","-1","-0.19 %","-","117","17,942","-0.37 %","貸借","0.00"
"ソネック","1768","東証","○","-","-","0","-","無","0.90","1,025","-2","-0.19 %","-","8","1,700","-0.77 %","貸借","0.00"
"シマダヤ","250A","東証","○","-","○","9,200","03/29","有","0.10","1,529","-3","-0.19 %","-","95","26,700","-2.54 %","信用","0.00"
"ラサ商事","3023","東証","○","-","○","10,700","-","無","0.00","2,081","-6","-0.19 %","-","175","36,700","-1.42 %","貸借","0.00"
"ＤＣＭホールディングス","3050","東証","○","-","○","15,200","02/24","有","0.00","1,510","-1","-0.19 %","-","865","413,200","-1.43 %","貸借","0.00"
"アドバンスト・メディア","3773","東証","○","-","-","0","-","無","0.00","1,049","-2","-0.19 %","-","118","18,300","-2.32 %","貸借","0.00"
"イマジニア","4644","東証","○","-","-","0","-","無","0.70","1,028","1","-0.19 %","-","22","3,900","-0.38 %","貸借","0.00"
"ＣＩＪ","4826","東証","○","-","○","0","12/28","有","0.00","524","-3","-0.19 %","-","504","233,000","-2.96 %","貸借","0.00"
"テクノロジーズ","5248","東証","○","-","-","0","01/27","有","0.30","509","1","-0.19 %","-","38","15,000","-0.97 %","信用","0.00"
"レントラックス","6045","東証","○","-","-","400","03/29","有","0.00","2,027","2","-0.19 %","-","74","11,100","-8.61 %","貸借","0.00"
"グリーンズ","6547","東証","○","-","-","400","12/28","有","1.90","2,030","10","-0.19 %","-","143","26,500","-1.83 %","貸借","0.00"
"大東港運","9367","東証","○","-","-","0","03/29","有","1.80","2,010","-5","-0.19 %","-","12","2,400","-1.99 %","信用","0.00"
"アルファポリス","9467","東証","○","-","-","1,000","03/29","有","0.00","1,032","-8","-0.19 %","-","378","95,800","-4.26 %","貸借","0.00"
"松屋フーズＨＬＤＧＳ","9887","東証","○","-","-","500","03/29","有","0.00","5,090","-40","-0.19 %","-","143","39,000","-1.54 %","貸借","0.10"
"不二家","2211","東証","○","-","○","0","12/28","有","0.00","2,463","3","-0.20 %","-","112","24,600","-2.10 %","貸借","0.10"
"ＪＧＢダブルインバース","2251","東証","○","-","-","190","-","無","1.00","922.1","-1.3","-0.20 %","-","46","18,730","-0.55 %","貸借","0.00"
"柿安本店","2294","東証","○","-","-","300","10/28","有","0.00","2,460","-8","-0.20 %","-","49","11,400","-1.16 %","貸借","0.05"
"大王製紙","3880","東証","○","-","○","40,200","03/29","有","0.00","955","4","-0.20 %","-","471","182,600","-1.74 %","貸借","0.00"
"ビーブレイクシステムズ","3986","東証","○","-","-","0","06/28","有","0.40","489","1","-0.20 %","-","28","6,700","-4.30 %","信用","0.00"
"リゾートトラスト","4681","東証","○","-","○","76,400","03/29","有","0.00","1,730.0","-3.5","-0.20 %","-","1,125","477,900","-1.70 %","貸借","0.00"
"ＳＨＩＮＫＯ","7120","東証","○","-","-","600","-","無","1.00","990","5","-0.20 %","-","48","8,800","-1.29 %","信用","0.00"
"チヨダ","8185","東証","○","-","○","6,000","02/24","有","0.00","971","-2","-0.20 %","-","316","101,700","-1.82 %","貸借","0.00"
"京阪神ビルディング","8818","東証","○","-","-","7,600","09/28","有","0.00","974","-2","-0.20 %","-","623","383,800","-4.22 %","貸借","0.05"
"小田急電鉄","9007","東証","○","-","○","106,200","03/29","有","0.00","1,697.5","-3.0","-0.20 %","-","3,257","1,657,000","-1.87 %","貸借","0.00"
"ＮＦダウヘッジ無","1546","東証","○","-","-","0","-","無","0.00","78,470","70","-0.21 %","-","106","1,897","-0.41 %","貸借","0.00"
"ＩＳＳ＆Ｐ５００米国株","1655","東証","○","-","-","12,610","-","無","0.00","877.2","3.9","-0.21 %","-","804","1,044,160","-0.31 %","貸借","0.00"
"ＭＸ米債２０超ヘ無","182A","東証","○","-","-","90","-","無","0.50","458.0","-0.5","-0.21 %","-","7","8,250","-0.47 %","貸借","0.00"
"協和日成","1981","東証","○","-","-","0","-","無","1.50","1,371","1","-0.21 %","-","3","400","-0.50 %","信用","0.00"
"プリマハム","2281","東証","○","-","○","34,000","09/28","有","0.00","2,272","-5","-0.21 %","-","499","138,100","-2.02 %","貸借","0.00"
"ＩＦＲＥＥＥＴＦＴＯＰＩＸ","2625","東証","○","-","-","0","-","無","5.00","4,179","40","-0.21 %","-","68","23,473","-0.33 %","貸借","5.00"
"ヴィレッジヴァンガード","2769","東証","○","-","-","0","11/26","有","0.30","933","1","-0.21 %","-","27","5,000","-0.85 %","信用","0.00"
"ダイショー","2816","東証","○","-","-","0","03/29","有","1.80","1,402","0","-0.21 %","-","11","5,900","-0.35 %","貸借","0.10"
"ブルーゾーンホールディンク","417A","東証","○","-","○","21,800","03/29","有","0.00","1,821.0","3.0","-0.21 %","-","660","193,400","-0.49 %","貸借","0.00"
"西菱電機","4341","東証","○","-","-","100","-","無","0.60","912","2","-0.21 %","-","3","500","-2.35 %","信用","0.00"
"ＮＡＭ日経２２５インデック","473A","東証","○","-","-","158","-","無","2.00","1,417","35","-0.21 %","-","74","1,908","-1.25 %","信用","0.00"
"グローブライド","7990","東証","○","-","○","17,200","03/29","有","0.00","2,327","5","-0.21 %","-","297","56,200","-2.18 %","貸借","0.00"
"岩井コスモホールディング","8707","東証","○","-","○","28,500","-","無","0.00","4,595","5","-0.21 %","-","399","104,100","-3.05 %","貸借","0.00"
"塩水港精糖","2112","東証","○","-","-","500","03/29","有","0.00","442","0","-0.22 %","-","58","28,900","-3.07 %","貸借","0.00"
"ソーバル","2186","東証","○","-","-","0","08/27","有","0.60","897","-2","-0.22 %","-","13","2,400","-0.77 %","信用","0.00"
"ＩＳ米国債２５年超","237A","東証","○","-","-","9,850","-","無","0.00","134.3","0.7","-0.22 %","-","194","984,420","-0.44 %","貸借","0.00"
"ピクスタ","3416","東証","○","-","-","0","12/28","有","0.30","897","-3","-0.22 %","-","4","400","-0.55 %","信用","0.00"
"共和レザー","3553","東証","○","-","-","400","-","無","0.00","877","-2","-0.22 %","-","120","28,800","-1.79 %","貸借","0.00"
"トーモク","3946","東証","○","-","○","2,600","03/29","有","0.00","4,390","5","-0.22 %","-","164","39,700","-1.78 %","貸借","0.00"
"ベイシス","4068","東証","○","-","-","0","12/28","有","1.70","1,807","-36","-0.22 %","-","9","1,100","-1.95 %","信用","0.00"
"第一稀元素化学工","4082","東証","○","-","-","3,900","-","無","0.00","2,185","-5","-0.22 %","-","1,628","383,800","-4.25 %","貸借","0.00"
"日本化学産業","4094","東証","○","-","-","300","12/28","有","2.50","2,216","-7","-0.22 %","-","46","6,800","-1.51 %","信用","0.00"
"天龍製鋸","5945","東証","○","-","-","2,000","-","無","1.70","2,265","-5","-0.22 %","-","5","800","-0.52 %","信用","0.00"
"ジーテクト","5970","東証","○","-","-","1,200","12/28","有","0.00","2,193","12","-0.22 %","-","367","86,000","-3.05 %","貸借","0.00"
"スポーツフィールド","7080","東証","○","-","-","300","-","無","0.30","898","2","-0.22 %","-","60","15,300","-0.44 %","信用","0.00"
"兼松","8020","東証","○","-","○","149,300","-","無","0.00","2,249.5","12.0","-0.22 %","-","1,374","413,700","-0.44 %","貸借","0.00"
"ＩＦＴＯＰＩＸインバース","1457","東証","○","-","-","35","-","無","0.00","1,726","-24","-0.23 %","-","38","1,742","-1.54 %","貸借","0.00"
"半導体日本株ＥＴＮ","163A","東証","○","-","-","187","-","無","22.00","21,395","445","-0.23 %","-","556","9,330","-1.17 %","信用","0.00"
"高田工業所","1966","東証","○","-","-","4,200","-","無","0.00","1,726","-14","-0.23 %","-","6","800","-0.97 %","貸借","0.00"
"ＡＦＣ－ＨＤアムスライフサイエン","2927","東証","○","-","-","0","02/24","有","0.10","839","-1","-0.23 %","-","32","8,500","-1.64 %","信用","0.00"
"大石産業","3943","東証","○","-","-","0","03/29","有","0.50","1,301","-11","-0.23 %","-","10","1,500","-1.28 %","信用","0.00"
"ＧＭＯコマース","410A","東証","○","-","-","0","10/28","有","2.30","1,251","7","-0.23 %","-","88","16,700","-2.26 %","信用","0.00"
"ダイケン","5900","東証","○","-","-","6,300","02/24","有","0.60","862","2","-0.23 %","-","2","300","-0.46 %","信用","0.00"
"タカキタ","6325","東証","○","-","-","100","03/29","有","0.50","416","0","-0.23 %","-","15","3,900","-1.42 %","貸借","0.00"
"寺崎電気産業","6637","東証","○","-","-","0","-","無","1.70","4,220","10","-0.23 %","-","157","29,700","-2.31 %","信用","0.00"
"共栄セキュリティーサービス","7058","東証","○","-","-","3,900","-","無","0.90","2,998","-52","-0.23 %","-","3","300","-1.70 %","信用","0.00"
"ナガイレーベン","7447","東証","○","-","○","6,000","-","無","0.00","1,683","-21","-0.23 %","-","858","194,600","-1.52 %","貸借","0.10"
"ヤギ","7460","東証","○","-","-","200","-","無","2.60","1,684","-4","-0.23 %","-","64","9,200","-1.97 %","貸借","0.00"
"ひとまいる","7686","東証","○","-","-","0","03/29","有","0.00","430","-3","-0.23 %","-","41","13,600","-2.49 %","貸借","0.00"
"スクロール","8005","東証","○","-","○","44,500","-","無","0.00","1,727","-5","-0.23 %","-","518","151,300","-1.93 %","貸借","0.00"
"スカイマーク","9204","東証","○","-","-","0","-","無","0.20","428","0","-0.23 %","-","116","44,400","-2.05 %","信用","0.00"
"Ｂ－Ｒサーティワンアイス","2268","東証","○","-","-","0","12/28","有","2.40","4,050","-5","-0.24 %","-","15","2,100","-0.36 %","信用","0.00"
"北海道コカ・コ－ラ","2573","東証","○","-","-","0","12/28","有","3.90","4,130","-5","-0.24 %","-","25","3,400","-0.48 %","信用","0.00"
"ＮＦダウヘッジ有","2846","東証","○","-","-","91","-","無","3.00","2,456","-105","-0.24 %","-","39","2,943","-4.09 %","貸借","0.00"
"カルナバイオサイエンス","4572","東証","○","-","-","2,600","-","無","0.10","414","1","-0.24 %","-","213","58,600","-4.38 %","信用","0.00"
"イー・ガーディアン","6050","東証","○","-","-","500","03/29","有","0.00","1,614","-23","-0.24 %","-","193","44,300","-4.66 %","貸借","0.05"
"大研医器","7775","東証","○","-","-","500","-","無","0.10","415","-2","-0.24 %","-","43","17,000","-1.19 %","信用","0.00"
"福島銀行","8562","東証","○","-","-","3,100","03/29","有","0.40","408","-1","-0.24 %","-","314","232,000","-3.77 %","貸借","0.05"
"オプティマスグループ","9268","東証","○","-","-","6,200","-","無","0.00","414","5","-0.24 %","-","174","143,400","-0.24 %","貸借","0.00"
"泉州電業","9824","東証","○","-","○","42,100","10/28","有","0.00","8,260","70","-0.24 %","-","210","47,100","-0.48 %","貸借","0.15"
"ＧＸＵＳＲＥＩＴトップ２０","2018","東証","○","-","-","4","-","無","0.00","1,196","5","-0.25 %","-","8","332","-0.49 %","貸借","0.00"
"山崎製パン","2212","東証","○","-","○","0","12/28","有","0.00","3,526.0","0.0","-0.25 %","-","2,088","710,400","-2.00 %","貸借","0.00"
"プラネット","2391","東証","○","-","-","0","-","無","1.00","1,167","1","-0.25 %","-","14","2,900","-0.51 %","信用","0.00"
"アスモ","2654","東証","○","-","-","0","09/28","有","0.40","390","-2","-0.25 %","-","27","11,300","-4.64 %","貸借","0.00"
"カネ美食品","2669","東証","○","-","-","0","02/24","有","5.20","3,915","-10","-0.25 %","-","10","2,000","-0.63 %","貸借","0.20"
"ビューティカダンホールディ","3041","東証","○","-","-","0","06/28","有","0.40","399","-2","-0.25 %","-","35","14,800","-1.23 %","貸借","0.05"
"Ｓ＆Ｐ５００半導体ＥＴＦ","346A","東証","○","-","-","0","-","無","0.00","5,385","115","-0.25 %","-","183","7,770","-0.55 %","貸借","0.00"
"インターネットイニシアティブ","3774","東証","○","-","○","20,200","-","無","0.00","3,469.0","4.0","-0.25 %","-","1,931","503,100","-0.54 %","貸借","0.00"
"光ビジネスフオーム","3948","東証","○","-","-","0","-","無","0.20","1,187","-3","-0.25 %","-","9","1,900","-1.08 %","信用","0.00"
"フォーカスシステムズ","4662","東証","○","-","○","10,900","-","無","0.10","1,584","-1","-0.25 %","-","121","27,700","-2.58 %","信用","0.00"
"ＩＦＦＡＮＧ＋ゴールド","521A","東証","○","-","-","0","-","無","0.00","1,986","-13","-0.25 %","-","315","43,539","-1.87 %","貸借","0.00"
"栗田工業","6370","東証","○","-","○","11,900","03/29","有","0.00","7,955","130","-0.25 %","-","1,989","509,400","-0.50 %","貸借","0.00"
"フクダ電子","6960","東証","○","-","○","1,900","-","無","0.00","11,730","100","-0.25 %","-","396","66,100","-1.67 %","貸借","0.00"
"ユニバンス","7254","東証","○","-","-","100","-","無","0.70","791","-2","-0.25 %","-","8","1,500","-3.65 %","信用","0.00"
"ヒューマンクリエイションホールテ","7361","東証","○","-","-","0","-","無","0.60","1,197","-3","-0.25 %","-","11","3,000","-1.15 %","信用","0.00"
"イメージ・マジック","7793","東証","○","-","-","9,500","12/28","有","1.70","1,591","-4","-0.25 %","-","4","500","-2.33 %","信用","0.00"
"キングジム","7962","東証","○","-","-","0","12/16","有","0.00","776","-2","-0.25 %","-","73","24,800","-1.64 %","貸借","0.05"
"高島","8007","東証","○","-","-","100","-","無","0.00","770","-4","-0.25 %","-","249","142,400","-1.66 %","貸借","0.00"
"三井住友トラストグルー","8309","東証","○","-","○","401,300","-","無","0.00","1,755.0","12.0","-0.25 %","-","7,988","6,601,200","-1.92 %","貸借","0.00"
"明和地所","8869","東証","○","-","○","15,400","03/29","有","0.00","779","-3","-0.25 %","-","302","99,700","-3.22 %","貸借","0.00"
"タキヒヨー","9982","東証","○","-","-","200","02/24","有","0.00","2,751","-57","-0.25 %","-","61","12,200","-2.02 %","貸借","0.00"
"アイ・ケイ・ケイホールディンク","2198","東証","○","-","-","0","10/28","有","1.30","750","-3","-0.26 %","-","94","27,200","-3.22 %","貸借","0.00"
"コモ","2224","東証","○","-","-","0","03/29","有","2.10","3,810","0","-0.26 %","-","6","1,500","-0.39 %","信用","0.00"
"ファンコミュニケーションズ","2461","東証","○","-","○","22,800","-","無","0.00","380","-3","-0.26 %","-","138","81,800","-1.80 %","貸借","0.00"
"フライヤー","323A","東証","○","-","-","0","-","無","0.40","379","-1","-0.26 %","-","64","23,600","-4.05 %","信用","0.00"
"ハリマ化成グループ","4410","東証","○","-","○","1,200","-","無","0.00","1,128","6","-0.26 %","-","230","48,900","-2.50 %","貸借","0.00"
"ケイファーマ","4896","東証","○","-","-","900","-","無","0.70","763","13","-0.26 %","-","114","42,400","-5.21 %","信用","0.00"
"ＩＳ日本国債２０＋ＥＴＦ","573A","東証","○","-","-","0","-","無","0.40","482.2","-4.3","-0.26 %","-","34","39,780","-1.49 %","信用","0.00"
"土木管理総合試験","6171","東証","○","-","-","0","-","無","0.00","374","1","-0.26 %","-","18","5,800","-0.26 %","貸借","0.00"
"マルマエ","6264","東証","○","-","-","7,200","02/24","有","0.00","2,230","114","-0.26 %","-","2,311","712,300","-1.45 %","貸借","0.00"
"東京ラヂエ－タ－","7235","東証","○","-","-","0","03/29","有","0.70","1,523","-7","-0.26 %","-","78","11,600","-2.74 %","信用","0.00"
"ゼンショーホールディングス","7550","東証","○","-","○","93,500","03/29","有","0.00","11,115","50","-0.26 %","-","1,700","482,500","-1.11 %","貸借","0.60"
"ＭＸＳダウへ有","2242","東証","○","-","-","80","-","無","0.70","656.9","3.0","-0.27 %","-","8","8,030","-0.31 %","貸借","0.00"
"テンポスホールディングス","2751","東証","○","-","-","0","10/28","有","5.60","3,645","0","-0.27 %","-","35","9,800","-1.35 %","貸借","0.00"
"モバイルファクトリー","3912","東証","○","-","-","0","03/29","有","0.00","1,072","-23","-0.27 %","-","68","20,500","-3.24 %","貸借","0.00"
"日本曹達","4041","東証","○","-","○","22,700","-","無","0.00","3,690","25","-0.27 %","-","346","107,800","-0.93 %","貸借","0.00"
"ＧＸＮＡＳ１００Ｄカバコ","563A","東証","○","-","-","7,301","-","無","3.00","1,075","1","-0.27 %","-","938","730,107","-0.46 %","貸借","0.00"
"Ｇｕｎｏｓｙ","6047","東証","○","-","-","1,100","-","無","0.30","360","-2","-0.27 %","-","157","102,500","-6.25 %","貸借","0.00"
"守谷輸送機工業","6226","東証","○","-","-","1,500","-","無","1.60","2,181","33","-0.27 %","-","802","144,600","-3.19 %","貸借","0.00"
"不二電機工業","6654","東証","○","-","-","0","01/27","有","2.40","1,093","3","-0.27 %","-","39","34,200","-1.08 %","貸借","0.00"
"ヤマシタヘルスケアＨＬＤＧＳ","9265","東証","○","-","-","1,700","05/27","有","0.20","3,565","-30","-0.27 %","-","2","200","-2.59 %","信用","0.00"
"松竹","9601","東証","○","-","-","0","02/24","有","0.00","10,710","-20","-0.27 %","-","166","37,300","-1.47 %","貸借","0.20"
"イシン","143A","東証","○","-","-","100","-","無","0.70","696","1","-0.28 %","-","5","1,100","-0.57 %","信用","0.00"
"中外鉱業","1491","東証","○","-","-","0","-","無","1.40","698","-3","-0.28 %","-","74","14,300","-3.59 %","信用","0.00"
"ＮＦナスダックヘッジ無","1545","東証","○","-","-","31,350","-","無","0.00","245.3","1.6","-0.28 %","-","588","3,135,060","-0.52 %","貸借","0.00"
"藤田エンジ","1770","東証","○","-","-","0","-","無","1.10","2,085","-6","-0.28 %","-","19","7,300","-2.88 %","信用","0.00"
"上場ダウヘッジなし","2235","東証","○","-","-","11","-","無","0.00","3,499","-1","-0.28 %","-","19","139","-0.37 %","貸借","0.00"
"ＩＦＳＰ５００ダブル","2237","東証","○","-","-","128","-","無","2.00","2,444","11","-0.28 %","-","76","12,812","-0.65 %","貸借","0.00"
"ＧＸ高配当３０日株","235A","東証","○","-","-","119","-","無","0.00","1,416","1","-0.28 %","-","54","4,762","-1.93 %","貸借","0.00"
"ＭＸＳナスダック１００ＥＴＦ","2631","東証","○","-","-","141","-","無","0.00","34,790","240","-0.28 %","-","223","14,049","-0.54 %","貸借","0.00"
"イオンリート投資","3292","東証","○","-","-","90","-","無","0.00","106,800","-600","-0.28 %","-","1,170","8,960","-3.52 %","貸借","0.00"
"セントラル・リート","3488","東証","○","-","-","40","-","無","3.00","104,700","-500","-0.28 %","-","329","1,187","-0.56 %","信用","0.00"
"インターファクトリー","4057","東証","○","-","-","100","-","無","0.30","349","6","-0.28 %","-","10","3,800","-0.56 %","信用","0.00"
"オリジナル設計","4642","東証","○","-","-","100","06/28","有","1.40","1,392","-4","-0.28 %","-","8","3,800","-0.57 %","信用","0.00"
"ＩＤホールディングス","4709","東証","○","-","○","2,800","-","無","0.00","1,042","-3","-0.28 %","-","169","44,500","-3.51 %","貸借","0.00"
"いよぎんホールディンク","5830","東証","○","-","○","37,900","03/29","有","0.00","3,870","13","-0.28 %","-","3,059","1,062,000","-3.20 %","貸借","0.00"
"赤阪鐵工所","6022","東証","○","-","-","0","-","無","2.10","2,846","-1","-0.28 %","-","7","800","-0.48 %","信用","0.00"
"エラン","6099","東証","○","-","○","19,200","-","無","0.00","699","-2","-0.28 %","-","208","67,300","-2.10 %","貸借","0.00"
"エスティック","6161","東証","○","-","-","100","-","無","0.30","1,043","1","-0.28 %","-","18","2,300","-1.13 %","信用","0.00"
"ニチダイ","6467","東証","○","-","-","0","-","無","0.20","350","3","-0.28 %","-","10","2,500","-1.12 %","信用","0.00"
"千代田インテグレ","6915","東証","○","-","○","4,700","-","無","0.00","3,525","0","-0.28 %","-","81","12,400","-3.29 %","貸借","0.00"
"リックス","7525","東証","○","-","○","7,300","03/29","有","0.00","3,525","0","-0.28 %","-","44","8,700","-1.67 %","貸借","0.00"
"白銅","7637","東証","○","-","○","800","03/29","有","0.00","3,520","-5","-0.28 %","-","130","22,200","-2.35 %","貸借","0.00"
"プリントネット","7805","東証","○","-","-","0","02/24","有","1.10","703","-4","-0.28 %","-","14","5,100","-0.98 %","貸借","0.05"
"三井物産","8031","東証","○","-","○","431,900","-","無","0.00","4,925","23","-0.28 %","-","9,086","5,647,900","-0.46 %","貸借","0.00"
"アコム","8572","東証","○","-","○","325,700","-","無","0.00","454.2","1.6","-0.28 %","-","3,733","2,194,000","-2.32 %","貸借","0.00"
"玉井商船","9127","東証","○","-","-","100","-","無","1.00","3,490","0","-0.28 %","-","14","1,400","-2.78 %","信用","0.00"
"ＮＮＨＳＩベアＥＴＮ","2032","東証","○","-","-","4","-","無","4.00","6,374","1","-0.29 %","-","7","33","-0.29 %","信用","0.00"
"ユーグレナ","2931","東証","○","-","-","8,000","12/28","有","0.00","333","0","-0.29 %","-","395","723,400","-3.19 %","貸借","0.00"
"ヒューリック","3003","東証","○","-","○","0","12/28","有","0.00","1,678.5","-5.5","-0.29 %","-","3,918","2,824,800","-2.94 %","貸借","0.00"
"銚子丸","3075","東証","○","-","-","100","02/24","有","1.10","1,700","-3","-0.29 %","-","20","5,500","-0.29 %","信用","0.00"
"ジグザグ","340A","東証","○","-","-","0","-","無","0.30","337","-1","-0.29 %","-","24","4,200","-0.58 %","信用","0.00"
"ココペリ","4167","東証","○","-","-","400","-","無","0.00","342","-1","-0.29 %","-","46","16,600","-2.00 %","貸借","0.00"
"フジプレアム","4237","東証","○","-","-","0","-","無","0.60","339","-1","-0.29 %","-","79","28,200","-3.96 %","貸借","0.00"
"日本新薬","4516","東証","○","-","○","22,100","-","無","0.00","3,355.0","-23.0","-0.29 %","-","1,261","349,400","-4.52 %","貸借","0.00"
"西川ゴム工業","5161","東証","○","-","-","2,000","03/29","有","1.50","3,425","-20","-0.29 %","-","415","91,900","-2.83 %","信用","0.00"
"サノヤスホールディングス","7022","東証","○","-","-","1,000","03/29","有","0.30","340","-1","-0.29 %","-","226","100,700","-4.22 %","貸借","0.00"
"日本モーゲージサービス","7192","東証","○","-","-","1,200","-","無","0.00","677","-1","-0.29 %","-","170","120,800","-2.16 %","貸借","0.00"
"ピープル","7865","東証","○","-","-","0","-","無","0.10","335","0","-0.29 %","-","12","1,900","-0.59 %","信用","0.00"
"南都銀行","8367","東証","○","-","○","46,800","03/29","有","0.00","2,031","6","-0.29 %","-","772","195,800","-1.40 %","貸借","0.00"
"東洋証券","8614","東証","○","-","○","46,000","-","無","0.00","684","-1","-0.29 %","-","557","423,200","-3.25 %","貸借","0.05"
"ナレルグループ","9163","東証","○","-","-","0","-","無","0.50","2,350","-3","-0.29 %","-","130","25,700","-1.79 %","信用","0.00"
"エフオン","9514","東証","○","-","○","4,500","-","無","0.10","339","-3","-0.29 %","-","119","113,900","-3.41 %","信用","0.00"
"上場ＭＳ世界株","1554","東証","○","-","-","19","-","無","0.00","6,763","16","-0.30 %","-","42","1,140","-0.69 %","貸借","0.00"
"コシダカホールディングス","2157","東証","○","-","○","33,300","02/24","有","0.00","975","2","-0.30 %","-","1,200","504,800","-2.88 %","貸借","0.00"
"日本ハム","2282","東証","○","-","○","80,900","03/29","有","0.00","1,984.0","-13.0","-0.30 %","-","4,023","1,578,600","-2.43 %","貸借","0.00"
"ＡＳＪ","2351","東証","○","-","-","0","-","無","0.40","329","-1","-0.30 %","-","7","1,000","-2.08 %","信用","0.00"
"上場ダウヘッジあり","2562","東証","○","-","-","41","-","無","4.00","3,546","2","-0.30 %","-","14","4,056","-0.30 %","貸借","0.00"
"ユニカフェ","2597","東証","○","-","-","0","12/28","有","1.00","1,319","-4","-0.30 %","-","41","7,400","-0.67 %","信用","0.00"
"なとり","2922","東証","○","-","○","10,800","03/29","有","0.00","1,954","-8","-0.30 %","-","89","18,900","-1.85 %","貸借","0.10"
"ＴＯＫＡＩホールディングス","3167","東証","○","-","○","110,200","03/29","有","0.00","1,327","-5","-0.30 %","-","925","287,700","-1.11 %","貸借","0.05"
"ＣＲＥロジスティクスファンド","3487","東証","○","-","-","23","-","無","0.00","131,300","-500","-0.30 %","-","582","2,265","-2.52 %","貸借","0.00"
"ＩＳＮＡＳＤＡＱトップ３０","392A","東証","○","-","-","3,740","-","無","0.20","291.1","1.7","-0.30 %","-","155","186,700","-0.71 %","信用","0.00"
"エクストリーム","6033","東証","○","-","-","200","09/28","有","0.00","1,615","4","-0.30 %","-","51","11,700","-4.83 %","貸借","0.00"
"オーイズミ","6428","東証","○","-","-","0","-","無","0.00","325","-1","-0.30 %","-","16","5,800","-1.51 %","貸借","0.00"
"ＪＡＬＣＯホールディングス","6625","東証","○","-","-","4,900","09/28","有","0.60","326","-5","-0.30 %","-","355","314,200","-5.50 %","貸借","0.00"
"三菱重工業","7011","東証","○","-","○","838,100","-","無","0.00","3,871","58","-0.30 %","-","18,984","14,233,100","-1.82 %","貸借","0.00"
"ＴＢＫ","7277","東証","○","-","-","600","03/29","有","0.00","323","-1","-0.30 %","-","128","53,200","-1.82 %","貸借","0.00"
"セルム","7367","東証","○","-","-","0","-","無","0.10","330","-2","-0.30 %","-","7","900","-0.60 %","信用","0.00"
"ブックオフＧＨＤ","9278","東証","○","-","-","1,300","11/26","有","0.00","2,957","-9","-0.30 %","-","472","76,900","-3.52 %","貸借","0.10"
"セントラル警備保障","9740","東証","○","-","○","4,900","-","無","0.00","2,605","-8","-0.30 %","-","82","17,800","-2.54 %","貸借","0.00"
"シャルレ","9885","東証","○","-","-","0","-","無","0.00","331","0","-0.30 %","-","25","17,300","-0.60 %","貸借","0.00"
"クラフティア","1959","東証","○","-","○","4,200","-","無","0.00","7,970","-23","-0.31 %","-","686","144,900","-1.36 %","貸借","0.00"
"シイエム・シイ","2185","東証","○","-","-","100","03/29","有","0.30","1,926","-34","-0.31 %","-","9","1,100","-2.82 %","信用","0.00"
"サイボー","3123","東証","○","-","-","100","-","無","0.20","636","-7","-0.31 %","-","21","3,900","-2.75 %","信用","0.00"
"アズ企画設計","3490","東証","○","-","-","100","02/24","有","2.80","3,195","25","-0.31 %","-","7","1,200","-0.31 %","信用","0.00"
"美濃窯業","5356","東証","○","-","-","9,800","-","無","0.00","1,257","1","-0.31 %","-","4","400","-0.63 %","貸借","0.00"
"日本鋳鉄管","5612","東証","○","-","-","100","-","無","1.10","1,576","-9","-0.31 %","-","10","1,700","-0.75 %","信用","0.00"
"エコス","7520","東証","○","-","-","300","02/24","有","0.30","2,507","-17","-0.31 %","-","62","11,800","-2.07 %","信用","0.00"
"イズミ","8273","東証","○","-","○","29,400","02/24","有","0.00","937","-2","-0.31 %","-","684","379,100","-2.90 %","貸借","0.00"
"ナガワ","9663","東証","○","-","-","400","03/29","有","0.00","4,700","-40","-0.31 %","-","144","34,100","-2.28 %","貸借","0.25"
"シーイーシー","9692","東証","○","-","○","6,600","-","無","0.00","2,210","-9","-0.31 %","-","383","78,900","-3.91 %","貸借","0.00"
"Ｅ・Ｊホールディングス","2153","東証","○","-","-","1,600","-","無","0.10","1,850","-6","-0.32 %","-","326","76,800","-1.28 %","信用","0.00"
"岩塚製菓","2221","東証","○","-","-","0","03/29","有","1.80","3,025","-5","-0.32 %","-","23","4,800","-0.81 %","信用","0.00"
"ウェルネット","2428","東証","○","-","-","0","06/28","有","0.00","616","-3","-0.32 %","-","129","33,900","-0.96 %","貸借","0.00"
"ＩＮＧＳ","245A","東証","○","-","-","0","02/24","有","1.30","2,492","-7","-0.32 %","-","7","1,000","-1.26 %","信用","0.00"
"エー・ピーホールディングス","3175","東証","○","-","-","400","03/29","有","0.70","932","0","-0.32 %","-","36","8,200","-0.32 %","信用","0.00"
"スターティアホールディングス","3393","東証","○","-","-","400","-","無","0.00","3,070","-10","-0.32 %","-","200","37,500","-3.15 %","貸借","0.00"
"ヘルスケア＆メディカル投資","3455","東証","○","-","-","44","01/27","有","0.00","93,100","-600","-0.32 %","-","602","4,340","-2.30 %","貸借","0.00"
"システムリサーチ","3771","東証","○","-","○","2,200","09/28","有","0.00","1,853","-4","-0.32 %","-","160","31,800","-1.95 %","貸借","0.00"
"ＯＤＫソリューションズ","3839","東証","○","-","-","0","03/29","有","0.60","621","-5","-0.32 %","-","8","1,200","-1.11 %","貸借","0.05"
"フーバーブレイン","3927","東証","○","-","-","600","03/29","有","0.30","922","5","-0.32 %","-","110","25,600","-2.94 %","信用","0.00"
"ＡＭＡＺＩＡ","4424","東証","○","-","-","0","-","無","0.70","304","-1","-0.32 %","-","75","25,400","-4.70 %","貸借","0.00"
"テラテクノロジー","483A","東証","○","-","-","0","-","無","1.40","2,123","-6","-0.32 %","-","8","1,200","-0.56 %","信用","0.00"
"ＣＧＳホールディングス","6633","東証","○","-","-","0","-","無","0.00","310","-1","-0.32 %","-","19","10,500","-1.58 %","貸借","0.00"
"ＨＯＹＡ","7741","東証","○","-","○","6,500","-","無","0.00","24,500","320","-0.32 %","-","3,691","1,215,800","-1.12 %","貸借","0.00"
"中部電力","9502","東証","○","-","○","100,900","-","無","0.00","2,626.5","-8.5","-0.32 %","-","7,439","3,183,700","-2.34 %","貸借","0.00"
"ＹＥＤＩＧＩＴＡＬ","2354","東証","○","-","-","7,900","-","無","0.90","1,195","-1","-0.33 %","-","1,060","310,000","-6.93 %","信用","0.00"
"ＮＦ外株ヘッジ無","2513","東証","○","-","-","154","-","無","3.00","3,539","8","-0.33 %","-","22","2,884","-0.56 %","貸借","0.00"
"アンドエスティＨＤ","2685","東証","○","-","○","13,700","02/24","有","0.00","3,020","32","-0.33 %","-","420","237,900","-1.62 %","貸借","0.00"
"Ｇ－ＦＡＣＴＯＲＹ","3474","東証","○","-","-","0","12/28","有","0.30","594","-2","-0.33 %","-","13","3,600","-1.00 %","信用","0.00"
"日東製網","3524","東証","○","-","-","0","-","無","0.90","1,467","-5","-0.33 %","-","7","1,300","-1.21 %","信用","0.00"
"コンピューターマネージメント","4491","東証","○","-","-","100","09/28","有","2.60","3,000","-20","-0.33 %","-","18","2,500","-2.43 %","信用","0.00"
"タクマ","6013","東証","○","-","○","7,100","-","無","0.00","3,005","34","-0.33 %","-","473","153,800","-0.66 %","貸借","0.00"
"油研工業","6393","東証","○","-","-","7,300","-","無","0.00","3,010","-10","-0.33 %","-","3","900","-1.95 %","貸借","0.00"
"フルテック","6546","東証","○","-","-","3,100","12/28","有","0.00","1,180","-4","-0.33 %","-","7","700","-0.75 %","貸借","0.00"
"松尾電機","6969","東証","○","-","-","1,100","-","無","0.00","1,203","25","-0.33 %","-","596","107,400","-3.91 %","貸借","0.00"
"ヤマエグループＨＤ","7130","東証","○","-","○","17,800","03/29","有","0.00","2,645","10","-0.33 %","-","371","85,700","-3.14 %","貸借","0.00"
"進和","7607","東証","○","-","○","8,000","02/24","有","0.00","3,010","0","-0.33 %","-","85","18,000","-1.31 %","貸借","0.05"
"平山ホールディングス","7781","東証","○","-","-","300","-","無","0.60","893","12","-0.33 %","-","46","14,500","-0.33 %","信用","0.00"
"スターツ出版","7849","東証","○","-","-","100","12/28","有","2.20","3,000","0","-0.33 %","-","4","1,600","-0.82 %","信用","0.00"
"三光合成","7888","東証","○","-","○","31,700","-","無","0.00","905","-2","-0.33 %","-","259","101,300","-2.05 %","貸借","0.00"
"クリナップ","7955","東証","○","-","○","9,300","-","無","0.00","891","-12","-0.33 %","-","195","64,500","-5.31 %","貸借","0.00"
"椿本興業","8052","東証","○","-","○","3,400","03/29","有","0.00","3,015","22","-0.33 %","-","200","44,500","-1.14 %","貸借","0.15"
"神戸電鉄","9046","東証","○","-","-","0","03/29","有","0.00","2,347","-23","-0.33 %","-","85","18,800","-2.45 %","貸借","0.00"
"日本郵船","9101","東証","○","-","○","201,500","03/29","有","0.00","7,076","-65","-0.33 %","-","5,852","2,244,900","-1.99 %","貸借","0.00"
"スマサポ","9342","東証","○","-","-","100","03/29","有","0.80","885","0","-0.33 %","-","4","700","-2.53 %","信用","0.00"
"ＬＩＳＢ","145A","東証","○","-","-","0","-","無","0.70","875","-4","-0.34 %","-","8","1,100","-1.68 %","信用","0.00"
"ＮＦ運輸物流Ｔ１７","1628","東証","○","-","-","3","-","無","0.00","21,505","-75","-0.34 %","-","21","212","-1.28 %","貸借","0.00"
"日本Ｍ＆Ａセンターホールデ","2127","東証","○","-","○","433,300","-","無","0.00","609.9","-3.6","-0.34 %","-","4,356","2,401,300","-2.44 %","貸借","0.00"
"ＮＦ米社債ヘ有","2554","東証","○","-","-","0","-","無","0.80","722.5","-0.1","-0.34 %","-","4","690","-1.02 %","貸借","0.00"
"コカ・コーラボトラーズＪＨＤ","2579","東証","○","-","○","100","12/28","有","0.00","3,773","-13","-0.34 %","-","1,615","682,800","-3.15 %","貸借","0.00"
"ＳＹＮＳＰＥＣＴＩＶＥ","290A","東証","○","-","-","0","-","無","2.20","1,450","23","-0.34 %","-","2,777","942,400","-2.61 %","信用","0.00"
"片倉工業","3001","東証","○","-","-","300","12/28","有","0.00","2,928","-7","-0.34 %","-","105","20,200","-4.15 %","貸借","0.00"
"エムケイシステム","3910","東証","○","-","-","0","-","無","0.10","293","-1","-0.34 %","-","4","600","-1.67 %","信用","0.00"
"丸尾カルシウム","4102","東証","○","-","-","400","03/29","有","0.10","1,460","0","-0.34 %","-","3","400","-0.34 %","信用","0.00"
"ＲＯＢＯＴＰＡＹＭＥＮＴ","4374","東証","○","-","-","300","12/28","有","4.20","1,167","-3","-0.34 %","-","56","7,700","-3.39 %","信用","0.00"
"ランサーズ","4484","東証","○","-","-","0","03/29","有","0.20","287","1","-0.34 %","-","37","7,900","-0.69 %","信用","0.00"
"アルプス技研","4641","東証","○","-","○","29,000","-","無","0.00","859","-3","-0.34 %","-","230","90,200","-1.94 %","貸借","0.00"
"さくらケーシーエス","4761","東証","○","-","-","0","-","無","1.00","1,463","-5","-0.34 %","-","23","5,800","-2.46 %","信用","0.00"
"アクシージア","4936","東証","○","-","-","700","01/27","有","0.00","291","-2","-0.34 %","-","149","69,800","-3.32 %","貸借","0.05"
"マイポックス","5381","東証","○","-","-","2,700","-","無","0.70","1,140","35","-0.34 %","-","843","266,100","-1.46 %","貸借","0.00"
"Ｓ＆Ｊ","5599","東証","○","-","-","1,200","-","無","0.90","1,155","56","-0.34 %","-","307","58,900","-3.75 %","信用","0.00"
"京都フィナンシャルＧ","5844","東証","○","-","○","23,900","03/29","有","0.00","4,689","-19","-0.34 %","-","2,451","856,000","-2.97 %","貸借","0.00"
"高周波熱錬","5976","東証","○","-","○","30,500","03/29","有","0.00","1,438","-4","-0.34 %","-","265","65,700","-1.03 %","貸借","0.00"
"横浜フィナンシャルグルーフ","7186","東証","○","-","○","73,800","03/29","有","0.00","1,893.5","7.5","-0.34 %","-","6,614","2,906,100","-2.44 %","貸借","0.00"
"シマノ","7309","東証","○","-","○","5,500","-","無","0.00","17,525","40","-0.34 %","-","911","238,800","-1.90 %","貸借","0.30"
"テイ・エステック","7313","東証","○","-","-","3,700","03/29","有","0.00","1,746.5","0.0","-0.34 %","-","1,063","349,600","-1.90 %","貸借","0.00"
"立川ブラインド","7989","東証","○","-","-","400","12/28","有","0.00","2,606","-7","-0.34 %","-","234","44,700","-1.84 %","貸借","0.15"
"正栄食品","8079","東証","○","-","○","0","10/28","有","0.00","4,275","-10","-0.34 %","-","223","59,500","-1.94 %","貸借","0.10"
"ライフコ－ポレ－ション","8194","東証","○","-","○","13,700","02/24","有","0.00","2,573","-15","-0.34 %","-","757","178,000","-2.97 %","貸借","0.05"
"トリドリ","9337","東証","○","-","-","300","12/28","有","0.70","1,451","3","-0.34 %","-","40","6,600","-0.82 %","信用","0.00"
"ＫＡＤＯＫＡＷＡ","9468","東証","○","-","○","24,100","03/29","有","0.00","3,772","22","-0.34 %","-","2,490","582,700","-2.22 %","貸借","0.00"
"オオバ","9765","東証","○","-","-","0","11/26","有","0.00","1,171","-13","-0.34 %","-","59","22,800","-3.70 %","貸借","0.00"
"ＮＦ日経インバ","1571","東証","○","-","-","13,100","-","無","0.00","278","-5","-0.35 %","-","366","1,184,035","-4.13 %","貸借","0.00"
"ＷＯＬＶＥＳＨＡＮＤ","194A","東証","○","-","-","100","-","無","2.90","1,695","-6","-0.35 %","-","89","22,500","-3.63 %","信用","0.00"
"ケンコーマヨネーズ","2915","東証","○","-","○","8,700","03/29","有","0.00","1,948","-15","-0.35 %","-","329","62,600","-2.74 %","貸借","0.00"
"神戸物産","3038","東証","○","-","○","1,041,700","10/28","有","0.00","2,953.0","-42.0","-0.35 %","-","4,667","2,330,400","-2.92 %","貸借","0.00"
"ジェーソン","3080","東証","○","-","-","0","02/24","有","0.70","836","0","-0.35 %","-","11","2,600","-1.06 %","信用","0.00"
"山田再生系債権回","4351","東証","○","-","-","0","12/28","有","0.70","850","-2","-0.35 %","-","8","3,900","-0.35 %","貸借","0.00"
"ダイサン","4750","東証","○","-","-","0","-","無","0.00","554","-4","-0.35 %","-","12","3,400","-2.80 %","貸借","0.00"
"神戸製鋼所","5406","東証","○","-","○","172,200","-","無","0.00","1,993.0","0.5","-0.35 %","-","2,786","1,332,600","-2.25 %","貸借","0.00"
"長府製作所","5946","東証","○","-","○","0","12/28","有","0.00","1,980","4","-0.35 %","-","182","40,500","-0.40 %","貸借","0.00"
"東亜ディーケーケー","6848","東証","○","-","-","0","09/28","有","0.90","842","-5","-0.35 %","-","22","2,900","-0.82 %","貸借","0.00"
"Ｓｏｌｖｖｙ","7320","東証","○","-","-","400","-","無","0.30","1,385","0","-0.35 %","-","89","21,600","-4.08 %","信用","0.00"
"ＧＭＯインターネットグループ","9449","東証","○","-","○","0","10/28","有","0.00","3,954","-14","-0.35 %","-","1,087","302,100","-2.53 %","貸借","0.00"
"六甲バター","2266","東証","○","-","○","0","12/28","有","0.00","1,079","-1","-0.36 %","-","188","45,600","-2.35 %","貸借","0.10"
"ＩＳ米国債三七ヘジ","2856","東証","○","-","-","0","-","無","0.70","632.7","-1.0","-0.36 %","-","44","153,570","-0.67 %","貸借","0.50"
"プロパスト","3236","東証","○","-","-","1,800","-","無","0.10","274","-1","-0.36 %","-","103","86,100","-3.52 %","信用","0.00"
"サンセイランディック","3277","東証","○","-","-","200","-","無","0.00","809","-5","-0.36 %","-","42","12,800","-4.03 %","貸借","0.00"
"野村不動産マスターＦ","3462","東証","○","-","-","99","-","無","0.00","135,700","-700","-0.36 %","-","1,234","9,594","-2.86 %","貸借","0.00"
"ＩＦＢＢ日高配当５０","354A","東証","○","-","-","252","-","無","3.00","3,278","8","-0.36 %","-","254","26,198","-2.70 %","貸借","0.00"
"ココナラ","4176","東証","○","-","-","0","-","無","0.00","270","-1","-0.36 %","-","148","106,400","-3.22 %","貸借","0.00"
"ｉ‐ｐｌｕｇ","4177","東証","○","-","-","200","03/29","有","1.90","1,380","-20","-0.36 %","-","30","7,100","-3.49 %","信用","0.00"
"ぴあ","4337","東証","○","-","○","6,100","03/29","有","0.00","2,435","-14","-0.36 %","-","145","25,000","-3.41 %","貸借","0.15"
"クラシコ","442A","東証","○","-","-","0","-","無","1.20","826","5","-0.36 %","-","14","2,000","-0.36 %","信用","0.00"
"ビタブリッドジャパン","542A","東証","○","-","-","0","11/26","有","0.60","1,089","-4","-0.36 %","-","20","3,300","-0.90 %","信用","0.00"
"インバウンドＰＦ","5587","東証","○","-","-","200","-","無","0.70","829","1","-0.36 %","-","24","5,600","-0.36 %","信用","0.00"
"小田原機器","7314","東証","○","-","-","0","12/28","有","1.30","1,355","5","-0.36 %","-","13","1,700","-0.36 %","信用","0.00"
"コンドーテック","7438","東証","○","-","○","11,700","03/29","有","0.00","1,636","-19","-0.36 %","-","212","43,300","-6.88 %","貸借","0.00"
"ヒビノ","2469","東証","○","-","-","600","03/29","有","0.50","1,325","5","-0.37 %","-","115","27,200","-1.99 %","信用","0.00"
"ＮＦ新興国株式ヘ無","2520","東証","○","-","-","0","-","無","2.00","2,369","25","-0.37 %","-","34","1,839","-0.37 %","貸借","0.00"
"日本農薬","4997","東証","○","-","○","11,400","09/28","有","0.00","1,077","0","-0.37 %","-","839","329,200","-3.06 %","貸借","0.00"
"日本冶金工","5480","東証","○","-","○","14,500","-","無","0.00","5,280","-10","-0.37 %","-","121","37,300","-1.30 %","貸借","0.00"
"デイトナ","7228","東証","○","-","-","0","12/28","有","2.30","3,995","-15","-0.37 %","-","16","2,200","-1.35 %","信用","0.00"
"ゼビオホールディングス","8281","東証","○","-","○","32,800","03/29","有","0.00","1,063","-11","-0.37 %","-","427","121,900","-4.06 %","貸借","0.00"
"ファースト住建","8917","東証","○","-","-","0","10/28","有","0.70","1,070","-5","-0.37 %","-","95","38,400","-1.29 %","貸借","0.00"
"サガミホールディングス","9900","東証","○","-","○","2,600","03/29","有","0.00","1,055","-12","-0.37 %","-","624","184,500","-3.74 %","貸借","0.05"
"土屋ホールディングス","1840","東証","○","-","-","0","-","無","0.00","256","-3","-0.38 %","-","42","43,100","-2.29 %","貸借","0.00"
"特種東海製紙","3708","東証","○","-","○","12,800","03/29","有","0.00","2,081","-12","-0.38 %","-","264","58,100","-5.70 %","貸借","0.05"
"ＣＬホールディングス","4286","東証","○","-","-","200","12/28","有","0.00","1,305","-5","-0.38 %","-","39","8,000","-3.04 %","貸借","0.05"
"メディカルシステムネットワーク","4350","東証","○","-","○","18,200","-","無","0.10","522","1","-0.38 %","-","232","75,900","-2.42 %","信用","0.00"
"クリップコーポレーション","4705","東証","○","-","-","0","-","無","0.30","775","-3","-0.38 %","-","8","1,900","-2.02 %","信用","0.00"
"星和電機","6748","東証","○","-","-","100","-","無","0.70","773","-6","-0.38 %","-","35","9,200","-1.77 %","貸借","0.00"
"フタバ産業","7241","東証","○","-","-","3,200","12/28","有","0.00","1,041","-2","-0.38 %","-","366","185,700","-4.40 %","貸借","0.00"
"リコー","7752","東証","○","-","○","25,100","03/29","有","0.00","1,661.5","-1.0","-0.38 %","-","4,081","2,178,300","-1.39 %","貸借","0.00"
"ＳＢＩホールディングス","8473","東証","○","-","○","408,900","03/29","有","0.00","3,073.0","16.0","-0.38 %","-","4,925","2,899,400","-3.36 %","貸借","0.00"
"東京電力ＨＤ","9501","東証","○","-","○","614,700","-","無","0.00","522.9","-1.1","-0.38 %","-","25,030","30,480,500","-1.45 %","貸借","0.00"
"中外炉工業","1964","東証","○","-","○","7,200","-","無","0.00","3,800","-5","-0.39 %","-","79","16,300","-2.81 %","貸借","0.00"
"ジェイテック","2479","東証","○","-","-","2,500","-","無","0.10","252","0","-0.39 %","-","128","92,800","-3.81 %","信用","0.00"
"イオン九州","2653","東証","○","-","-","0","02/24","有","3.20","2,740","-12","-0.39 %","-","86","27,000","-1.96 %","信用","0.00"
"オーシャンシステム","3096","東証","○","-","-","0","03/29","有","0.90","1,518","-6","-0.39 %","-","21","4,200","-3.80 %","信用","0.00"
"バイタルＫＳＫＨＤ","3151","東証","○","-","○","9,500","03/29","有","0.00","1,524","-2","-0.39 %","-","322","87,800","-3.11 %","貸借","0.00"
"ＩＦＲＥＥＥＴＦＦＡＮＧ＋","316A","東証","○","-","-","1,826","-","無","0.00","2,788","2","-0.39 %","-","489","182,535","-1.30 %","貸借","0.00"
"産業ファンド","3249","東証","○","-","-","164","-","無","0.00","126,700","-500","-0.39 %","-","1,679","16,358","-4.16 %","貸借","0.00"
"坪田ラボ","4890","東証","○","-","-","0","-","無","0.50","250","-1","-0.39 %","-","55","21,500","-3.84 %","信用","0.00"
"新東","5380","東証","○","-","-","100","-","無","1.00","1,271","-5","-0.39 %","-","6","900","-2.45 %","信用","0.00"
"バリューＨＲ","6078","東証","○","-","○","0","12/28","有","0.00","1,511","-6","-0.39 %","-","98","27,300","-2.20 %","貸借","0.05"
"冨士ダイス","6167","東証","○","-","○","1,400","-","無","0.00","999","-8","-0.39 %","-","130","38,600","-1.96 %","貸借","0.00"
"エレコム","6750","東証","○","-","○","13,700","-","無","0.00","2,012","7","-0.39 %","-","502","128,700","-0.54 %","貸借","0.00"
"鳥羽洋行","7472","東証","○","-","-","1,900","09/28","有","2.70","3,785","-10","-0.39 %","-","2","200","-2.94 %","貸借","0.00"
"学研ホールディングス","9470","東証","○","-","○","15,600","03/29","有","0.00","1,013","-11","-0.39 %","-","404","145,900","-4.52 %","貸借","0.00"
"ナック","9788","東証","○","-","○","2,800","03/29","有","0.00","502","-1","-0.39 %","-","118","38,300","-1.95 %","貸借","0.00"
"ＭＸＳナスダック１００ヘ有","2632","東証","○","-","-","0","-","無","0.00","18,675","125","-0.40 %","-","37","978","-0.50 %","貸借","0.00"
"大冷","2883","東証","○","-","-","0","09/28","有","1.30","1,963","-7","-0.40 %","-","24","3,500","-0.70 %","信用","0.00"
"きちりホールディングス","3082","東証","○","-","-","0","12/28","有","1.10","987","-2","-0.40 %","-","21","4,800","-0.40 %","貸借","0.00"
"ダイドーリミテツド","3205","東証","○","-","-","800","03/29","有","1.20","732","-3","-0.40 %","-","140","56,900","-1.74 %","貸借","0.00"
"エスエルディー","3223","東証","○","-","-","0","02/24","有","0.20","991","-3","-0.40 %","-","22","10,000","-1.19 %","信用","0.00"
"飯田ＧＨＤ","3291","東証","○","-","○","37,900","03/29","有","0.00","2,107.5","-7.0","-0.40 %","-","1,515","520,500","-3.25 %","貸借","0.00"
"ｃｏｔｔａ","3359","東証","○","-","-","500","03/29","有","0.00","491","0","-0.40 %","-","72","35,300","-2.77 %","貸借","0.00"
"アルファＣＯ","3434","東証","○","-","-","200","03/29","有","0.30","1,216","-5","-0.40 %","-","38","8,600","-1.45 %","信用","0.00"
"昭栄薬品","3537","東証","○","-","-","100","09/28","有","1.00","1,721","-22","-0.40 %","-","13","2,900","-1.26 %","信用","0.00"
"カナミックネットワーク","3939","東証","○","-","○","32,200","03/29","有","0.00","489","-1","-0.40 %","-","297","81,000","-3.16 %","貸借","0.00"
"ＰＨＯＴＯＳＹＮＴＨ","4379","東証","○","-","-","400","-","無","0.20","489","6","-0.40 %","-","69","17,700","-0.81 %","信用","0.00"
"富士製薬工業","4554","東証","○","-","○","3,100","-","無","0.00","1,727","7","-0.40 %","-","420","92,900","-2.53 %","貸借","0.00"
"ＳＡＫＩＧＡＫＥホールディンク","5891","東証","○","-","-","0","12/28","有","1.30","1,702","9","-0.40 %","-","11","2,400","-0.46 %","信用","0.00"
"沖電気","6703","東証","○","-","○","38,200","-","無","0.00","2,710","8","-0.40 %","-","1,326","406,000","-1.20 %","貸借","0.00"
"アイホン","6718","東証","○","-","○","11,400","-","無","0.00","2,703","-11","-0.40 %","-","165","38,500","-2.76 %","貸借","0.00"
"国際計測器","7722","東証","○","-","-","900","-","無","0.20","747","12","-0.40 %","-","65","23,600","-1.45 %","信用","0.00"
"ＡＮＡホールディングス","9202","東証","○","-","-","22,000","03/29","有","0.00","2,932.0","-11.0","-0.40 %","-","3,332","1,710,900","-1.85 %","貸借","0.00"
"ＹＣＰホールディングス","9257","東証","○","-","-","0","-","無","0.40","493","-6","-0.40 %","-","4","800","-1.20 %","信用","0.00"
"ジャパニアス","9558","東証","○","-","-","0","-","無","1.10","1,973","-8","-0.40 %","-","87","17,900","-1.69 %","信用","0.00"
"ＮＦ自動車Ｔ１７","1622","東証","○","-","-","4","-","無","0.00","33,510","70","-0.41 %","-","28","82","-2.10 %","貸借","0.00"
"世紀東急","1898","東証","○","-","○","17,700","-","無","0.00","1,434","-8","-0.41 %","-","484","200,200","-2.11 %","貸借","0.00"
"ＩＳＮＩＦＴＹ５０インド株","201A","東証","○","-","-","1,380","-","無","0.00","168.8","-0.5","-0.41 %","-","213","137,750","-0.41 %","貸借","0.50"
"ＵＴグループ","2146","東証","○","-","○","349,900","-","無","0.00","238","-1","-0.41 %","-","665","3,542,500","-1.65 %","貸借","0.05"
"ＧＸ成長インフラ日株","2847","東証","○","-","-","2","-","無","3.00","3,085","29","-0.41 %","-","5","40","-1.68 %","貸借","0.00"
"ダイキアクシス","4245","東証","○","-","-","0","12/28","有","0.50","716","-3","-0.41 %","-","30","7,600","-1.10 %","貸借","0.00"
"ＪＭＤＣ","4483","東証","○","-","-","2,100","-","無","0.00","3,630","5","-0.41 %","-","666","195,800","-2.41 %","貸借","0.00"
"ＱＰＳホールディングス","464A","東証","○","-","-","7,000","-","無","2.00","1,660","27","-0.41 %","-","2,048","636,600","-1.71 %","貸借","0.00"
"明光ネットワークジャパン","4668","東証","○","-","○","7,500","02/24","有","0.00","727","-3","-0.41 %","-","183","66,500","-3.70 %","貸借","0.05"
"ＡＫＩＰＰＡ","627A","東証","○","-","-","17,000","-","無","1.80","1,691","-87","-0.41 %","-","16,775","5,244,700","-14.03 %","信用","0.00"
"ＭＳ－Ｊａｐａｎ","6539","東証","○","-","○","11,100","-","無","0.00","961","-5","-0.41 %","-","165","49,000","-2.63 %","貸借","0.00"
"大崎電気","6644","東証","○","-","○","28,800","09/28","有","0.00","1,454","29","-0.41 %","-","692","234,400","-0.68 %","貸借","0.00"
"ユーピーアール","7065","東証","○","-","-","0","-","無","0.80","949","-4","-0.41 %","-","29","5,100","-3.36 %","貸借","0.00"
"ツツミ","7937","東証","○","-","○","4,900","03/29","有","0.00","2,419","-9","-0.41 %","-","96","17,600","-3.24 %","貸借","0.00"
"ＭｒＭａｘＨＤ","8203","東証","○","-","○","19,600","-","無","0.00","723","-2","-0.41 %","-","163","63,100","-2.56 %","貸借","0.00"
"東急","9005","東証","○","-","○","173,900","03/29","有","0.00","1,577.0","-6.5","-0.41 %","-","3,745","2,733,600","-2.32 %","貸借","0.00"
"神姫バス","9083","東証","○","-","-","100","03/29","有","0.00","1,930","-44","-0.41 %","-","24","8,300","-3.01 %","貸借","0.00"
"王将フードサービス","9936","東証","○","-","-","3,100","03/29","有","0.00","2,868","-6","-0.41 %","-","939","253,700","-1.06 %","貸借","0.15"
"ナカノフドー建設","1827","東証","○","-","-","200","-","無","0.00","1,409","-11","-0.42 %","-","93","13,400","-10.19 %","貸借","0.00"
"ＩＳ米国連続増配","2014","東証","○","-","-","0","-","無","0.00","306.0","0.0","-0.42 %","-","98","42,040","-0.42 %","貸借","0.00"
"ＧＸＡＩビッグデータ","223A","東証","○","-","-","152","-","無","2.00","1,870","15","-0.42 %","-","70","4,665","-0.69 %","貸借","0.00"
"ＧＸＵＳテック・トップ２０","2244","東証","○","-","-","0","-","無","0.00","3,763","24","-0.42 %","-","521","240,182","-0.55 %","貸借","0.00"
"ゲンダイエージェンシー","2411","東証","○","-","-","0","-","無","0.00","464","4","-0.42 %","-","28","12,000","-0.64 %","貸借","0.00"
"オエノンホールディングス","2533","東証","○","-","○","0","12/28","有","0.00","470","-5","-0.42 %","-","218","89,000","-3.49 %","貸借","0.00"
"ＩＳ米ドル新興債ヘジ","2622","東証","○","-","-","0","-","無","2.00","1,624","-9","-0.42 %","-","44","673","-1.63 %","貸借","0.00"
"ラクーンホールディングス","3031","東証","○","-","○","0","10/28","有","0.00","700","-3","-0.42 %","-","222","75,800","-2.91 %","貸借","0.00"
"Ｓ＆Ｐ５００配当貴族","364A","東証","○","-","-","51","-","無","0.00","2,362","-5","-0.42 %","-","120","2,247","-0.42 %","貸借","0.00"
"ザ・パック","3950","東証","○","-","○","0","12/28","有","0.00","1,420","-8","-0.42 %","-","296","75,500","-1.25 %","貸借","0.05"
"霞ヶ関ホテルリート","401A","東証","○","-","-","42","01/27","有","19.00","94,300","-1,000","-0.42 %","-","404","2,080","-3.48 %","信用","0.00"
"プレイド","4165","東証","○","-","-","3,100","-","無","0.00","711","4","-0.42 %","-","838","304,800","-1.38 %","貸借","0.05"
"ハイマックス","4299","東証","○","-","-","0","03/29","有","0.00","1,182","-5","-0.42 %","-","30","6,600","-3.82 %","貸借","0.00"
"ＣＩＮＣ","4378","東証","○","-","-","0","-","無","0.40","464","-1","-0.42 %","-","27","7,100","-0.85 %","信用","0.00"
"アステラス製薬","4503","東証","○","-","○","283,600","-","無","0.00","2,235.0","-10.0","-0.42 %","-","7,346","4,295,600","-3.74 %","貸借","0.00"
"オカダアイヨン","6294","東証","○","-","-","500","03/29","有","1.30","1,892","-7","-0.42 %","-","128","45,400","-2.82 %","貸借","0.00"
"グッドパッチ","7351","東証","○","-","-","0","-","無","0.20","465","-2","-0.42 %","-","40","7,000","-2.31 %","信用","0.00"
"ＢＣＣ","7376","東証","○","-","-","900","-","無","0.40","705","0","-0.42 %","-","182","45,600","-4.72 %","信用","0.00"
"中山福","7442","東証","○","-","-","0","03/29","有","0.00","472","-1","-0.42 %","-","18","11,900","-1.04 %","貸借","0.00"
"尾家産業","7481","東証","○","-","-","100","03/29","有","0.30","2,548","-11","-0.42 %","-","18","2,000","-2.15 %","信用","0.00"
"岩谷産業","8088","東証","○","-","○","53,000","-","無","0.00","1,996.0","-0.5","-0.42 %","-","2,111","564,600","-1.69 %","貸借","0.00"
"リテールパートナーズ","8167","東証","○","-","○","4,500","02/24","有","0.00","1,421","-13","-0.42 %","-","228","55,700","-2.20 %","貸借","0.10"
"カプコン","9697","東証","○","-","○","54,900","-","無","0.00","4,415","-33","-0.42 %","-","7,466","2,825,200","-2.30 %","貸借","0.00"
"アークス","9948","東証","○","-","○","13,200","02/24","有","0.00","3,550","-15","-0.42 %","-","262","69,100","-1.93 %","貸借","0.05"
"オイシックス","3182","東証","○","-","-","1,000","-","無","0.00","1,611","-7","-0.43 %","-","343","73,100","-2.89 %","貸借","0.05"
"ヒット","378A","東証","○","-","-","800","-","無","0.70","908","-5","-0.43 %","-","118","37,200","-1.83 %","信用","0.00"
"ノザワ","5237","東証","○","-","-","100","03/29","有","3.20","1,134","0","-0.43 %","-","56","7,100","-6.51 %","貸借","0.00"
"ヨドコウ","5451","東証","○","-","○","50,000","03/29","有","0.00","1,374","-6","-0.43 %","-","661","267,900","-1.78 %","貸借","0.05"
"オキサイド","6521","東証","○","-","-","3,400","-","無","9.00","3,425","115","-0.43 %","-","538","170,400","-1.01 %","信用","0.00"
"ユーエムシーエレクトロニクス","6615","東証","○","-","-","400","-","無","0.00","230","-1","-0.43 %","-","47","29,300","-3.36 %","貸借","0.00"
"テイン","7217","東証","○","-","-","100","-","無","0.30","453","-2","-0.43 %","-","3","400","-1.30 %","信用","0.00"
"幸楽苑","7554","東証","○","-","-","600","03/29","有","0.00","1,141","-10","-0.43 %","-","208","55,700","-2.22 %","貸借","0.05"
"西日本旅客鉄道","9021","東証","○","-","○","197,300","03/29","有","0.00","2,851.0","-17.0","-0.43 %","-","5,950","3,210,300","-2.61 %","貸借","0.00"
"ＮＡＮＫＡＩ","9044","東証","○","-","○","19,600","03/29","有","0.00","2,977.0","1.5","-0.43 %","-","1,464","390,900","-1.71 %","貸借","0.00"
"クオルテック","9165","東証","○","-","-","200","-","無","1.30","1,812","-7","-0.43 %","-","40","5,300","-1.62 %","信用","0.00"
"東京会館","9701","東証","○","-","-","100","03/29","有","2.30","4,550","50","-0.43 %","-","4","900","-1.40 %","信用","0.00"
"極洋","1301","東証","○","-","○","12,100","03/29","有","0.00","4,490","-10","-0.44 %","-","110","37,400","-2.81 %","貸借","0.00"
"ＮＦ建設資材Ｔ１７","1619","東証","○","-","-","0","-","無","45.00","45,040","180","-0.44 %","-","28","95","-0.44 %","貸借","0.00"
"アイティメディア","2148","東証","○","-","-","1,300","-","無","0.30","1,107","-9","-0.44 %","-","209","61,700","-3.31 %","信用","0.00"
"ＣＳＳホールディングス","2304","東証","○","-","-","0","-","無","0.00","896","-4","-0.44 %","-","8","1,200","-0.66 %","貸借","0.00"
"ＩＳオートメーション＆ロボット","2522","東証","○","-","-","36","-","無","0.00","9,303","108","-0.44 %","-","111","2,739","-0.88 %","貸借","0.00"
"スタジオアタオ","3550","東証","○","-","-","0","02/24","有","0.20","222","-1","-0.44 %","-","19","10,200","-2.20 %","信用","0.00"
"ＵＢＩＣＯＭホールディングス","3937","東証","○","-","○","8,700","-","無","0.00","1,107","-13","-0.44 %","-","153","29,900","-4.81 %","貸借","0.00"
"業界改革厳選地銀","395A","東証","○","-","-","970","-","無","0.50","1,116.0","-5.0","-0.44 %","-","263","48,270","-2.95 %","信用","0.00"
"ＪＤＳＣ","4418","東証","○","-","-","600","-","無","0.90","1,120","-5","-0.44 %","-","379","87,900","-2.94 %","貸借","0.00"
"ウイングアーク１ＳＴ","4432","東証","○","-","○","7,000","02/24","有","0.00","3,335","-15","-0.44 %","-","253","64,700","-1.33 %","貸借","0.00"
"ジャストシステム","4686","東証","○","-","○","14,300","-","無","0.00","4,460","-15","-0.44 %","-","419","152,300","-1.43 %","貸借","0.00"
"フルキャストホールディングス","4848","東証","○","-","○","0","12/28","有","0.00","1,775","-3","-0.44 %","-","240","58,300","-2.95 %","貸借","0.00"
"ヒューマンテクノロジーズ","5621","東証","○","-","-","300","-","無","0.80","1,557","-1","-0.44 %","-","74","8,900","-2.99 %","信用","0.00"
"モリタホールディングス","6455","東証","○","-","○","33,300","-","無","0.00","2,436","39","-0.44 %","-","454","102,400","-2.32 %","貸借","0.00"
"アクセスグループＨＬＤＧＳ","7042","東証","○","-","-","100","03/29","有","0.60","667","-11","-0.44 %","-","10","1,200","-3.89 %","信用","0.00"
"日産車体","7222","東証","○","-","○","12,300","-","無","0.00","901","-3","-0.44 %","-","303","96,400","-3.01 %","貸借","0.00"
"三信電気","8150","東証","○","-","○","11,200","-","無","0.00","3,360","15","-0.44 %","-","126","26,700","-0.73 %","貸借","0.00"
"オリックス不動産投資","8954","東証","○","-","-","131","-","無","0.00","90,300","-400","-0.44 %","-","1,364","12,879","-2.90 %","貸借","0.00"
"ブリーチ","9162","東証","○","-","-","400","-","無","0.10","224","-2","-0.44 %","-","55","13,700","-1.75 %","信用","0.00"
"キャスター","9331","東証","○","-","-","0","-","無","1.20","667","-3","-0.44 %","-","3","300","-3.47 %","信用","0.00"
"ミニストップ","9946","東証","○","-","-","0","02/24","有","0.00","1,772","-8","-0.44 %","-","141","46,100","-1.22 %","貸借","0.05"
"ハチバン","9950","東証","○","-","-","0","03/17","有","3.30","3,335","-5","-0.44 %","-","7","1,200","-0.44 %","信用","0.00"
"ＭＸＳ高利Ｊリート","1660","東証","○","-","-","0","-","無","0.00","9,862","-42","-0.45 %","-","179","8,930","-2.74 %","貸借","0.00"
"木徳神糧","2700","東証","○","-","-","200","12/28","有","3.40","1,765","-8","-0.45 %","-","32","5,700","-1.88 %","信用","0.00"
"ＮＦナスダックヘッジ有","2845","東証","○","-","-","430","-","無","0.00","3,681","20","-0.45 %","-","91","43,014","-0.75 %","貸借","0.00"
"オーウイル","3143","東証","○","-","-","2,200","09/28","有","0.60","1,085","-11","-0.45 %","-","182","40,700","-1.27 %","信用","0.00"
"ＧＸ韓国半導体１０","633A","東証","○","-","-","1,624","-","無","1.00","1,102","11","-0.45 %","-","254","70,705","-1.34 %","信用","0.00"
"ＳＭＫ","6798","東証","○","-","○","3,300","-","無","0.00","3,305","15","-0.45 %","-","40","8,400","-1.49 %","貸借","0.05"
"スタンレー電気","6923","東証","○","-","○","1,000","-","無","0.00","3,503.0","21.0","-0.45 %","-","1,146","389,200","-1.24 %","貸借","0.00"
"オカムラ","7994","東証","○","-","○","25,300","-","無","0.00","2,196","-8","-0.45 %","-","472","178,500","-2.31 %","貸借","0.00"
"山梨中央銀行","8360","東証","○","-","○","43,200","03/29","有","0.00","1,517","12","-0.45 %","-","1,209","743,800","-1.87 %","貸借","0.00"
"大和ハウスリート","8984","東証","○","-","-","133","-","無","0.00","108,600","-800","-0.45 %","-","1,151","13,178","-2.51 %","貸借","0.00"
"エム・エイチ・グループ","9439","東証","○","-","-","0","06/28","有","0.30","220","1","-0.45 %","-","18","5,000","-0.90 %","貸借","0.00"
"ＤＴＳ","9682","東証","○","-","○","14,400","-","無","0.00","1,093","-8","-0.45 %","-","881","457,500","-3.95 %","貸借","0.00"
"大黒天物産","2791","東証","○","-","○","1,700","05/27","有","0.00","4,300","-40","-0.46 %","-","177","38,900","-3.04 %","貸借","0.00"
"あいホールディングス","3076","東証","○","-","○","20,600","-","無","0.00","2,983","12","-0.46 %","-","417","109,000","-1.38 %","貸借","0.00"
"ＩＡＣＥトラベル","343A","東証","○","-","-","100","03/29","有","1.40","1,275","-15","-0.46 %","-","35","5,000","-1.92 %","信用","0.00"
"ジョルダン","3710","東証","○","-","-","0","03/29","有","0.50","641","0","-0.46 %","-","6","2,200","-0.46 %","貸借","0.00"
"ガンホー・オンライン・エンター","3765","東証","○","-","○","20,500","-","無","0.00","2,369","-11","-0.46 %","-","558","149,900","-2.47 %","貸借","0.00"
"セーフィー","4375","東証","○","-","-","1,800","-","無","0.00","643","-3","-0.46 %","-","529","177,200","-1.98 %","貸借","0.05"
"サイフューズ","4892","東証","○","-","-","0","-","無","0.60","648","-7","-0.46 %","-","133","47,600","-2.99 %","信用","0.00"
"アキレス","5142","東証","○","-","-","700","03/29","有","0.00","1,936","-11","-0.46 %","-","266","50,400","-3.05 %","貸借","0.00"
"犬猫生活","556A","東証","○","-","-","1,100","10/28","有","3.90","2,966","-21","-0.46 %","-","246","38,500","-2.27 %","信用","0.00"
"日本電子材料","6855","東証","○","-","○","8,200","-","無","0.00","8,530","240","-0.46 %","-","1,586","486,800","-1.27 %","貸借","0.00"
"ピアズ","7066","東証","○","-","-","200","-","無","0.50","430","-4","-0.46 %","-","10","3,100","-2.27 %","信用","0.00"
"うかい","7621","東証","○","-","-","200","09/28","有","0.90","3,230","-15","-0.46 %","-","16","2,200","-1.67 %","信用","0.00"
"ロイヤルホールディングス","8179","東証","○","-","○","0","12/28","有","0.00","1,281","-6","-0.46 %","-","485","246,600","-2.73 %","貸借","0.00"
"ＦＪネクストホールディングス","8935","東証","○","-","○","19,600","03/29","有","0.00","1,917","15","-0.46 %","-","242","56,500","-2.59 %","貸借","0.00"
"ブティックス","9272","東証","○","-","-","0","-","無","0.60","1,486","-8","-0.46 %","-","55","6,900","-4.25 %","信用","0.00"
"サカタのタネ","1377","東証","○","-","○","19,800","05/27","有","0.00","4,230","-25","-0.47 %","-","548","157,200","-1.96 %","貸借","0.00"
"植木組","1867","東証","○","-","-","100","03/29","有","0.00","2,707","11","-0.47 %","-","24","3,100","-1.56 %","貸借","0.00"
"ギグワークス","2375","東証","○","-","-","0","10/28","有","0.40","210","-4","-0.47 %","-","76","31,100","-4.54 %","信用","0.00"
"フィル・カンパニー","3267","東証","○","-","-","400","-","無","0.10","628","-4","-0.47 %","-","99","19,800","-4.12 %","信用","0.00"
"バリューゴルフ","3931","東証","○","-","-","3,300","07/28","有","1.00","1,475","2","-0.47 %","-","6","900","-1.27 %","信用","0.00"
"ニックス","4243","東証","○","-","-","100","-","無","0.30","1,041","-5","-0.47 %","-","8","1,500","-2.43 %","信用","0.00"
"ヒト・コミュニケーションズＨＤ","4433","東証","○","-","-","0","02/24","有","0.20","833","-6","-0.47 %","-","80","32,600","-2.00 %","信用","0.00"
"杏林製薬","4569","東証","○","-","○","20,500","-","無","0.00","1,055","-10","-0.47 %","-","553","204,800","-4.43 %","貸借","0.00"
"ＥＮＥＯＳホールディングス","5020","東証","○","-","○","862,800","-","無","0.00","1,362.0","-2.0","-0.47 %","-","7,594","7,947,600","-1.16 %","貸借","0.00"
"ＧＸチャイテクカバコＥＴＦ","576A","東証","○","-","-","1,628","-","無","1.00","847","-7","-0.47 %","-","307","81,382","-2.53 %","信用","0.00"
"レオン自動機","6272","東証","○","-","○","10,500","-","無","0.00","1,465","2","-0.47 %","-","190","60,400","-2.52 %","貸借","0.00"
"ＴＯＷＡ","6315","東証","○","-","○","21,400","-","無","0.00","2,491","106","-0.47 %","-","9,133","4,051,400","-1.30 %","貸借","0.00"
"ニチコン","6996","東証","○","-","○","32,800","-","無","0.00","2,728","72","-0.47 %","-","2,261","673,200","-1.76 %","貸借","0.00"
"ファルテック","7215","東証","○","-","-","200","-","無","0.10","415","1","-0.47 %","-","18","8,300","-0.95 %","信用","0.00"
"トルク","8077","東証","○","-","-","0","-","無","0.00","209","-2","-0.47 %","-","22","8,000","-0.94 %","貸借","0.00"
"ＪＡＦＣＯ","8595","東証","○","-","-","5,500","-","無","0.00","2,190.0","-12.5","-0.47 %","-","1,609","530,000","-2.14 %","貸借","0.00"
"ＮＦインド株","1678","東証","○","-","-","0","-","無","0.00","285.3","-1.8","-0.48 %","-","540","673,470","-1.00 %","貸借","0.00"
"テノックス","1905","東証","○","-","-","0","-","無","0.10","1,436","0","-0.48 %","-","8","1,300","-1.23 %","信用","0.00"
"三機工業","1961","東証","○","-","○","62,700","-","無","0.00","2,674","27","-0.48 %","-","1,504","415,100","-0.92 %","貸借","0.00"
"日本成長株アクティブ","2083","東証","○","-","-","206","-","無","0.00","4,080","70","-0.48 %","-","84","20,583","-0.48 %","貸借","0.00"
"クルーズ","2138","東証","○","-","-","100","-","無","0.00","414","-7","-0.48 %","-","25","9,000","-3.27 %","貸借","0.00"
"第一屋製パン","2215","東証","○","-","-","100","12/28","有","0.00","616","3","-0.48 %","-","25","5,600","-0.96 %","貸借","0.00"
"カンロ","2216","東証","○","-","-","700","12/28","有","0.90","1,036","-1","-0.48 %","-","169","49,300","-2.90 %","貸借","0.00"
"ＡＰＩ投資法人","3279","東証","○","-","-","48","-","無","0.00","124,200","-800","-0.48 %","-","905","4,110","-3.12 %","貸借","0.00"
"マリオン","3494","東証","○","-","-","0","09/28","有","0.60","413","-2","-0.48 %","-","32","9,600","-1.19 %","信用","0.00"
"アツギ","3529","東証","○","-","-","500","03/29","有","0.00","1,017","-4","-0.48 %","-","81","18,100","-4.95 %","貸借","0.00"
"ショーケース","3909","東証","○","-","-","0","-","無","0.20","205","-1","-0.48 %","-","11","2,800","-0.96 %","信用","0.00"
"シーティーエス","4345","東証","○","-","○","23,200","-","無","0.00","816","0","-0.48 %","-","162","65,000","-1.80 %","貸借","0.00"
"オーナンバ","5816","東証","○","-","-","300","-","無","0.00","1,439","-5","-0.48 %","-","66","18,100","-1.84 %","貸借","0.00"
"神戸天然物化学","6568","東証","○","-","-","100","-","無","0.20","1,224","-10","-0.48 %","-","9","2,000","-2.47 %","信用","0.00"
"リーダー電子","6867","東証","○","-","-","300","-","無","0.30","407","-2","-0.48 %","-","19","13,200","-0.97 %","信用","0.00"
"ノジマ","7419","東証","○","-","○","72,100","03/29","有","0.00","1,228","0","-0.48 %","-","557","418,600","-1.36 %","貸借","0.00"
"ＫＹＯＲＩＴＳＵ","7795","東証","○","-","-","0","-","無","0.00","205","-2","-0.48 %","-","47","41,500","-4.20 %","貸借","0.00"
"木曽路","8160","東証","○","-","-","1,600","03/29","有","0.00","2,278","-11","-0.48 %","-","599","136,500","-2.35 %","貸借","0.05"
"アークランズ","9842","東証","○","-","-","1,900","02/24","有","0.00","1,834","-13","-0.48 %","-","484","179,500","-2.13 %","貸借","0.00"
"ＧＸ印度トップ１０＋","188A","東証","○","-","-","55","-","無","1.00","800","-1","-0.49 %","-","57","3,952","-0.86 %","貸借","0.00"
"太平電業","1968","東証","○","-","○","22,400","-","無","0.00","2,434","8","-0.49 %","-","426","94,500","-1.81 %","貸借","0.00"
"リニカル","2183","東証","○","-","-","0","-","無","0.10","201","-1","-0.49 %","-","56","30,700","-1.95 %","信用","0.00"
"南海化学","4040","東証","○","-","-","100","03/29","有","2.90","4,025","25","-0.49 %","-","19","2,300","-3.70 %","信用","0.00"
"アジアクエスト","4261","東証","○","-","-","100","12/28","有","1.60","3,045","5","-0.49 %","-","14","2,900","-0.49 %","信用","0.00"
"パワーソリューションズ","4450","東証","○","-","-","200","10/28","有","1.40","2,402","-4","-0.49 %","-","55","9,800","-0.70 %","信用","0.00"
"昭和システムエンジニア","4752","東証","○","-","-","4,700","-","無","1.10","1,600","-8","-0.49 %","-","3","400","-0.49 %","信用","0.00"
"ホープ","6195","東証","○","-","-","0","-","無","0.20","202","0","-0.49 %","-","19","5,200","-0.98 %","信用","0.00"
"ハウテレビジョン","7064","東証","○","-","-","0","-","無","0.50","1,014","14","-0.49 %","-","8","1,000","-0.87 %","信用","0.00"
"マーキュリアホールディングス","7347","東証","○","-","-","0","12/28","有","0.50","802","-2","-0.49 %","-","39","7,000","-2.19 %","貸借","0.00"
"ＴＡＢＡＹＡホールディングス","7606","東証","○","-","○","21,000","03/29","有","0.00","2,391","-13","-0.49 %","-","812","195,400","-1.32 %","貸借","0.00"
"日本取引所グループ","8697","東証","○","-","○","102,200","-","無","0.00","2,289.0","-15.0","-0.49 %","-","5,178","2,908,800","-2.03 %","貸借","0.05"
"ＩＦ２２５インバース","1456","東証","○","-","-","718","-","無","2.00","1,180","-28","-0.50 %","-","217","71,737","-4.06 %","貸借","0.00"
"ペッパーフードサービス","3053","東証","○","-","○","0","12/28","有","0.00","198","0","-0.50 %","-","106","104,900","-1.98 %","貸借","0.05"
"ウィル","3241","東証","○","-","-","0","-","無","0.00","592","-3","-0.50 %","-","12","1,900","-1.49 %","貸借","0.00"
"ＧＸＳ＆Ｐ５００ＣＦＴ１００","356A","東証","○","-","-","0","-","無","2.00","1,581","8","-0.50 %","-","14","566","-0.50 %","貸借","0.00"
"ニフティライフスタイル","4262","東証","○","-","-","0","03/29","有","0.00","1,380","-7","-0.50 %","-","15","2,800","-1.63 %","貸借","0.00"
"ツムラ","4540","東証","○","-","○","38,500","03/29","有","0.00","3,707","4","-0.50 %","-","944","306,700","-2.06 %","貸借","0.00"
"中京医薬品","4558","東証","○","-","-","0","-","無","0.20","199","0","-0.50 %","-","18","4,300","-0.50 %","信用","0.00"
"フジマック","5965","東証","○","-","-","0","-","無","0.60","1,193","-6","-0.50 %","-","23","4,300","-0.58 %","信用","0.00"
"リビングプラットフォーム","7091","東証","○","-","-","500","09/28","有","0.90","1,187","-6","-0.50 %","-","33","7,800","-1.57 %","信用","0.00"
"トランザクション","7818","東証","○","-","○","21,400","02/24","有","0.00","1,171","-8","-0.50 %","-","343","90,100","-2.90 %","貸借","0.05"
"総合商研","7850","東証","○","-","-","0","07/28","有","0.10","791","0","-0.50 %","-","3","300","-0.75 %","信用","0.00"
"和心","9271","東証","○","-","-","300","12/28","有","0.80","976","-5","-0.50 %","-","28","7,500","-3.36 %","信用","0.00"
"トラスコ中山","9830","東証","○","-","○","10,800","-","無","0.00","2,363","0","-0.50 %","-","466","101,600","-1.74 %","貸借","0.00"
"ヤマト","1967","東証","○","-","-","0","03/17","有","0.00","2,136","-11","-0.51 %","-","54","10,100","-2.42 %","貸借","0.10"
"ツカダ・グローバルＨＯＬＤ","2418","東証","○","-","-","1,500","12/28","有","0.00","577","-3","-0.51 %","-","166","146,400","-3.35 %","貸借","0.00"
"クオールホールディングス","3034","東証","○","-","○","1,800","03/29","有","0.00","2,338","-17","-0.51 %","-","724","154,300","-2.01 %","貸借","0.00"
"日本リート投資法人","3296","東証","○","-","-","70","-","無","0.00","76,700","-500","-0.51 %","-","1,159","6,932","-3.15 %","貸借","0.00"
"三井不ロジパーク","3471","東証","○","-","-","101","-","無","0.00","96,900","-400","-0.51 %","-","838","9,282","-3.19 %","貸借","0.00"
"投資法人みらい","3476","東証","○","-","○","194","10/28","有","0.00","39,000","-350","-0.51 %","-","825","12,353","-3.70 %","貸借","0.00"
"クロス・マーケティングＧ","3675","東証","○","-","-","300","-","無","0.00","582","1","-0.51 %","-","68","12,800","-1.85 %","貸借","0.00"
"キャリア","6198","東証","○","-","-","0","-","無","0.20","195","-4","-0.51 %","-","4","1,100","-2.98 %","信用","0.00"
"リケンＮＰＲ","6209","東証","○","-","○","23,400","-","無","0.00","3,835","0","-0.51 %","-","187","53,400","-2.78 %","貸借","0.00"
"荏原製作所","6361","東証","○","-","○","0","12/28","有","0.00","4,870","169","-0.51 %","-","7,916","3,022,300","-0.55 %","貸借","0.00"
"カナデビア","7004","東証","○","-","○","51,200","-","無","0.00","1,165","10","-0.51 %","-","1,137","683,400","-1.10 %","貸借","0.00"
"コクヨ","7984","東証","○","-","○","0","12/28","有","0.00","852.8","1.8","-0.51 %","-","2,134","742,100","-2.67 %","貸借","0.00"
"アイビス","9343","東証","○","-","-","300","-","無","0.30","774","-4","-0.51 %","-","112","24,400","-2.27 %","信用","0.00"
"東映","9605","東証","○","-","○","3,400","03/29","有","0.00","5,790","-50","-0.51 %","-","164","62,000","-2.36 %","貸借","0.30"
"ＧＸオフィス・Ｊリート","2096","東証","○","-","-","585","-","無","1.00","940","-12","-0.52 %","-","75","58,447","-4.08 %","貸借","0.00"
"科研製薬","4521","東証","○","-","○","20,200","-","無","0.00","3,755","-20","-0.52 %","-","236","104,700","-2.46 %","貸借","0.00"
"サンバイオ","4592","東証","○","-","-","0","-","無","1.50","944","3","-0.52 %","-","1,093","385,000","-2.88 %","信用","0.00"
"井関農機","6310","東証","○","-","○","1,500","-","無","0.00","1,900","11","-0.52 %","-","510","108,700","-1.29 %","貸借","0.05"
"ＨＰＣシステムズ","6597","東証","○","-","-","1,600","-","無","1.00","3,795","5","-0.52 %","-","441","77,600","-4.76 %","信用","0.00"
"リーガルコーポレーション","7938","東証","○","-","-","0","03/29","有","1.70","2,096","-11","-0.52 %","-","12","3,200","-0.80 %","信用","0.00"
"モスフードサービス","8153","東証","○","-","○","17,300","03/29","有","0.00","3,775","-20","-0.52 %","-","278","89,800","-2.07 %","貸借","0.20"
"日本ＢＳ放送","9414","東証","○","-","-","700","-","無","0.00","948","-2","-0.52 %","-","124","62,200","-1.76 %","貸借","0.00"
"ヤマザワ","9993","東証","○","-","-","200","02/24","有","0.40","1,142","-6","-0.52 %","-","45","8,100","-1.12 %","信用","0.00"
"ＴＡＮＡＫＥＮ","1450","東証","○","-","-","0","-","無","0.50","1,499","-6","-0.53 %","-","11","1,900","-0.53 %","信用","0.00"
"明豊ファシリティワークス","1717","東証","○","-","-","500","-","無","0.10","921","-7","-0.53 %","-","74","22,500","-1.28 %","信用","0.00"
"エストラスト","3280","東証","○","-","-","18,200","-","無","0.00","931","-5","-0.53 %","-","5","1,100","-0.95 %","貸借","0.00"
"テモナ","3985","東証","○","-","-","0","03/29","有","0.20","186","-1","-0.53 %","-","13","5,800","-2.10 %","信用","0.00"
"石原産業","4028","東証","○","-","○","31,400","-","無","0.00","2,809","18","-0.53 %","-","853","171,700","-1.43 %","貸借","0.00"
"コーセーホールディングス","4922","東証","○","-","○","0","12/28","有","0.00","5,363","-22","-0.53 %","-","1,204","294,400","-2.91 %","貸借","0.00"
"オープンワーク","5139","東証","○","-","-","0","12/28","有","0.80","933","2","-0.53 %","-","7","1,400","-1.06 %","信用","0.00"
"ＪＭＣ","5704","東証","○","-","-","300","-","無","0.10","374","-4","-0.53 %","-","22","14,000","-1.57 %","信用","0.00"
"ウチヤマホールディングス","6059","東証","○","-","-","0","03/29","有","0.00","370","-2","-0.53 %","-","30","11,500","-0.80 %","貸借","0.00"
"前澤給装工業","6485","東証","○","-","-","300","03/29","有","0.00","1,659","-9","-0.53 %","-","89","20,300","-1.71 %","貸借","0.05"
"Ｃａｓａ","7196","東証","○","-","-","0","07/28","有","0.60","741","-5","-0.53 %","-","33","7,600","-1.33 %","信用","0.00"
"トピー工業","7231","東証","○","-","○","15,800","03/29","有","0.00","2,999","-16","-0.53 %","-","127","26,100","-2.47 %","貸借","0.05"
"日経平均ベア","1580","東証","○","-","-","0","-","無","0.00","735.5","-17.8","-0.54 %","-","271","217,110","-4.03 %","貸借","0.00"
"ＩＦＴＰＸ高配当４０","1651","東証","○","-","-","172","-","無","0.00","3,260","9","-0.54 %","-","144","16,433","-1.51 %","貸借","0.00"
"東建コーポレーション","1766","東証","○","-","-","300","10/28","有","0.00","12,800","-70","-0.54 %","-","100","20,300","-2.06 %","貸借","0.00"
"コメ兵ＨＬＤＧＳ","2780","東証","○","-","-","1,500","-","無","0.30","4,525","45","-0.54 %","-","233","47,600","-1.63 %","信用","0.00"
"ＭＩＴホールディングス","4016","東証","○","-","-","0","11/26","有","0.90","1,085","0","-0.54 %","-","13","2,800","-1.36 %","信用","0.00"
"有機合成薬品","4531","東証","○","-","-","0","-","無","0.00","365","-3","-0.54 %","-","57","13,000","-1.35 %","貸借","0.00"
"日本製鉄","5401","東証","○","-","○","1,775,500","03/29","有","0.00","639.0","-3.5","-0.54 %","-","12,768","28,622,200","-3.02 %","貸借","0.00"
"高松機械工業","6155","東証","○","-","-","100","-","無","0.10","543","1","-0.54 %","-","10","2,100","-1.09 %","信用","0.00"
"エスユーエス","6554","東証","○","-","-","400","-","無","0.30","1,093","-6","-0.54 %","-","100","25,900","-4.54 %","信用","0.00"
"ＯＳＧコーポレーション","6757","東証","○","-","-","0","-","無","0.90","910","-5","-0.54 %","-","15","3,100","-0.87 %","信用","0.00"
"ＩＨＩ","7013","東証","○","-","○","374,000","-","無","0.00","2,720.0","12.5","-0.54 %","-","18,091","8,104,300","-1.27 %","貸借","0.00"
"梅の花グループ","7604","東証","○","-","-","0","10/28","有","0.40","911","0","-0.54 %","-","30","7,900","-0.97 %","信用","0.00"
"住友商事","8053","東証","○","-","○","925,100","-","無","0.00","1,741.5","13.5","-0.54 %","-","8,720","9,004,800","-0.79 %","貸借","0.00"
"アクシアルリテイリング","8255","東証","○","-","-","2,000","12/28","有","0.00","1,266","-7","-0.54 %","-","423","137,400","-2.61 %","貸借","0.10"
"西日本鉄道","9031","東証","○","-","○","19,400","03/29","有","0.00","2,834.5","5.0","-0.54 %","-","704","185,600","-1.71 %","貸借","0.00"
"サカイ引越センター","9039","東証","○","-","○","9,500","03/29","有","0.00","2,922","-4","-0.54 %","-","489","80,300","-0.88 %","貸借","0.00"
"奥村組","1833","東証","○","-","○","22,800","-","無","0.00","5,330","-30","-0.55 %","-","391","175,000","-2.20 %","貸借","0.00"
"日本リーテック","1938","東証","○","-","○","11,100","-","無","0.20","2,526","-18","-0.55 %","-","289","67,800","-2.28 %","信用","0.00"
"アルバイトタイムス","2341","東証","○","-","-","0","-","無","0.10","179","-1","-0.55 %","-","23","16,400","-1.64 %","信用","0.00"
"ＯＣＨＩホールディングス","3166","東証","○","-","-","0","03/29","有","1.20","1,427","-4","-0.55 %","-","20","2,600","-1.92 %","貸借","0.00"
"アーバネットコーポレーション","3242","東証","○","-","-","0","12/28","有","0.00","535","-4","-0.55 %","-","180","72,800","-1.47 %","貸借","0.05"
"三菱地所物流ＲＥＩＴ","3481","東証","○","-","-","52","-","無","0.00","107,500","-700","-0.55 %","-","724","5,146","-3.15 %","貸借","0.00"
"ケイブ","3760","東証","○","-","-","200","11/26","有","0.10","721","-5","-0.55 %","-","24","5,500","-2.17 %","信用","0.00"
"ＰＲＴＩＭＥＳ","3922","東証","○","-","○","800","02/24","有","0.00","2,131","-13","-0.55 %","-","207","108,500","-2.64 %","貸借","0.00"
"ＩＰＳホールディングス","4335","東証","○","-","-","0","06/28","有","0.60","1,073","3","-0.55 %","-","12","2,100","-0.92 %","信用","0.00"
"ビー・エム・エル","4694","東証","○","-","○","2,300","03/29","有","0.00","3,565","0","-0.55 %","-","237","63,300","-2.46 %","貸借","0.20"
"アイティフォー","4743","東証","○","-","○","33,300","-","無","0.00","1,604","-9","-0.55 %","-","251","70,500","-1.29 %","貸借","0.00"
"栗本鉄工所","5602","東証","○","-","○","48,100","-","無","0.00","1,603","-2","-0.55 %","-","885","226,100","-1.71 %","貸借","0.00"
"エヌアイシ・オートテック","5742","東証","○","-","-","0","-","無","0.00","723","-4","-0.55 %","-","12","1,600","-1.63 %","貸借","0.00"
"楽待","6037","東証","○","-","-","0","-","無","0.00","1,082","13","-0.55 %","-","131","47,800","-1.45 %","貸借","0.00"
"ソシオネクスト","6526","東証","○","-","○","90,100","-","無","0.00","2,257.5","40.5","-0.55 %","-","12,830","5,006,900","-2.18 %","貸借","0.00"
"日東工業","6651","東証","○","-","○","9,500","-","無","0.00","4,470","20","-0.55 %","-","320","85,900","-0.99 %","貸借","0.10"
"エフ・コード","9211","東証","○","-","-","2,100","-","無","0.80","1,437","8","-0.55 %","-","396","69,300","-2.44 %","信用","0.00"
"イエローハット","9882","東証","○","-","○","39,600","03/29","有","0.00","1,624","-22","-0.55 %","-","665","225,700","-3.16 %","貸借","0.00"
"イタミアート","168A","東証","○","-","-","0","-","無","1.10","1,055","-6","-0.56 %","-","5","700","-1.40 %","信用","0.00"
"ＮＮ原油ダブル・ブル","2038","東証","○","-","-","2,575","-","無","2.00","3,178","21","-0.56 %","-","3,488","148,410","-1.67 %","信用","0.00"
"ＮＦＳ＆Ｐ５００ヘッジ有","2634","東証","○","-","-","76","-","無","0.00","3,172","10","-0.56 %","-","44","6,955","-0.56 %","貸借","0.00"
"ＩＦナス１００Ｈ有","2841","東証","○","-","-","807","-","無","2.00","1,762","8","-0.56 %","-","67","58,733","-0.56 %","貸借","0.00"
"クラウディアＨＬＤＧＳ","3607","東証","○","-","-","2,100","08/27","有","0.20","352","-2","-0.56 %","-","23","8,700","-2.76 %","信用","0.00"
"日本触媒","4114","東証","○","-","○","76,700","-","無","0.00","2,550.5","5.5","-0.56 %","-","1,508","597,100","-1.12 %","貸借","0.00"
"ＡＩＩＮＳＩＤＥ","4488","東証","○","-","-","100","-","無","0.70","2,116","30","-0.56 %","-","24","3,400","-1.44 %","信用","0.00"
"ＡＲＥホールディングス","5857","東証","○","-","○","31,800","-","無","0.00","3,515","60","-0.56 %","-","989","415,800","-2.63 %","貸借","0.00"
"東洋シヤツタ－","5936","東証","○","-","-","100","-","無","0.00","882","-1","-0.56 %","-","12","5,000","-1.45 %","貸借","0.00"
"サトー","6287","東証","○","-","○","6,200","-","無","0.00","2,634","10","-0.56 %","-","609","130,400","-2.87 %","貸借","0.00"
"ＦＰＧ","7148","東証","○","-","-","8,300","-","無","0.00","1,590","-15","-0.56 %","-","1,365","819,500","-3.04 %","貸借","0.05"
"オンワ－ドホールディングス","8016","東証","○","-","○","85,200","02/24","有","0.00","698","-4","-0.56 %","-","729","703,600","-2.24 %","貸借","0.00"
"Ｋ＆Ｏエナジーグループ","1663","東証","○","-","○","0","12/28","有","0.00","1,890","-4","-0.57 %","-","785","188,900","-1.30 %","貸借","0.00"
"高砂熱学","1969","東証","○","-","○","14,900","-","無","0.00","4,652","-9","-0.57 %","-","1,778","420,800","-1.89 %","貸借","0.00"
"ヒューリックリート投資法","3295","東証","○","-","-","40","-","無","0.00","139,400","-1,400","-0.57 %","-","750","3,484","-3.39 %","貸借","0.00"
"スカラ","4845","東証","○","-","○","14,900","-","無","0.00","343","4","-0.57 %","-","124","121,800","-1.71 %","貸借","0.00"
"上場リート高利３０","608A","東証","○","-","-","318","-","無","1.00","1,395","-7","-0.57 %","-","117","15,875","-3.05 %","信用","0.00"
"トリニテイ工業","6382","東証","○","-","-","600","-","無","0.10","1,207","-3","-0.57 %","-","106","28,400","-3.05 %","信用","0.00"
"芝浦メカトロニクス","6590","東証","○","-","○","24,900","-","無","0.00","4,305","45","-0.57 %","-","2,304","1,062,700","-1.82 %","貸借","0.00"
"日本トリム","6788","東証","○","-","○","2,000","03/29","有","0.00","5,220","10","-0.57 %","-","50","8,500","-2.24 %","貸借","0.30"
"日本アイ・エス・ケイ","7986","東証","○","-","-","0","-","無","1.00","1,899","-4","-0.57 %","-","4","400","-1.19 %","信用","0.00"
"フオーバル","8275","東証","○","-","○","3,500","09/28","有","0.00","1,033","-10","-0.57 %","-","173","30,700","-3.63 %","貸借","0.05"
"スルガ銀行","8358","東証","○","-","○","23,800","-","無","0.00","2,919","-17","-0.57 %","-","3,510","1,344,800","-3.66 %","貸借","0.00"
"カチタス","8919","東証","○","-","○","6,000","-","無","0.00","3,430","40","-0.57 %","-","374","179,500","-2.00 %","貸借","0.20"
"スペース","9622","東証","○","-","○","16,300","-","無","0.00","1,390","-8","-0.57 %","-","153","75,600","-2.25 %","貸借","0.00"
"大本組","1793","東証","○","-","-","0","03/29","有","1.10","2,037","-18","-0.58 %","-","15","5,200","-3.86 %","信用","0.00"
"四電工","1939","東証","○","-","○","29,000","-","無","0.00","2,225","-8","-0.58 %","-","665","132,800","-3.88 %","貸借","0.00"
"極楽湯ホールディングス","2340","東証","○","-","-","300","03/29","有","0.90","508","-2","-0.58 %","-","74","34,200","-1.55 %","信用","0.00"
"ＮＺＡＭＪ－ＲＥＩＴコアＩＤＸ","2527","東証","○","-","-","0","-","無","1.00","1,024","-10","-0.58 %","-","16","25,115","-4.65 %","貸借","0.00"
"ＧＸＥコマース日株ＥＴＦ","2627","東証","○","-","-","250","-","無","0.00","1,541","-8","-0.58 %","-","2","2","-0.83 %","貸借","0.00"
"ジョイフル本田","3191","東証","○","-","-","1,900","12/16","有","0.00","2,221","-15","-0.58 %","-","503","183,800","-2.20 %","貸借","0.10"
"ビジュアル・プロセッシンク","334A","東証","○","-","-","0","-","無","1.40","1,190","-20","-0.58 %","-","28","6,200","-2.21 %","信用","0.00"
"駅探","3646","東証","○","-","-","0","03/29","有","0.20","340","-2","-0.58 %","-","7","1,800","-1.44 %","信用","0.00"
"ウェルネス・コミュニケーションス","366A","東証","○","-","-","700","-","無","1.10","1,183","23","-0.58 %","-","107","22,300","-1.58 %","信用","0.00"
"データ・アプリケーション","3848","東証","○","-","-","100","03/29","有","0.00","849","-4","-0.58 %","-","10","1,400","-5.45 %","貸借","0.00"
"高圧ガス","4097","東証","○","-","○","5,300","-","無","0.00","1,183","11","-0.58 %","-","170","44,200","-1.66 %","貸借","0.00"
"理想科学工業","6413","東証","○","-","○","3,000","-","無","0.00","1,024","5","-0.58 %","-","265","70,800","-2.38 %","貸借","0.05"
"小野建","7414","東証","○","-","○","2,100","-","無","0.00","1,367","-12","-0.58 %","-","201","55,400","-2.42 %","貸借","0.00"
"信金中金優先出資","8421","東証","○","-","-","3","03/29","有","162.00","187,600","-1,100","-0.58 %","-","117","280","-1.15 %","貸借","0.00"
"イー・ギャランティ","8771","東証","○","-","○","43,900","-","無","0.00","1,709","0","-0.58 %","-","576","155,200","-2.28 %","貸借","0.00"
"オートバックスセブン","9832","東証","○","-","○","80,900","03/29","有","0.00","1,521","-12","-0.58 %","-","439","193,300","-2.62 %","貸借","0.00"
"ＲＯＢＯＴＨＯＭＥ","1435","東証","○","-","○","27,100","-","無","0.10","167","0","-0.59 %","-","148","289,000","-5.11 %","信用","0.00"
"テクノアルファ","3089","東証","○","-","-","100","-","無","0.00","1,004","-6","-0.59 %","-","32","9,900","-1.56 %","貸借","0.00"
"日創グループ","3440","東証","○","-","-","0","-","無","0.10","837","-4","-0.59 %","-","58","17,900","-3.79 %","信用","0.00"
"フォーシーズＨＤ","3726","東証","○","-","-","300","12/28","有","0.40","335","-1","-0.59 %","-","32","10,700","-2.04 %","信用","0.00"
"Ａｉｍｉｎｇ","3911","東証","○","-","-","3,000","-","無","0.10","167","0","-0.59 %","-","125","49,700","-3.46 %","信用","0.00"
"ハーモニック・ドライブ・シス","6324","東証","○","-","○","16,100","-","無","0.00","6,660","90","-0.59 %","-","1,617","716,900","-1.62 %","貸借","0.00"
"レオパレス２１","8848","東証","○","-","○","15,200","-","無","0.00","1,005","-8","-0.59 %","-","2,152","4,865,000","-1.75 %","貸借","0.00"
"オールアバウト","2454","東証","○","-","-","300","03/29","有","0.30","328","-2","-0.60 %","-","11","4,000","-1.79 %","信用","0.00"
"ＮＦＳ＆Ｐ５００ヘッジ無","2633","東証","○","-","-","1,490","-","無","0.50","560.7","1.6","-0.60 %","-","103","126,080","-0.76 %","貸借","0.00"
"石光商事","2750","東証","○","-","-","100","03/29","有","1.00","1,305","-8","-0.60 %","-","24","5,100","-2.24 %","貸借","0.00"
"ユナイテッド＆コレクティブ","3557","東証","○","-","-","0","02/24","有","0.60","497","-3","-0.60 %","-","47","12,500","-0.99 %","信用","0.00"
"システムインテグレータ","3826","東証","○","-","-","0","02/24","有","0.00","492","-2","-0.60 %","-","24","6,900","-0.80 %","貸借","0.00"
"中越パルプ","3877","東証","○","-","-","0","-","無","0.00","2,126","-17","-0.60 %","-","150","44,200","-3.36 %","貸借","0.00"
"京都機械工具","5966","東証","○","-","-","1,300","-","無","0.20","2,771","11","-0.60 %","-","3","400","-1.42 %","信用","0.00"
"インソース","6200","東証","○","-","○","67,600","-","無","0.00","660","-10","-0.60 %","-","686","670,200","-1.93 %","貸借","0.00"
"明治機械","6334","東証","○","-","-","100","-","無","0.40","497","2","-0.60 %","-","19","3,600","-0.60 %","信用","0.00"
"三共生興","8018","東証","○","-","○","7,800","03/29","有","0.00","822","-11","-0.60 %","-","192","41,600","-2.60 %","貸借","0.00"
"芙蓉総合リース","8424","東証","○","-","○","28,800","03/29","有","0.00","4,266","-24","-0.60 %","-","805","227,400","-4.45 %","貸借","0.00"
"エスリード","8877","東証","○","-","○","6,700","03/29","有","0.00","4,920","-20","-0.60 %","-","260","55,500","-4.65 %","貸借","0.00"
"東日本旅客鉄道","9020","東証","○","-","○","168,700","03/29","有","0.00","3,300.0","4.0","-0.60 %","-","3,365","2,414,200","-1.49 %","貸借","0.00"
"東邦瓦斯","9533","東証","○","-","○","24,100","03/29","有","0.00","1,240.0","-10.0","-0.60 %","-","1,020","490,300","-1.23 %","貸借","0.05"
"船井総研ホールディン","9757","東証","○","-","-","2,900","12/28","有","0.00","1,158","-7","-0.60 %","-","547","287,100","-1.53 %","貸借","0.00"
"ＯＮＥＪＰＸ日経中小型","1493","東証","○","-","-","0","-","無","0.00","25,835","85","-0.61 %","-","5","20","-0.78 %","貸借","0.00"
"鳥越製粉","2009","東証","○","-","-","600","12/28","有","3.10","1,125","-3","-0.61 %","-","69","27,600","-0.61 %","信用","0.00"
"キッズスター","248A","東証","○","-","-","0","-","無","0.40","808","1","-0.61 %","-","4","400","-0.61 %","信用","0.00"
"ＭＸ米債７－１０へ無","2838","東証","○","-","-","0","-","無","7.00","8,338","-91","-0.61 %","-","12","245","-1.07 %","貸借","0.00"
"アイリッジ","3917","東証","○","-","-","0","-","無","0.00","485","-6","-0.61 %","-","36","6,600","-2.80 %","貸借","0.00"
"イノベーション","3970","東証","○","-","-","200","-","無","0.80","806","-5","-0.61 %","-","10","1,600","-2.89 %","信用","0.00"
"ダイト","4577","東証","○","-","○","4,400","11/26","有","0.00","1,301","-8","-0.61 %","-","243","60,700","-1.73 %","貸借","0.00"
"高見澤","5283","東証","○","-","-","2,000","06/28","有","3.70","3,210","-20","-0.61 %","-","4","500","-0.92 %","信用","0.00"
"テレビ東京ＨＤ","9413","東証","○","-","○","7,600","03/29","有","0.00","3,210","-40","-0.61 %","-","255","90,800","-2.72 %","貸借","0.00"
"西部ガスＨＬＤＧＳ","9536","東証","○","-","○","8,900","03/29","有","0.00","2,417","-8","-0.61 %","-","341","87,800","-3.47 %","貸借","0.05"
"ベルク","9974","東証","○","-","○","2,900","02/24","有","0.00","6,500","-40","-0.61 %","-","104","21,000","-2.98 %","貸借","0.00"
"関電工","1942","東証","○","-","○","20,700","-","無","0.00","5,522","6","-0.62 %","-","2,415","731,800","-2.14 %","貸借","0.00"
"ヒューマンホールディングス","2415","東証","○","-","-","200","-","無","1.40","1,600","-1","-0.62 %","-","7","800","-1.23 %","信用","0.00"
"ＮＦ新興国債券ヘ無","2519","東証","○","-","-","0","-","無","1.10","1,114.0","-3.5","-0.62 %","-","29","1,970","-3.13 %","貸借","0.00"
"ＩＦナス１００ダブル","2869","東証","○","-","-","3,139","-","無","2.00","3,162","44","-0.62 %","-","767","313,903","-1.09 %","貸借","0.00"
"セイヒョー","2872","東証","○","-","-","0","08/27","有","0.90","1,903","0","-0.62 %","-","3","300","-0.78 %","信用","0.00"
"ＧＬＰ投資法人","3281","東証","○","-","-","140","-","無","0.00","128,100","-600","-0.62 %","-","1,214","10,001","-2.73 %","貸借","0.00"
"トヨコー","341A","東証","○","-","-","400","-","無","2.50","2,077","-20","-0.62 %","-","210","38,700","-8.50 %","貸借","0.00"
"ＭＸＳＳＰ５００均等","383A","東証","○","-","-","15","-","無","4.00","2,528","8","-0.62 %","-","15","1,016","-0.62 %","貸借","0.00"
"神島化学","4026","東証","○","-","-","400","-","無","0.00","1,591","-9","-0.62 %","-","150","35,800","-1.18 %","貸借","0.00"
"ピー・ビーシステムズ","4447","東証","○","-","-","0","09/28","有","0.40","475","-4","-0.62 %","-","14","7,300","-4.23 %","貸借","0.00"
"ベース","4481","東証","○","-","-","0","-","無","0.00","3,155","-20","-0.62 %","-","212","65,100","-2.32 %","貸借","0.00"
"三協立山","5932","東証","○","-","○","15,700","-","無","0.00","632","-13","-0.62 %","-","419","255,000","-3.21 %","貸借","0.00"
"ミトラグループ","6093","東証","○","-","-","100","-","無","0.00","160","-1","-0.62 %","-","46","87,200","-1.84 %","貸借","0.00"
"アディッシュ","7093","東証","○","-","-","200","-","無","0.40","632","17","-0.62 %","-","18","2,600","-1.25 %","信用","0.00"
"みずほリース","8425","東証","○","-","○","90,400","-","無","0.00","1,282","-5","-0.62 %","-","1,287","765,500","-3.68 %","貸借","0.00"
"三井不動産","8801","東証","○","-","○","226,000","03/29","有","0.00","1,420.0","-6.0","-0.62 %","-","5,674","8,428,600","-3.72 %","貸借","0.05"
"京都ホテル","9723","東証","○","-","-","0","03/29","有","0.20","633","-6","-0.62 %","-","7","800","-0.93 %","信用","0.00"
"住友林業","1911","東証","○","-","○","370,400","-","無","0.00","1,177.5","-3.0","-0.63 %","-","4,026","3,672,300","-2.40 %","貸借","0.00"
"ＩＦインドＮＩＦＴＹ５０","233A","東証","○","-","-","0","-","無","0.00","1,720","-7","-0.63 %","-","113","15,868","-0.97 %","貸借","0.00"
"三井不動産アコモデー","3226","東証","○","-","-","70","-","無","0.00","110,100","-800","-0.63 %","-","1,231","5,553","-3.50 %","貸借","0.00"
"テルマー湯ホールディングス","3521","東証","○","-","-","0","03/29","有","0.00","157","0","-0.63 %","-","15","9,000","-1.25 %","貸借","0.00"
"クレハ","4023","東証","○","-","-","3,300","-","無","0.00","3,930","-10","-0.63 %","-","732","272,800","-3.32 %","貸借","0.00"
"セルソース","4880","東証","○","-","-","700","-","無","0.40","312","-2","-0.63 %","-","85","26,300","-2.80 %","貸借","0.05"
"セレコーポレーション","5078","東証","○","-","-","400","-","無","3.40","4,665","-30","-0.63 %","-","5","500","-0.63 %","信用","0.00"
"システムエグゼ","548A","東証","○","-","-","0","-","無","1.20","933","-5","-0.63 %","-","65","14,300","-1.99 %","信用","0.00"
"ＡＢＥＪＡ","5574","東証","○","-","-","1,700","-","無","7.90","3,130","-5","-0.63 %","-","350","75,000","-1.72 %","信用","0.00"
"兼房","5984","東証","○","-","-","100","-","無","0.40","780","0","-0.63 %","-","12","3,000","-0.88 %","信用","0.00"
"ユニバーサル園芸社","6061","東証","○","-","-","100","12/28","有","2.60","3,130","-25","-0.63 %","-","15","1,700","-1.88 %","信用","0.00"
"アトム","7412","東証","○","-","-","9,600","03/29","有","0.50","313","-3","-0.63 %","-","803","913,100","-6.00 %","貸借","0.05"
"日神グループＨＬＤＧＳ","8881","東証","○","-","○","37,600","03/29","有","0.00","630","-4","-0.63 %","-","276","130,900","-3.07 %","貸借","0.00"
"エリアクエスト","8912","東証","○","-","-","0","06/28","有","0.20","156","-1","-0.63 %","-","18","33,600","-1.26 %","貸借","0.00"
"平和不動産リート","8966","東証","○","-","-","92","-","無","0.00","124,500","-1,300","-0.63 %","-","1,069","9,168","-3.86 %","貸借","0.00"
"上組","9364","東証","○","-","○","11,300","-","無","0.00","4,690","-13","-0.63 %","-","796","270,300","-1.59 %","貸借","0.00"
"ＭＸＳ４００","1593","東証","○","-","-","27","-","無","24.00","38,520","430","-0.64 %","-","27","849","-0.64 %","貸借","0.00"
"熊谷組","1861","東証","○","-","○","37,500","-","無","0.00","1,235","-8","-0.64 %","-","1,072","755,400","-2.90 %","貸借","0.00"
"フジッコ","2908","東証","○","-","-","0","03/29","有","0.00","1,534","-11","-0.64 %","-","216","59,700","-2.91 %","貸借","0.05"
"ケイアイスター不動産","3465","東証","○","-","○","29,600","03/29","有","0.00","3,095","-10","-0.64 %","-","322","109,600","-1.58 %","貸借","0.00"
"ＩＦ米国債３５Ｈ有","382A","東証","○","-","-","0","-","無","2.00","1,858","-1","-0.64 %","-","2","8","-0.64 %","貸借","0.00"
"クラスターテクノロジー","4240","東証","○","-","-","100","-","無","0.10","306","0","-0.64 %","-","13","3,200","-0.64 %","信用","0.00"
"ＪＦＥホールディングス","5411","東証","○","-","○","461,800","03/29","有","0.00","1,704.0","-7.0","-0.64 %","-","6,147","5,187,600","-2.87 %","貸借","0.00"
"ＹＵＴＯＲＩ","5892","東証","○","-","-","1,800","-","無","3.30","2,932","13","-0.64 %","-","625","92,700","-3.71 %","信用","0.00"
"ダイコク電機","6430","東証","○","-","-","600","03/29","有","0.00","2,306","-28","-0.64 %","-","243","58,000","-3.71 %","貸借","0.00"
"キュービーネットＨＬＤＧＳ","6571","東証","○","-","-","500","12/28","有","0.10","1,241","-4","-0.64 %","-","201","60,300","-2.89 %","信用","0.00"
"アドヴァングループ","7463","東証","○","-","○","15,500","03/29","有","0.00","929","4","-0.64 %","-","74","18,300","-3.73 %","貸借","0.00"
"富山銀行","8365","東証","○","-","-","100","03/29","有","2.10","2,325","-25","-0.64 %","-","24","5,600","-4.24 %","貸借","0.00"
"ＮＮＮＹダウブルＥＴＮ","2040","東証","○","-","-","18","-","無","10.00","36,550","80","-0.65 %","-","74","704","-0.65 %","信用","0.00"
"ＧＸゲームアニメ日株ＥＴＦ","2640","東証","○","-","-","0","-","無","5.00","4,260","-20","-0.65 %","-","147","6,317","-1.45 %","貸借","0.00"
"ＤＡＸヘッジ有","2860","東証","○","-","-","0","-","無","5.00","3,169","14","-0.65 %","-","8","302","-2.19 %","貸借","0.00"
"レンゴー","3941","東証","○","-","○","55,800","-","無","0.00","1,510.0","-1.0","-0.65 %","-","2,170","938,300","-0.78 %","貸借","0.00"
"ＡＮＹＣＯＬＯＲ","5032","東証","○","-","-","4,200","-","無","0.00","3,045","-20","-0.65 %","-","745","366,100","-2.40 %","貸借","0.00"
"ＡＲアドバンストテクノロジ","5578","東証","○","-","-","400","02/24","有","0.50","909","9","-0.65 %","-","100","17,900","-2.04 %","信用","0.00"
"クロスフォー","7810","東証","○","-","-","0","07/28","有","0.20","151","-1","-0.65 %","-","55","46,500","-2.58 %","貸借","0.00"
"ＤＭ三井製糖","2109","東証","○","-","○","15,300","03/29","有","0.00","3,745","-25","-0.66 %","-","318","81,900","-3.72 %","貸借","0.05"
"セリア","2782","東証","○","-","-","2,900","-","無","0.00","4,470","-5","-0.66 %","-","609","242,500","-3.35 %","貸借","0.00"
"Ｃｏｍｉｎｉｘ","3173","東証","○","-","-","0","03/29","有","0.80","1,494","-8","-0.66 %","-","24","3,500","-0.73 %","信用","0.00"
"フージャースＨＤ","3284","東証","○","-","○","37,600","-","無","0.00","1,192","-10","-0.66 %","-","550","261,100","-3.16 %","貸借","0.00"
"アズマハウス","3293","東証","○","-","-","400","-","無","0.10","746","-5","-0.66 %","-","25","19,800","-1.32 %","信用","0.00"
"デリカフーズＨＬＤＧＳ","3392","東証","○","-","-","900","03/29","有","0.50","751","-2","-0.66 %","-","67","17,000","-0.66 %","信用","0.00"
"ウェルス・マネジメント","3772","東証","○","-","-","0","12/28","有","0.70","1,053","-3","-0.66 %","-","92","31,200","-1.95 %","信用","0.00"
"セントラル硝子","4044","東証","○","-","○","7,200","-","無","0.00","4,505","15","-0.66 %","-","275","62,200","-1.85 %","貸借","0.00"
"日本プラスト","7291","東証","○","-","-","200","-","無","0.00","448","0","-0.66 %","-","28","11,800","-2.60 %","貸借","0.00"
"新家工業","7305","東証","○","-","-","100","-","無","0.00","2,673","-18","-0.66 %","-","100","21,300","-3.25 %","貸借","0.00"
"ＴＷＯＳＴＯＮＥ＆ＳＯＮＳ","7352","東証","○","-","-","4,100","02/24","有","0.80","300","-3","-0.66 %","-","246","204,900","-4.15 %","信用","0.00"
"リンテック","7966","東証","○","-","○","5,600","-","無","0.00","5,940","50","-0.66 %","-","986","588,100","-1.00 %","貸借","0.35"
"福岡リート","8968","東証","○","-","-","16","-","無","0.00","165,100","-1,100","-0.66 %","-","474","1,279","-3.05 %","貸借","0.00"
"ファイバーゲート","9450","東証","○","-","○","9,100","-","無","0.00","746","-4","-0.66 %","-","145","32,600","-3.74 %","貸借","0.00"
"日本プロセス","9651","東証","○","-","-","300","-","無","0.00","1,929","-25","-0.66 %","-","98","17,400","-2.32 %","貸借","0.00"
"アイネス","9742","東証","○","-","○","2,600","-","無","0.00","2,252","-28","-0.66 %","-","128","24,900","-2.29 %","貸借","0.10"
"日経平均ベア２倍","1360","東証","○","-","-","1,132,550","-","無","0.00","58.9","-2.8","-0.67 %","-","2,591","113,254,280","-8.25 %","貸借","0.00"
"ホクリヨウ","1384","東証","○","-","-","300","03/29","有","0.60","2,062","-28","-0.67 %","-","33","6,400","-3.91 %","信用","0.00"
"ＮＦ原油先物","1699","東証","○","-","-","0","-","無","0.00","704.1","-5.5","-0.67 %","-","177","159,590","-1.79 %","貸借","5.00"
"東急建設","1720","東証","○","-","○","40,300","-","無","0.00","1,182","-5","-0.67 %","-","976","493,100","-1.74 %","貸借","0.00"
"オリエンタルコンサルタンツＨＤ","2498","東証","○","-","-","400","12/28","有","2.20","2,963","-20","-0.67 %","-","43","8,300","-1.72 %","信用","0.00"
"東海道リート投資法","2989","東証","○","-","-","117","-","無","4.00","87,900","-600","-0.67 %","-","557","5,824","-3.30 %","信用","0.00"
"ハブ","3030","東証","○","-","-","0","02/24","有","0.50","885","-6","-0.67 %","-","55","9,800","-0.89 %","信用","0.00"
"Ｈａｍｅｅ","3134","東証","○","-","○","0","10/28","有","0.20","296","-1","-0.67 %","-","66","30,000","-2.63 %","貸借","0.05"
"森ヒルズリート","3234","東証","○","-","-","52","-","無","0.00","117,600","-700","-0.67 %","-","740","5,177","-2.72 %","貸借","0.00"
"データホライゾン","3628","東証","○","-","-","200","-","無","0.20","731","9","-0.67 %","-","21","3,600","-1.08 %","信用","0.00"
"ハビックス","3895","東証","○","-","-","500","-","無","0.10","439","5","-0.67 %","-","24","6,200","-0.90 %","信用","0.00"
"上村工業","4966","東証","○","-","○","1,400","-","無","0.80","21,980","620","-0.67 %","-","316","54,600","-0.67 %","信用","0.00"
"不二サッシ","5940","東証","○","-","-","800","-","無","0.40","737","-3","-0.67 %","-","70","24,300","-2.25 %","信用","0.00"
"東海東京ＨＤ","8616","東証","○","-","○","87,300","03/29","有","0.00","889","-3","-0.67 %","-","1,636","1,776,300","-1.98 %","貸借","0.00"
"ＮＦ金融Ｔ１７","1632","東証","○","-","-","50","-","無","40.00","42,310","410","-0.68 %","-","107","5,016","-2.03 %","貸借","0.00"
"ＮＮ原油ベアＥＴＮ","2039","東証","○","-","-","8,423","-","無","1.00","437","-4","-0.68 %","-","484","353,298","-4.16 %","信用","0.00"
"ＮＺＡＭカーボン","2567","東証","○","-","-","0","-","無","0.60","551.2","0.0","-0.68 %","-","2","50","-0.68 %","貸借","0.50"
"サーラコーポレーション","2734","東証","○","-","○","25,000","11/26","有","0.00","1,168","-8","-0.68 %","-","410","113,200","-3.23 %","貸借","0.00"
"大光","3160","東証","○","-","-","0","11/26","有","0.40","577","-3","-0.68 %","-","23","6,600","-1.36 %","貸借","0.05"
"クロスプラス","3320","東証","○","-","-","0","01/27","有","0.00","1,296","-5","-0.68 %","-","30","5,000","-1.59 %","貸借","0.00"
"ジャノメ","6445","東証","○","-","○","13,000","-","無","0.00","1,314","-6","-0.68 %","-","163","34,600","-4.57 %","貸借","0.00"
"ダブル・スコープ","6619","東証","○","-","-","17,700","-","無","0.00","145","3","-0.68 %","-","176","1,518,700","-1.36 %","貸借","0.00"
"グローバルスタイル","7126","東証","○","-","-","0","07/28","有","0.30","1,450","-8","-0.68 %","-","9","1,800","-0.88 %","信用","0.00"
"南陽","7417","東証","○","-","-","100","03/29","有","0.00","1,744","-22","-0.68 %","-","44","8,100","-6.78 %","貸借","0.00"
"オータケ","7434","東証","○","-","-","100","05/27","有","1.70","1,748","-22","-0.68 %","-","18","2,200","-1.24 %","信用","0.00"
"ＤＡＩＫＯＸＴＥＣＨ","8023","東証","○","-","-","200","03/29","有","0.00","1,016","3","-0.68 %","-","36","4,300","-1.16 %","貸借","0.00"
"スタンダドＴＯＰ２０","1551","東証","○","-","-","310","-","無","0.00","7,139","-11","-0.69 %","-","5","110","-2.32 %","貸借","0.00"
"ＳＴＯＸＸヘッジ有","2859","東証","○","-","-","29","-","無","0.00","3,142","17","-0.69 %","-","7","2,839","-1.16 %","貸借","0.00"
"ＩＳＳ＆Ｐ５００Ｔ２０","313A","東証","○","-","-","2,220","-","無","0.00","272.8","0.5","-0.69 %","-","62","221,810","-0.83 %","貸借","0.00"
"王子ホールディングス","3861","東証","○","-","○","366,600","03/29","有","0.00","828.1","-7.3","-0.69 %","-","7,394","4,094,800","-2.45 %","貸借","0.00"
"ネットスターズ","5590","東証","○","-","-","700","12/28","有","0.00","719","2","-0.69 %","-","252","67,100","-1.50 %","貸借","0.00"
"コーナン商事","7516","東証","○","-","○","7,200","02/24","有","0.00","4,310","0","-0.69 %","-","288","75,700","-1.93 %","貸借","0.00"
"ワタミ","7522","東証","○","-","○","2,000","03/29","有","0.00","859","-8","-0.69 %","-","446","210,000","-2.05 %","貸借","0.00"
"エフピコ","7947","東証","○","-","○","10,400","-","無","0.00","2,729","-39","-0.69 %","-","824","200,900","-2.22 %","貸借","0.00"
"ＯＵＧホールディングス","8041","東証","○","-","-","100","03/29","有","3.80","4,260","-15","-0.69 %","-","34","5,500","-2.40 %","貸借","0.00"
"水戸証券","8622","東証","○","-","○","36,700","03/29","有","0.00","855","-10","-0.69 %","-","1,037","530,100","-5.73 %","貸借","0.00"
"丸全昭和運輸","9068","東証","○","-","○","2,100","-","無","0.00","3,555","15","-0.69 %","-","245","69,500","-1.25 %","貸借","0.05"
"日本電計","9908","東証","○","-","-","200","-","無","1.80","2,861","-20","-0.69 %","-","46","6,800","-3.67 %","信用","0.00"
"オープンアップグループ","2154","東証","○","-","○","45,800","-","無","0.00","1,966","-29","-0.70 %","-","598","195,000","-2.67 %","貸借","0.00"
"上場Ｓ＆Ｐレバ２倍","2239","東証","○","-","-","18","-","無","0.00","26,720","-195","-0.70 %","-","42","1,765","-1.03 %","貸借","0.00"
"アドウェイズ","2489","東証","○","-","○","0","12/28","有","0.00","423","-1","-0.70 %","-","222","132,000","-2.75 %","貸借","0.00"
"チェンジホールディングス","3962","東証","○","-","○","0","12/28","有","0.70","993","-3","-0.70 %","-","431","166,100","-2.16 %","貸借","0.00"
"アテクト","4241","東証","○","-","-","0","-","無","0.30","708","-5","-0.70 %","-","26","6,100","-3.27 %","信用","0.00"
"サーバーワークス","4434","東証","○","-","○","4,200","-","無","0.00","2,383","-13","-0.70 %","-","201","34,100","-2.97 %","貸借","0.00"
"ＤＯＷＡホールディングス","5714","東証","○","-","○","14,900","-","無","0.00","8,729","26","-0.70 %","-","1,671","332,200","-3.35 %","貸借","0.00"
"ウィルグループ","6089","東証","○","-","○","4,800","03/29","有","0.00","1,122","-13","-0.70 %","-","130","34,700","-3.35 %","貸借","0.05"
"ホシデン","6804","東証","○","-","○","17,700","-","無","0.00","2,388","12","-0.70 %","-","1,188","322,100","-2.88 %","貸借","0.00"
"アルファパーチェス","7115","東証","○","-","-","100","-","無","1.10","1,410","-17","-0.70 %","-","32","5,000","-4.40 %","信用","0.00"
"ミアヘルサホールディングス","7129","東証","○","-","-","0","03/29","有","3.30","1,122","-7","-0.70 %","-","17","2,600","-0.70 %","信用","0.00"
"イオン北海道","7512","東証","○","-","-","600","02/24","有","0.00","844","-9","-0.70 %","-","264","101,200","-2.08 %","貸借","0.05"
"ニチハ","7943","東証","○","-","○","4,000","-","無","0.00","2,798","1","-0.70 %","-","286","53,300","-3.58 %","貸借","0.00"
"あかつき本社","8737","東証","○","-","-","2,100","-","無","0.20","567","-7","-0.70 %","-","122","101,100","-4.54 %","信用","0.00"
"大丸エナウィン","9818","東証","○","-","-","5,400","03/29","有","1.70","1,550","-1","-0.70 %","-","2","200","-0.70 %","貸借","0.00"
"大末建設","1814","東証","○","-","-","0","-","無","0.00","3,465","-10","-0.71 %","-","214","49,500","-3.21 %","貸借","0.00"
"ＩＳ米国債２５ヘッジ有","238A","東証","○","-","-","9,200","-","無","0.00","111.1","0.2","-0.71 %","-","168","605,480","-0.71 %","貸借","0.00"
"ＹＫＴ","2693","東証","○","-","-","0","-","無","0.10","277","-2","-0.71 %","-","40","15,000","-5.13 %","信用","0.00"
"ＩＧポート","3791","東証","○","-","-","0","-","無","0.00","1,113","-7","-0.71 %","-","161","34,700","-1.67 %","貸借","0.10"
"パーク２４","4666","東証","○","-","○","2,100","10/28","有","0.00","1,739.5","-31.5","-0.71 %","-","7,038","3,863,200","-9.61 %","貸借","0.00"
"日本製鋼所","5631","東証","○","-","○","18,100","-","無","0.00","7,248","66","-0.71 %","-","3,313","718,300","-1.56 %","貸借","0.00"
"中国工業","5974","東証","○","-","-","3,700","-","無","0.00","836","-6","-0.71 %","-","6","1,300","-1.18 %","貸借","0.00"
"フレアス","7062","東証","○","-","-","0","-","無","0.30","693","1","-0.71 %","-","4","1,300","-1.28 %","信用","0.00"
"前田工繊","7821","東証","○","-","○","5,600","-","無","0.00","1,931","-9","-0.71 %","-","623","158,200","-1.42 %","貸借","0.00"
"トマト銀行","8542","東証","○","-","-","500","03/29","有","0.00","1,954","-8","-0.71 %","-","130","22,200","-2.30 %","貸借","0.00"
"ライズ・コンサルティング・ク","9168","東証","○","-","-","0","-","無","0.30","417","-3","-0.71 %","-","128","72,800","-2.79 %","信用","0.00"
"ナガセ","9733","東証","○","-","-","400","-","無","1.90","2,216","-19","-0.71 %","-","93","14,900","-3.01 %","信用","0.00"
"アップルインターナショナル","2788","東証","○","-","-","900","-","無","0.10","410","8","-0.72 %","-","73","48,800","-1.67 %","信用","0.00"
"三ツ知","3439","東証","○","-","-","100","-","無","0.20","685","1","-0.72 %","-","6","1,100","-0.72 %","信用","0.00"
"ドリコム","3793","東証","○","-","-","700","-","無","0.60","549","-5","-0.72 %","-","151","54,400","-1.78 %","貸借","0.00"
"ＫＶＫ","6484","東証","○","-","-","0","03/29","有","1.30","2,200","-15","-0.72 %","-","12","1,600","-2.00 %","信用","0.00"
"東洋テック","9686","東証","○","-","-","300","03/29","有","1.00","1,644","-16","-0.72 %","-","48","12,800","-1.49 %","信用","0.00"
"構造計画研究所ＨＤ","208A","東証","○","-","-","0","-","無","0.70","2,829","-7","-0.73 %","-","29","4,200","-1.97 %","信用","0.00"
"亀田製菓","2220","東証","○","-","○","22,300","09/28","有","0.00","1,211","-10","-0.73 %","-","482","163,000","-4.34 %","貸借","0.00"
"エニグモ","3665","東証","○","-","-","0","01/27","有","0.00","403","-3","-0.73 %","-","202","143,400","-3.35 %","貸借","0.00"
"関西ペイント","4613","東証","○","-","○","15,200","-","無","0.00","2,771.5","11.0","-0.73 %","-","2,656","829,300","-1.82 %","貸借","0.00"
"ＳＤエンターテイメント","4650","東証","○","-","-","0","03/29","有","0.30","270","-2","-0.73 %","-","8","1,700","-0.73 %","信用","0.00"
"アライドテレシスＨＬＤＧＳ","6835","東証","○","-","-","3,900","12/28","有","0.10","269","-3","-0.73 %","-","250","194,500","-1.82 %","信用","0.00"
"ｉｓｐａｃｅ","9348","東証","○","-","-","13,300","03/29","有","1.70","403","1","-0.73 %","-","486","663,600","-2.42 %","信用","0.00"
"トレーディア","9365","東証","○","-","-","1,400","-","無","0.40","1,613","0","-0.73 %","-","4","500","-1.64 %","信用","0.00"
"エヌジェイホールディングス","9421","東証","○","-","-","0","06/28","有","0.30","540","-6","-0.73 %","-","15","3,300","-1.45 %","信用","0.00"
"吉野家ホールディングス","9861","東証","○","-","-","3,800","02/24","有","0.00","3,649.0","-40.0","-0.73 %","-","1,307","330,600","-1.61 %","貸借","0.10"
"藤井産業ホールディンク","9906","東証","○","-","-","0","-","無","0.70","4,070","-65","-0.73 %","-","2","200","-3.09 %","信用","0.00"
"日本基礎技術","1914","東証","○","-","-","400","-","無","0.00","799","1","-0.74 %","-","80","32,300","-2.44 %","貸借","0.00"
"ロゴスホールディングス","205A","東証","○","-","-","0","11/26","有","1.20","1,604","-7","-0.74 %","-","149","42,200","-2.66 %","信用","0.00"
"キャリアデザインセンター","2410","東証","○","-","-","1,100","03/29","有","0.00","2,532","-28","-0.74 %","-","357","68,600","-4.84 %","貸借","0.00"
"ワールドホールディングス","2429","東証","○","-","○","6,500","-","無","0.00","2,805","-46","-0.74 %","-","242","43,300","-2.90 %","貸借","0.00"
"ウェルディッシュ","2901","東証","○","-","-","2,100","02/24","有","0.30","134","-1","-0.74 %","-","90","101,900","-4.96 %","信用","0.00"
"ＡＤワークスグループ","2982","東証","○","-","-","2,900","-","無","0.00","399","-5","-0.74 %","-","322","288,900","-4.54 %","貸借","0.00"
"ユナイテッド・スーパーマーケ","3222","東証","○","-","○","8,200","02/24","有","0.00","801","-1","-0.74 %","-","437","286,900","-2.07 %","貸借","0.00"
"倉元製作所","5216","東証","○","-","-","0","12/28","有","0.50","134","-1","-0.74 %","-","61","47,700","-2.18 %","信用","0.00"
"ＡＩＡＩグループ","6557","東証","○","-","-","1,100","-","無","0.60","668","-5","-0.74 %","-","81","30,400","-2.90 %","信用","0.00"
"新明和工業","7224","東証","○","-","○","39,300","-","無","0.00","1,869","4","-0.74 %","-","568","147,500","-2.45 %","貸借","0.00"
"タカショー","7590","東証","○","-","-","5,300","01/18","有","0.20","398","-1","-0.74 %","-","158","74,500","-3.16 %","信用","0.00"
"菊水化学工業","7953","東証","○","-","-","0","-","無","0.20","399","-3","-0.74 %","-","36","14,100","-1.72 %","信用","0.00"
"山善","8051","東証","○","-","-","2,500","03/29","有","0.00","1,991","-14","-0.74 %","-","979","210,500","-1.67 %","貸借","0.05"
"丸三証券","8613","東証","○","-","○","76,000","03/29","有","0.00","1,203","-11","-0.74 %","-","710","326,100","-4.44 %","貸借","0.05"
"朝日放送グループＨＤ","9405","東証","○","-","○","5,600","03/29","有","0.00","795","-7","-0.74 %","-","235","82,200","-4.21 %","貸借","0.00"
"イーレックス","9517","東証","○","-","○","9,800","03/29","有","0.00","796","-6","-0.74 %","-","544","247,300","-5.12 %","貸借","0.00"
"東京都競馬","9672","東証","○","-","○","0","12/28","有","0.00","4,670","-5","-0.74 %","-","264","58,200","-1.99 %","貸借","0.00"
"ＵＥＸ","9888","東証","○","-","-","1,000","-","無","0.10","1,206","-15","-0.74 %","-","269","50,500","-4.28 %","信用","0.00"
"アルトナー","2163","東証","○","-","-","200","-","無","0.10","923","-7","-0.75 %","-","104","35,800","-2.84 %","信用","0.00"
"アスクル","2678","東証","○","-","-","3,700","11/18","有","0.00","1,191","-7","-0.75 %","-","710","329,400","-4.33 %","貸借","0.05"
"東武住販","3297","東証","○","-","-","100","11/26","有","1.70","1,176","-11","-0.75 %","-","11","2,400","-2.32 %","信用","0.00"
"ワコールホールディングス","3591","東証","○","-","○","8,400","03/29","有","0.00","3,573.0","-32.0","-0.75 %","-","673","150,600","-3.66 %","貸借","0.00"
"ＧＭＯペパボ","3633","東証","○","-","-","600","10/28","有","0.80","2,642","-19","-0.75 %","-","94","19,500","-3.04 %","信用","0.00"
"ＩＰＳ","4390","東証","○","-","○","0","-","無","0.00","3,965","15","-0.75 %","-","177","39,900","-2.69 %","貸借","0.00"
"平河ヒューテック","5821","東証","○","-","○","10,100","-","無","0.20","3,270","35","-0.75 %","-","214","42,300","-2.38 %","信用","0.00"
"メディキット","7749","東証","○","-","-","0","-","無","2.30","2,750","-22","-0.75 %","-","14","2,700","-4.44 %","信用","0.00"
"プロネクサス","7893","東証","○","-","○","17,000","03/29","有","0.00","1,045","-13","-0.75 %","-","182","67,800","-3.68 %","貸借","0.05"
"ジャパン・ホテル・リート","8985","東証","○","-","-","282","-","無","0.00","79,400","-400","-0.75 %","-","1,227","28,164","-2.93 %","貸借","0.00"
"ＮＩＳＳＯＨＤ","9332","東証","○","-","-","800","03/29","有","0.00","653","-8","-0.75 %","-","135","64,200","-2.53 %","貸借","0.00"
"ジェイエイシーリクルートメント","2124","東証","○","-","○","18,300","-","無","0.00","1,038","-15","-0.76 %","-","1,154","536,500","-2.25 %","貸借","0.05"
"テー・オー・ダブリュー","4767","東証","○","-","-","4,100","12/28","有","0.10","387","-3","-0.76 %","-","151","97,600","-3.97 %","信用","0.00"
"新田ゼラチン","4977","東証","○","-","-","300","12/28","有","0.00","1,165","-10","-0.76 %","-","73","21,100","-2.26 %","貸借","0.00"
"岡部","5959","東証","○","-","-","900","12/28","有","0.00","913","-6","-0.76 %","-","217","89,700","-2.03 %","貸借","0.00"
"ポピンズ","7358","東証","○","-","○","2,900","-","無","0.10","1,808","26","-0.76 %","-","156","27,500","-1.14 %","信用","0.00"
"オムニ・プラス・システム・リミ","7699","東証","○","-","-","0","-","無","1.10","646","-20","-0.76 %","-","52","17,800","-3.58 %","信用","0.00"
"理経","8226","東証","○","-","-","1,400","-","無","0.30","390","-1","-0.76 %","-","159","65,900","-3.70 %","信用","0.00"
"琉球銀行","8399","東証","○","-","○","13,800","-","無","0.00","3,255","0","-0.76 %","-","536","129,200","-2.54 %","貸借","0.00"
"いちごオフィスリート投","8975","東証","○","-","○","377","10/28","有","0.00","91,300","-400","-0.76 %","-","869","8,336","-2.76 %","貸借","0.00"
"京葉瓦斯","9539","東証","○","-","-","8,500","-","無","0.00","1,302","-26","-0.76 %","-","8","800","-2.90 %","貸借","0.00"
"ＷＴＩ原油ＥＴＦ","1671","東証","○","-","-","1,652","-","無","0.00","5,990","-106","-0.77 %","-","843","124,889","-3.01 %","貸借","5.00"
"大成建設","1801","東証","○","-","○","11,400","03/29","有","0.00","12,095","-15","-0.77 %","-","2,031","654,800","-1.82 %","貸借","0.00"
"ＥＴＳグループ","253A","東証","○","-","-","100","03/29","有","0.80","1,030","-7","-0.77 %","-","23","3,600","-0.77 %","貸借","0.00"
"デュアルタップ","3469","東証","○","-","-","0","12/28","有","0.60","892","-5","-0.77 %","-","15","2,600","-0.77 %","信用","0.00"
"アクサスホールディングス","3536","東証","○","-","-","0","02/24","有","0.10","128","0","-0.77 %","-","7","4,800","-0.77 %","信用","0.00"
"イントラマート","3850","東証","○","-","-","0","-","無","2.50","3,835","-30","-0.77 %","-","103","16,500","-2.91 %","信用","0.00"
"ＬＩＸＩＬ","5938","東証","○","-","○","314,300","-","無","0.00","1,663.0","-18.0","-0.77 %","-","3,014","2,398,300","-1.71 %","貸借","0.05"
"プラザホールディングス","7502","東証","○","-","-","0","03/29","有","1.10","1,662","-20","-0.77 %","-","10","1,600","-1.36 %","信用","0.00"
"丸八証券","8700","東証","○","-","-","100","03/29","有","1.10","2,055","-29","-0.77 %","-","7","1,400","-2.65 %","信用","0.00"
"ラバブルマーケティング","9254","東証","○","-","-","100","10/28","有","0.80","1,022","-12","-0.77 %","-","8","1,400","-5.89 %","信用","0.00"
"静岡ガス","9543","東証","○","-","○","500","12/28","有","0.00","1,282","-9","-0.77 %","-","420","123,000","-1.61 %","貸借","0.00"
"ＴＯＰＩＸベア２倍ＥＴＦ","1356","東証","○","-","-","52,080","-","無","0.00","100.6","-3.2","-0.78 %","-","499","5,208,140","-3.54 %","貸借","0.00"
"サンテック","1960","東証","○","-","-","400","-","無","1.60","1,645","-11","-0.78 %","-","66","17,600","-2.43 %","信用","0.00"
"リスキル","291A","東証","○","-","-","100","-","無","1.70","2,012","-4","-0.78 %","-","25","3,100","-1.80 %","信用","0.00"
"マーケットエンタープライズ","3135","東証","○","-","-","100","12/28","有","2.70","1,142","-15","-0.78 %","-","36","7,800","-2.30 %","貸借","0.00"
"サンマルクホールディングス","3395","東証","○","-","○","19,500","03/29","有","0.00","2,405","-22","-0.78 %","-","420","94,800","-3.14 %","貸借","0.00"
"ミンカブ・ジ・インフォノイト","4436","東証","○","-","-","3,400","03/29","有","1.40","634","-15","-0.78 %","-","462","130,100","-9.68 %","貸借","0.00"
"ＴＯＹＯＴＩＲＥ","5105","東証","○","-","○","66,200","-","無","0.00","3,924","19","-0.78 %","-","2,665","841,500","-0.98 %","貸借","0.00"
"エヌ・ピー・シー","6255","東証","○","-","-","3,900","-","無","0.60","758","8","-0.78 %","-","526","144,400","-2.44 %","貸借","0.00"
"ミネベアミツミ","6479","東証","○","-","○","43,600","-","無","0.00","3,918","83","-0.78 %","-","9,195","4,493,900","-2.99 %","貸借","0.00"
"３３ＦＧ","7322","東証","○","-","○","40,800","03/29","有","0.00","2,262","7","-0.78 %","-","1,306","320,000","-3.04 %","貸借","0.00"
"ＰＬＡＮＴ","7646","東証","○","-","-","0","03/17","有","1.30","1,765","-8","-0.78 %","-","22","2,600","-1.67 %","信用","0.00"
"日本瓦斯","8174","東証","○","-","○","21,500","-","無","0.00","932.1","-7.4","-0.78 %","-","2,191","773,500","-1.80 %","貸借","0.00"
"ヤマトホールディングス","9064","東証","○","-","○","27,000","-","無","0.00","1,951.5","-16.0","-0.78 %","-","2,532","1,047,000","-2.22 %","貸借","0.00"
"東京インフラ・エネルギー","9285","東証","○","-","-","39","-","無","2.00","37,700","-350","-0.78 %","-","87","1,932","-3.33 %","信用","0.00"
"ニッソウ","1444","東証","○","-","-","0","01/27","有","2.10","2,870","-21","-0.79 %","-","14","2,700","-1.03 %","信用","0.00"
"ＯＮＥ高配当日本株","1494","東証","○","-","-","0","-","無","0.00","43,460","350","-0.79 %","-","110","3,912","-1.11 %","貸借","0.00"
"カドス・コーポレーション","211A","東証","○","-","-","0","-","無","2.60","3,130","-25","-0.79 %","-","31","7,600","-2.03 %","信用","0.00"
"ディー・エヌ・エー","2432","東証","○","-","○","68,200","09/28","有","0.00","2,492.0","-40.0","-0.79 %","-","2,836","847,000","-2.73 %","貸借","0.00"
"日東ベスト","2877","東証","○","-","-","3,200","03/29","有","0.40","749","-6","-0.79 %","-","5","500","-0.92 %","信用","0.00"
"テクマトリックス","3762","東証","○","-","○","31,000","09/28","有","0.00","2,497","-19","-0.79 %","-","1,006","203,400","-2.11 %","貸借","0.00"
"コムチュア","3844","東証","○","-","○","29,900","03/29","有","0.00","1,250","-15","-0.79 %","-","544","224,800","-3.47 %","貸借","0.00"
"ウィルズ","4482","東証","○","-","-","0","12/28","有","0.00","746","-6","-0.79 %","-","13","4,700","-1.19 %","貸借","0.00"
"ＮＦ日経エンタメ","586A","東証","○","-","-","17,050","-","無","0.20","251.0","-1.0","-0.79 %","-","344","852,370","-0.79 %","信用","0.00"
"東洋電機製造","6505","東証","○","-","-","0","-","無","0.00","2,357","-17","-0.79 %","-","195","31,300","-3.87 %","貸借","0.00"
"きょくとう","2300","東証","○","-","-","1,100","02/24","有","0.60","496","-6","-0.80 %","-","217","51,400","-6.41 %","信用","0.00"
"パシフィックネット","3021","東証","○","-","-","0","-","無","0.80","1,598","-16","-0.80 %","-","43","6,700","-2.91 %","信用","0.00"
"キッセイ薬品工業","4547","東証","○","-","○","2,500","-","無","0.00","3,675","-25","-0.80 %","-","241","73,300","-5.03 %","貸借","0.00"
"アズビル","6845","東証","○","-","○","32,100","-","無","0.00","1,474.5","16.5","-0.80 %","-","2,521","1,253,900","-0.80 %","貸借","0.00"
"アイドマ・ホールディングス","7373","東証","○","-","-","600","-","無","0.60","868","-11","-0.80 %","-","154","54,700","-3.87 %","貸借","0.00"
"コラントッテ","7792","東証","○","-","-","0","03/29","有","0.80","1,475","-12","-0.80 %","-","32","9,500","-0.80 %","信用","0.00"
"旭化学工業","7928","東証","○","-","-","0","08/27","有","0.60","615","-2","-0.80 %","-","5","1,600","-0.80 %","信用","0.00"
"ビーウィズ","9216","東証","○","-","-","0","05/27","有","0.00","1,610","-21","-0.80 %","-","82","22,600","-4.05 %","貸借","0.00"
"Ｄ＆Ｍカンパニー","189A","東証","○","-","-","100","11/26","有","0.90","1,090","-9","-0.81 %","-","9","3,100","-0.81 %","信用","0.00"
"政策保有解消推進","2081","東証","○","-","-","6","-","無","3.00","2,190","15","-0.81 %","-","11","72","-1.30 %","貸借","0.00"
"ビースタイルホールディング","302A","東証","○","-","-","0","-","無","0.40","608","-5","-0.81 %","-","10","1,900","-3.33 %","信用","0.00"
"チームスピリット","4397","東証","○","-","-","1,100","02/24","有","0.10","365","-2","-0.81 %","-","191","52,600","-4.94 %","信用","0.00"
"中山製鋼所","5408","東証","○","-","○","57,300","-","無","0.00","612","-4","-0.81 %","-","257","204,100","-2.85 %","貸借","0.00"
"旅工房","6548","東証","○","-","-","0","-","無","0.20","122","-1","-0.81 %","-","30","12,300","-1.61 %","信用","0.00"
"ぷらっとホーム","6836","東証","○","-","-","500","-","無","1.50","850","-7","-0.81 %","-","61","11,800","-5.02 %","信用","0.00"
"明豊エンタープライズ","8927","東証","○","-","-","1,900","10/28","有","0.00","486","-4","-0.81 %","-","191","154,000","-4.70 %","貸借","0.00"
"サンフロンティア不動産","8934","東証","○","-","○","51,700","03/29","有","0.00","2,191","-18","-0.81 %","-","774","287,700","-4.44 %","貸借","0.00"
"ＪＢＣＣホールディングス","9889","東証","○","-","○","12,500","-","無","0.00","1,698","-25","-0.81 %","-","512","121,900","-3.68 %","貸借","0.05"
"シンクレイヤ","1724","東証","○","-","-","0","-","無","0.20","720","-11","-0.82 %","-","14","3,600","-1.77 %","信用","0.00"
"ＩＫホールディングス","2722","東証","○","-","-","0","11/26","有","0.40","359","-2","-0.82 %","-","19","4,300","-0.82 %","貸借","0.00"
"ソーシャルワイヤー","3929","東証","○","-","-","400","03/29","有","0.10","241","-3","-0.82 %","-","38","12,900","-3.21 %","信用","0.00"
"アイキューブドシステムズ","4495","東証","○","-","-","100","12/28","有","3.60","2,037","-17","-0.82 %","-","29","10,000","-1.02 %","貸借","0.00"
"ミズホメディー","4595","東証","○","-","-","2,000","-","無","0.10","1,685","-8","-0.82 %","-","298","96,600","-2.82 %","信用","0.00"
"ＡＶＩＬＥＮ","5591","東証","○","-","-","0","-","無","1.20","843","3","-0.82 %","-","47","15,900","-3.87 %","信用","0.00"
"ＳＯＬＩＺＥＨＯＬＤＩＮＧＳ","5871","東証","○","-","-","200","-","無","1.50","1,324","-16","-0.82 %","-","29","5,800","-3.42 %","貸借","0.00"
"アイモバイル","6535","東証","○","-","-","0","-","無","0.00","481","-5","-0.82 %","-","268","219,300","-3.21 %","貸借","0.00"
"アミファ","7800","東証","○","-","-","0","09/28","有","0.70","964","-5","-0.82 %","-","15","2,700","-1.63 %","信用","0.00"
"京浜急行","9006","東証","○","-","○","82,800","03/29","有","0.00","1,501.0","-6.0","-0.82 %","-","2,296","1,247,400","-2.87 %","貸借","0.00"
"大阪瓦斯","9532","東証","○","-","○","22,000","-","無","0.00","5,669","-94","-0.82 %","-","3,019","1,038,200","-1.63 %","貸借","0.00"
"東宝","9602","東証","○","-","○","179,500","08/27","有","0.00","1,554.0","-13.0","-0.82 %","-","4,768","2,271,300","-1.98 %","貸借","0.00"
"乃村工藝社","9716","東証","○","-","○","18,000","-","無","0.00","1,206","-6","-0.82 %","-","922","320,700","-2.66 %","貸借","0.00"
"東亜道路","1882","東証","○","-","-","4,500","-","無","0.00","1,542","-15","-0.83 %","-","876","423,100","-3.32 %","貸借","0.00"
"サトウ食品","2923","東証","○","-","-","100","10/28","有","11.60","7,100","50","-0.83 %","-","22","2,800","-2.47 %","信用","0.00"
"三洋堂ホールディングス","3058","東証","○","-","-","0","03/29","有","0.00","715","3","-0.83 %","-","8","2,100","-1.37 %","貸借","0.00"
"Ｇライト・再エネインフラ","509A","東証","○","-","-","0","-","無","59.00","71,300","100","-0.83 %","-","35","149","-0.97 %","信用","0.00"
"ＪＶＣケンウッド","6632","東証","○","-","○","44,400","-","無","0.00","1,006.5","-5.5","-0.83 %","-","2,350","1,320,500","-1.08 %","貸借","0.00"
"愛媛銀行","8541","東証","○","-","○","8,700","03/29","有","0.00","3,580","-15","-0.83 %","-","779","179,300","-2.98 %","貸借","0.00"
"シーラホールディングス","8887","東証","○","-","-","0","11/26","有","0.00","357","-2","-0.83 %","-","64","43,100","-2.19 %","貸借","0.00"
"関通ホールディングス","9326","東証","○","-","-","200","11/26","有","0.30","476","-4","-0.83 %","-","16","6,400","-1.24 %","信用","0.00"
"日本通信","9424","東証","○","-","○","16,400","-","無","0.00","119","1","-0.83 %","-","245","2,145,100","-1.65 %","貸借","0.00"
"アイドママーケティングコミュ","9466","東証","○","-","-","0","-","無","0.00","237","-2","-0.83 %","-","13","4,700","-1.65 %","貸借","0.00"
"セキチュー","9976","東証","○","-","-","200","02/17","有","1.00","1,067","-19","-0.83 %","-","11","1,300","-1.74 %","信用","0.00"
"ディア・ライフ","3245","東証","○","-","○","24,700","-","無","0.00","936","-14","-0.84 %","-","822","652,400","-4.29 %","貸借","0.00"
"エーアイ","4388","東証","○","-","-","0","-","無","0.00","351","-5","-0.84 %","-","27","12,000","-2.77 %","貸借","0.00"
"コスモエネルギーＨＬＤＧＳ","5021","東証","○","-","○","44,800","-","無","0.00","4,122","-38","-0.84 %","-","2,140","910,400","-2.98 %","貸借","0.00"
"ヤマックス","5285","東証","○","-","-","300","03/29","有","0.00","1,286","-13","-0.84 %","-","93","19,300","-3.52 %","貸借","0.00"
"名古屋電機工業","6797","東証","○","-","-","0","-","無","0.90","1,172","6","-0.84 %","-","10","2,100","-2.33 %","信用","0.00"
"ソフィアホールディングス","6942","東証","○","-","-","0","03/29","有","1.00","1,413","1","-0.84 %","-","12","2,000","-0.84 %","信用","0.00"
"フジ住宅","8860","東証","○","-","○","27,600","03/29","有","0.00","702","-6","-0.84 %","-","140","71,800","-3.17 %","貸借","0.00"
"エーアイテイー","9381","東証","○","-","○","13,700","-","無","0.20","2,217","-19","-0.84 %","-","108","27,200","-4.23 %","信用","0.00"
"ウエストホールディングス","1407","東証","○","-","-","3,200","-","無","0.00","2,215","-2","-0.85 %","-","1,094","288,700","-1.33 %","貸借","0.00"
"朝日ネット","3834","東証","○","-","○","20,500","-","無","0.00","581","-4","-0.85 %","-","156","83,900","-2.84 %","貸借","0.00"
"新日本理化","4406","東証","○","-","-","0","-","無","0.00","232","0","-0.85 %","-","145","270,800","-5.69 %","貸借","0.00"
"テクノメディカ","6678","東証","○","-","○","3,900","-","無","0.10","1,975","-25","-0.85 %","-","79","18,900","-2.99 %","信用","0.00"
"鈴木","6785","東証","○","-","○","8,200","-","無","0.00","3,480","20","-0.85 %","-","323","76,500","-1.69 %","貸借","0.00"
"大和","8247","東証","○","-","-","200","02/24","有","0.10","347","-7","-0.85 %","-","21","4,000","-4.14 %","信用","0.00"
"日本都市ファンド","8953","東証","○","-","-","209","-","無","0.00","103,900","-900","-0.85 %","-","1,806","20,860","-3.16 %","貸借","0.00"
"ミロク情報サービス","9928","東証","○","-","○","4,400","-","無","0.00","2,099","-24","-0.85 %","-","183","33,800","-2.14 %","貸借","0.00"
"ＧＸホテル＆リテール・Ｊリート","2098","東証","○","-","-","210","-","無","1.00","915","-8","-0.86 %","-","128","10,292","-2.76 %","貸借","0.00"
"ＩＦ中国ＧＢＡ１００","2629","東証","○","-","-","0","-","無","6.00","3,456","6","-0.86 %","-","907","19,089","-3.19 %","貸借","0.00"
"あじかん","2907","東証","○","-","-","100","03/29","有","1.50","1,494","-10","-0.86 %","-","21","4,700","-2.35 %","貸借","0.00"
"星野リゾート・リート","3287","東証","○","-","-","24","-","無","0.00","228,500","-2,300","-0.86 %","-","531","2,405","-1.93 %","貸借","0.00"
"ワンダープラネット","4199","東証","○","-","-","0","-","無","0.80","798","-7","-0.86 %","-","13","2,600","-0.86 %","信用","0.00"
"ＩＦ東証ＲＥＩＴ指数２","443A","東証","○","-","-","139","-","無","2.00","1,724","-19","-0.86 %","-","31","25,610","-2.87 %","信用","0.00"
"エン","4849","東証","○","-","○","7,300","-","無","0.00","1,725","-30","-0.86 %","-","1,055","304,200","-2.26 %","貸借","0.05"
"東京機械","6335","東証","○","-","-","300","-","無","0.60","575","-5","-0.86 %","-","63","26,100","-3.36 %","貸借","0.00"
"テクノホライゾン","6629","東証","○","-","-","0","-","無","1.00","1,037","-3","-0.86 %","-","289","69,800","-2.90 %","貸借","0.00"
"コンフィデンス・インターワーク","7374","東証","○","-","-","400","-","無","0.20","1,488","-2","-0.86 %","-","43","10,600","-1.06 %","信用","0.00"
"コナカ","7494","東証","○","-","-","0","03/29","有","0.00","230","0","-0.86 %","-","35","28,800","-2.54 %","貸借","0.00"
"三菱商事","8058","東証","○","-","○","1,153,500","-","無","0.00","4,709","15","-0.86 %","-","8,683","6,952,500","-0.96 %","貸借","0.00"
"ユナイテッドアーバン投資","8960","東証","○","-","-","97","-","無","0.00","149,400","-900","-0.86 %","-","1,161","8,804","-2.28 %","貸借","0.00"
"進学会ホールディングス","9760","東証","○","-","-","0","03/29","有","0.20","115","-2","-0.86 %","-","21","46,400","-1.70 %","貸借","0.00"
"学情","2301","東証","○","-","○","0","10/28","有","1.20","1,695","-12","-0.87 %","-","444","157,100","-3.52 %","貸借","0.00"
"かどや製油","2612","東証","○","-","-","3,800","-","無","1.00","2,835","-35","-0.87 %","-","363","187,600","-1.35 %","信用","0.00"
"扶桑薬品","4538","東証","○","-","○","7,900","03/29","有","0.00","2,150","-15","-0.87 %","-","104","30,100","-3.24 %","貸借","0.00"
"クレスコ","4674","東証","○","-","○","16,300","-","無","0.00","1,930","-20","-0.87 %","-","549","121,300","-1.27 %","貸借","0.00"
"ユー・エス・エス","4732","東証","○","-","○","59,600","03/29","有","0.00","1,805.0","-11.0","-0.87 %","-","2,929","1,471,400","-1.50 %","貸借","0.00"
"ヨータイ","5357","東証","○","-","-","600","-","無","0.00","1,690","-10","-0.87 %","-","244","57,900","-2.42 %","貸借","0.00"
"ヒトトヒトホールディングス","549A","東証","○","-","-","900","-","無","1.20","453","0","-0.87 %","-","105","36,000","-2.78 %","信用","0.00"
"月島ホールディングス","6332","東証","○","-","-","3,800","03/29","有","0.00","2,619","-3","-0.87 %","-","1,703","380,900","-5.41 %","貸借","0.00"
"みらいワークス","6563","東証","○","-","-","0","-","無","0.00","453","-1","-0.87 %","-","20","4,500","-1.09 %","貸借","0.00"
"ハークスレイホールディングス","7561","東証","○","-","-","200","03/29","有","0.00","679","1","-0.87 %","-","74","19,100","-2.02 %","貸借","0.00"
"アイフィスジャパン","7833","東証","○","-","-","0","-","無","0.50","682","-6","-0.87 %","-","22","3,200","-1.87 %","貸借","0.00"
"ジャックス","8584","東証","○","-","○","25,000","-","無","0.00","3,415","-25","-0.87 %","-","453","168,500","-3.93 %","貸借","0.00"
"空港施設","8864","東証","○","-","○","23,200","-","無","0.10","907","-11","-0.87 %","-","278","83,900","-4.22 %","信用","0.00"
"日本アクア","1429","東証","○","-","-","800","-","無","0.00","787","-10","-0.88 %","-","227","77,700","-2.83 %","貸借","0.00"
"ナカボーテック","1787","東証","○","-","-","800","-","無","5.60","5,600","-20","-0.88 %","-","2","200","-0.88 %","信用","0.00"
"ＡＤＲバイオメディカルホール","3750","東証","○","-","-","200","03/29","有","0.20","781","-14","-0.88 %","-","20","5,500","-3.58 %","信用","0.00"
"ＳＹＳホールディングス","3988","東証","○","-","-","0","-","無","0.20","562","-2","-0.88 %","-","7","2,300","-1.05 %","信用","0.00"
"ラサ工業","4022","東証","○","-","○","17,900","-","無","0.00","2,125","61","-0.88 %","-","2,440","655,700","-1.11 %","貸借","0.00"
"イーエムシステムズ","4820","東証","○","-","-","0","12/28","有","0.00","559","-5","-0.88 %","-","142","60,800","-3.95 %","貸借","0.00"
"ＬＡＢＯＲＯ．ＡＩ","5586","東証","○","-","-","800","-","無","3.40","895","2","-0.88 %","-","79","17,300","-2.82 %","信用","0.00"
"文化シヤツタ－","5930","東証","○","-","○","9,800","03/29","有","0.00","1,791","-17","-0.88 %","-","364","93,800","-3.50 %","貸借","0.00"
"ノダ","7879","東証","○","-","-","0","-","無","0.50","670","-9","-0.88 %","-","22","12,800","-1.32 %","貸借","0.00"
"森トラストリート","8961","東証","○","-","-","70","-","無","0.00","67,200","-600","-0.88 %","-","790","6,824","-3.44 %","貸借","0.00"
"蔵王産業","9986","東証","○","-","-","0","-","無","0.20","2,476","-6","-0.88 %","-","8","1,700","-0.96 %","信用","0.00"
"大林組","1802","東証","○","-","○","56,100","-","無","0.00","2,948.5","-16.5","-0.89 %","-","5,584","2,281,200","-1.55 %","貸借","0.00"
"朝日工業社","1975","東証","○","-","○","6,100","-","無","0.00","3,870","35","-0.89 %","-","196","45,500","-1.52 %","貸借","0.00"
"ＦＲＯＮＴＥＯ","2158","東証","○","-","-","0","-","無","0.90","668","-10","-0.89 %","-","588","228,600","-6.57 %","信用","0.00"
"パーソルホールディングス","2181","東証","○","-","○","232,500","-","無","0.00","276.7","-2.7","-0.89 %","-","4,183","7,085,400","-2.91 %","貸借","0.00"
"ラサールロジポート投資","3466","東証","○","-","-","121","-","無","0.00","143,400","-500","-0.89 %","-","1,224","7,792","-1.71 %","貸借","0.00"
"ロンシール","4224","東証","○","-","-","200","-","無","1.40","2,109","-8","-0.89 %","-","38","7,700","-2.13 %","信用","0.00"
"ＬＩＮＫＸ","584A","東証","○","-","-","1,200","-","無","4.40","2,433","1","-0.89 %","-","278","42,800","-1.41 %","信用","0.00"
"エムケー精工","5906","東証","○","-","-","100","03/17","有","0.70","778","3","-0.89 %","-","9","2,000","-1.51 %","信用","0.00"
"瀧上工業","5918","東証","○","-","-","400","-","無","3.40","7,710","-70","-0.89 %","-","7","900","-0.89 %","信用","0.00"
"大真空","6962","東証","○","-","-","2,400","-","無","0.00","883","3","-0.89 %","-","584","188,500","-1.45 %","貸借","0.05"
"ソノコム","7902","東証","○","-","-","3,400","03/29","有","0.70","1,110","-10","-0.89 %","-","5","500","-2.11 %","信用","0.00"
"ＮＴＴ都市開発リート投","8956","東証","○","-","-","33","-","無","0.00","121,600","-1,100","-0.89 %","-","680","2,722","-3.41 %","貸借","0.00"
"ＳＭＤＡＭ東証ＲＥＩＴ指","1398","東証","○","-","-","970","-","無","0.00","1,703.0","-14.5","-0.90 %","-","53","89,130","-2.74 %","貸借","0.50"
"インタースペース","2122","東証","○","-","-","300","03/29","有","0.30","1,312","-12","-0.90 %","-","29","8,100","-2.67 %","信用","0.00"
"日水コン","261A","東証","○","-","-","500","-","無","2.20","1,971","-16","-0.90 %","-","69","13,500","-2.32 %","信用","0.00"
"スパイダープラス","4192","東証","○","-","-","0","12/28","有","0.00","327","2","-0.90 %","-","176","93,000","-2.38 %","貸借","0.05"
"リブセンス","6054","東証","○","-","-","0","-","無","0.00","110","0","-0.90 %","-","8","2,600","-0.90 %","貸借","0.00"
"ＴＤＳＥ","7046","東証","○","-","-","0","-","無","0.90","1,308","-12","-0.90 %","-","7","1,500","-2.82 %","信用","0.00"
"ノーリツ鋼機","7744","東証","○","-","○","16,000","-","無","0.00","1,961","-11","-0.90 %","-","832","219,000","-3.01 %","貸借","0.00"
"グランディハウス","8999","東証","○","-","○","19,100","-","無","0.00","549","-5","-0.90 %","-","127","49,800","-3.17 %","貸借","0.00"
"アバントグループ","3836","東証","○","-","○","28,400","-","無","0.00","1,194","-16","-0.91 %","-","350","85,500","-2.05 %","貸借","0.00"
"ラウンドワン","4680","東証","○","-","○","0","12/28","有","0.00","1,247.5","6.5","-0.91 %","-","4,244","1,853,600","-2.72 %","貸借","0.00"
"ミラティブ","472A","東証","○","-","-","2,300","-","無","0.60","542","-6","-0.91 %","-","149","114,900","-2.51 %","信用","0.00"
"ピーエイ","4766","東証","○","-","-","0","12/28","有","0.20","217","-2","-0.91 %","-","12","8,400","-1.36 %","信用","0.00"
"クミアイ化学","4996","東証","○","-","○","92,400","-","無","0.00","653","-7","-0.91 %","-","927","795,800","-3.25 %","貸借","0.00"
"ツバキ・ナカシマ","6464","東証","○","-","○","26,400","-","無","0.00","326","-2","-0.91 %","-","235","163,700","-3.55 %","貸借","0.00"
"オリンパス","7733","東証","○","-","○","8,300","-","無","0.00","1,955.0","-3.0","-0.91 %","-","8,538","4,291,000","-3.38 %","貸借","0.00"
"野崎印刷","7919","東証","○","-","-","0","03/29","有","0.00","217","-2","-0.91 %","-","37","7,400","-3.98 %","貸借","0.00"
"ＫＤＸ不動産投資法","8972","東証","○","-","-","138","-","無","0.00","140,800","-1,300","-0.91 %","-","1,370","12,128","-2.22 %","貸借","0.00"
"川崎汽船","9107","東証","○","-","○","178,700","-","無","0.00","3,241.0","-23.0","-0.91 %","-","4,095","2,607,300","-1.84 %","貸借","0.00"
"ＶＲＡＩＮＳＯＬＵＴＩＯＮ","135A","東証","○","-","-","1,000","-","無","11.40","5,370","-40","-0.92 %","-","455","106,300","-3.59 %","貸借","0.00"
"ＩＦ東証ＲＥＩＴ指数","1488","東証","○","-","-","1,500","-","無","0.00","1,715","-16","-0.92 %","-","473","113,701","-2.83 %","貸借","0.00"
"日比谷総合設備","1982","東証","○","-","○","19,500","-","無","0.00","3,210","15","-0.92 %","-","232","65,700","-0.92 %","貸借","0.00"
"ＳＯＳＩＬＡ物流リート投","2979","東証","○","-","-","33","-","無","0.00","96,800","-900","-0.92 %","-","756","2,988","-3.10 %","貸借","0.00"
"日本マイクロニクス","6871","東証","○","-","○","7,300","-","無","0.00","15,060","40","-0.92 %","-","4,484","1,170,200","-1.95 %","貸借","0.00"
"エスケイジャパン","7608","東証","○","-","-","0","-","無","0.00","964","-4","-0.92 %","-","383","90,600","-3.60 %","貸借","0.00"
"ナカバヤシ","7987","東証","○","-","○","21,900","03/29","有","0.00","538","-4","-0.92 %","-","198","92,400","-3.23 %","貸借","0.00"
"リコーリース","8566","東証","○","-","○","22,100","03/29","有","0.00","6,440","-50","-0.92 %","-","203","52,000","-2.86 %","貸借","0.15"
"ニトリホールディングス","9843","東証","○","-","○","74,500","03/29","有","0.00","3,121.0","112.0","-0.92 %","-","8,750","4,272,600","-1.63 %","貸借","0.00"
"パソナグループ","2168","東証","○","-","○","7,000","05/27","有","0.00","1,478","-14","-0.93 %","-","391","109,100","-3.58 %","貸借","0.00"
"ＭＸＳ日経半導体株","221A","東証","○","-","-","1,410","-","無","0.00","1,269.5","34.0","-0.93 %","-","403","102,550","-0.93 %","貸借","0.00"
"霞ヶ関キャピタル","3498","東証","○","-","-","5,500","08/27","有","0.00","7,410","-70","-0.93 %","-","1,358","542,500","-4.38 %","貸借","0.00"
"チエル","3933","東証","○","-","-","0","-","無","0.40","529","-5","-0.93 %","-","16","3,300","-1.85 %","貸借","0.00"
"東邦アセチレン","4093","東証","○","-","-","0","-","無","0.20","425","0","-0.93 %","-","19","6,900","-1.62 %","信用","0.00"
"ＬＩＮＥヤフー","4689","東証","○","-","○","555,200","-","無","0.00","488.4","-9.5","-0.93 %","-","11,424","16,409,600","-4.53 %","貸借","0.00"
"雨風太陽","5616","東証","○","-","-","100","12/28","有","2.70","635","-6","-0.93 %","-","18","2,700","-5.50 %","信用","0.00"
"指月電機","6994","東証","○","-","-","2,400","-","無","0.00","1,377","17","-0.93 %","-","849","236,100","-2.95 %","貸借","0.00"
"カッパ・クリエイト","7421","東証","○","-","-","1,900","03/29","有","0.00","1,476","-30","-0.93 %","-","538","168,100","-2.44 %","貸借","0.10"
"鹿島建設","1812","東証","○","-","○","59,200","-","無","0.00","4,838","-46","-0.94 %","-","4,785","1,848,900","-2.12 %","貸借","0.00"
"東京きらぼしＦＧ","7173","東証","○","-","○","24,100","03/29","有","0.00","1,680","-4","-0.94 %","-","2,873","861,400","-2.89 %","貸借","0.00"
"曙ブレーキ","7238","東証","○","-","-","0","-","無","0.00","105","0","-0.94 %","-","194","3,673,700","-2.77 %","貸借","0.00"
"ＮＥＷＡＲＴＨＯＬＤＩＮＧＳ","7638","東証","○","-","-","200","03/29","有","0.00","1,367","-14","-0.94 %","-","80","15,200","-2.42 %","貸借","0.00"
"大東建託","1878","東証","○","-","○","34,000","-","無","0.00","3,099.0","-11.0","-0.95 %","-","2,748","1,795,600","-2.23 %","貸借","0.00"
"ロックフィールド","2910","東証","○","-","-","800","10/28","有","0.00","1,344","-16","-0.95 %","-","178","75,500","-3.44 %","貸借","0.10"
"クリーマ","4017","東証","○","-","-","0","-","無","0.20","208","-2","-0.95 %","-","15","3,000","-2.80 %","信用","0.00"
"昭和化学工業","4990","東証","○","-","-","100","03/29","有","0.60","518","-6","-0.95 %","-","10","2,200","-2.63 %","信用","0.00"
"ニッポンインシュア","5843","東証","○","-","-","100","-","無","2.20","2,288","-14","-0.95 %","-","28","3,200","-1.80 %","信用","0.00"
"アーレステイ","5852","東証","○","-","-","2,200","03/29","有","0.00","625","-7","-0.95 %","-","270","183,000","-4.58 %","貸借","0.00"
"大運","9363","東証","○","-","-","100","-","無","0.20","520","-4","-0.95 %","-","27","4,400","-0.95 %","信用","0.00"
"グルメ杵屋","9850","東証","○","-","-","1,000","03/29","有","0.00","931","-10","-0.95 %","-","236","98,800","-3.32 %","貸借","0.05"
"ＮＦＪ－ＲＥＩＴ","1343","東証","○","-","-","18,630","-","無","0.00","1,802.5","-17.5","-0.96 %","-","1,796","1,862,410","-2.98 %","貸借","0.00"
"東京エレクトロンデバイス","2760","東証","○","-","○","25,700","-","無","0.00","4,630","80","-0.96 %","-","434","114,300","-1.69 %","貸借","0.00"
"日本エンタープライズ","4829","東証","○","-","-","3,800","-","無","0.10","103","-2","-0.96 %","-","65","376,600","-3.73 %","貸借","0.00"
"日本ビジネスシステムズ","5036","東証","○","-","-","1,000","03/29","有","0.00","1,535","-19","-0.96 %","-","304","61,400","-2.16 %","貸借","0.00"
"ＧＸステーブルコイン＆トークン","512A","東証","○","-","-","695","-","無","2.00","1,126","-11","-0.96 %","-","115","34,752","-1.74 %","信用","0.00"
"東芝テック","6588","東証","○","-","○","7,200","-","無","0.00","2,869","49","-0.96 %","-","815","199,300","-2.18 %","貸借","0.00"
"第一興商","7458","東証","○","-","○","48,200","03/29","有","0.00","1,742.5","-22.5","-0.96 %","-","585","207,800","-3.78 %","貸借","0.00"
"東京建物","8804","東証","○","-","○","100","12/28","有","0.00","3,180.0","-31.0","-0.96 %","-","2,554","1,167,600","-3.04 %","貸借","0.00"
"フォーバル・リアルストレート","9423","東証","○","-","-","0","03/29","有","0.20","103","-1","-0.96 %","-","28","125,100","-2.83 %","貸借","0.00"
"ベルーナ","9997","東証","○","-","○","65,900","03/29","有","0.00","1,027","-11","-0.96 %","-","416","174,700","-3.74 %","貸借","0.00"
"北陸電気工事","1930","東証","○","-","○","12,600","-","無","0.00","1,526","-12","-0.97 %","-","306","57,100","-3.41 %","貸借","0.00"
"キューブシステム","2335","東証","○","-","-","600","09/28","有","0.00","1,011","-11","-0.97 %","-","114","47,100","-3.98 %","貸借","0.05"
"ＳＡＰＥＥＴ","269A","東証","○","-","-","0","-","無","2.90","3,050","15","-0.97 %","-","50","7,700","-1.61 %","信用","0.00"
"サムティ・レジデンシャル","3459","東証","○","-","-","36","-","無","0.00","81,000","-900","-0.97 %","-","539","3,609","-3.91 %","貸借","0.00"
"ホットリンク","3680","東証","○","-","-","0","-","無","0.00","204","-2","-0.97 %","-","16","4,200","-1.44 %","貸借","0.00"
"エーザイ","4523","東証","○","-","○","86,100","-","無","0.00","4,659","-41","-0.97 %","-","2,618","935,900","-4.25 %","貸借","0.00"
"東洋合成工業","4970","東証","○","-","-","1,400","03/29","有","0.70","11,160","380","-0.97 %","-","401","68,200","-1.15 %","信用","0.00"
"東京鐵鋼","5445","東証","○","-","○","3,300","03/29","有","0.20","1,926","-24","-0.97 %","-","515","123,700","-4.17 %","信用","0.00"
"アイコム","6820","東証","○","-","○","3,600","03/29","有","0.00","3,540","-105","-0.97 %","-","98","20,000","-7.20 %","貸借","0.20"
"島根銀行","7150","東証","○","-","-","200","-","無","0.00","507","1","-0.97 %","-","53","16,900","-2.12 %","貸借","0.00"
"セーラー万年筆","7992","東証","○","-","-","0","-","無","0.10","102","0","-0.97 %","-","26","22,000","-1.92 %","信用","0.00"
"エムティーアイ","9438","東証","○","-","○","9,200","-","無","0.00","609","4","-0.97 %","-","108","33,500","-0.97 %","貸借","0.00"
"ベルグアース","1383","東証","○","-","-","0","04/27","有","2.70","3,030","-30","-0.98 %","-","14","1,700","-1.30 %","信用","0.00"
"ＭＡＸＩＳＪリート","1597","東証","○","-","-","2,086","-","無","0.00","1,703","-19","-0.98 %","-","635","168,992","-3.01 %","貸借","0.00"
"中村屋","2204","東証","○","-","○","2,700","03/29","有","0.00","3,025","-35","-0.98 %","-","108","28,300","-2.10 %","貸借","0.05"
"フェスタリアＨＬＤＧＳ","2736","東証","○","-","-","0","08/27","有","0.40","602","2","-0.98 %","-","3","400","-1.31 %","信用","0.00"
"エスコンジャパンリート","2971","東証","○","-","-","26","-","無","0.00","100,700","-1,100","-0.98 %","-","440","2,599","-3.91 %","貸借","0.00"
"シキボウ","3109","東証","○","-","-","700","-","無","0.00","1,010","-8","-0.98 %","-","140","65,200","-3.25 %","貸借","0.00"
"あすか製薬ＨＤ","4886","東証","○","-","○","4,300","-","無","0.00","2,010","-20","-0.98 %","-","279","56,600","-3.08 %","貸借","0.00"
"クラダシ","5884","東証","○","-","-","0","06/28","有","0.70","604","-5","-0.98 %","-","39","12,100","-1.46 %","信用","0.00"
"北川鉄工所","6317","東証","○","-","○","8,000","-","無","0.00","2,506","0","-0.98 %","-","379","91,200","-2.67 %","貸借","0.00"
"ＭＡＣＢＥＥＰＬＡＮＥＴ","7095","東証","○","-","-","1,800","-","無","0.50","1,103","-18","-0.98 %","-","298","89,200","-4.66 %","信用","0.00"
"日本車輌","7102","東証","○","-","○","7,100","09/28","有","0.00","3,515","-15","-0.98 %","-","218","42,200","-3.30 %","貸借","0.00"
"助川電気工業","7711","東証","○","-","-","700","09/28","有","16.50","5,040","-20","-0.98 %","-","142","29,400","-2.51 %","信用","0.00"
"ＣＡＳＹ","9215","東証","○","-","-","0","11/26","有","0.80","1,002","-9","-0.98 %","-","15","2,000","-2.05 %","信用","0.00"
"東洋埠頭","9351","東証","○","-","-","0","-","無","0.00","1,901","-19","-0.98 %","-","13","2,100","-1.45 %","貸借","0.00"
"セレスポ","9625","東証","○","-","-","0","-","無","0.20","908","-9","-0.98 %","-","10","1,300","-2.99 %","信用","0.00"
"マキヤ","9890","東証","○","-","-","200","03/29","有","0.30","1,402","-12","-0.98 %","-","38","5,800","-2.29 %","信用","0.00"
"インターライフホールディング","1418","東証","○","-","-","800","-","無","0.50","599","-5","-0.99 %","-","147","72,500","-1.64 %","貸借","0.00"
"純パラジウム上場信","1543","東証","○","-","-","0","-","無","0.00","53,510","-1,100","-0.99 %","-","150","683","-4.06 %","貸借","0.00"
"ユアテック","1934","東証","○","-","○","17,100","-","無","0.00","2,499","-18","-0.99 %","-","467","101,900","-2.42 %","貸借","0.00"
"ヤマイチエステート","2984","東証","○","-","-","0","03/29","有","0.00","793","-17","-0.99 %","-","29","8,300","-2.21 %","貸借","0.00"
"横河ブリッジＨＬＤＧＳ","5911","東証","○","-","○","19,900","03/29","有","0.00","2,877","-35","-0.99 %","-","502","118,500","-1.97 %","貸借","0.00"
"ペットゴー","7140","東証","○","-","-","0","03/29","有","0.40","795","-3","-0.99 %","-","8","1,500","-0.99 %","信用","0.00"
"日産自動車","7201","東証","○","-","○","405,200","03/29","有","0.00","279.8","-1.2","-0.99 %","-","10,813","51,636,800","-6.17 %","貸借","0.00"
"燦ホールディングス","9628","東証","○","-","○","17,400","-","無","0.00","1,292","-7","-0.99 %","-","205","56,900","-2.63 %","貸借","0.00"
"タマホーム","1419","東証","○","-","○","0","11/26","有","3.20","2,860","-29","-1.00 %","-","312","70,700","-1.98 %","貸借","0.05"
"上場ＴＰＸＥＸ－Ｆ","1586","東証","○","-","-","98","-","無","0.00","3,146","38","-1.00 %","-","4","179","-1.00 %","貸借","0.00"
"博報堂ＤＹＨＬＤＧＳ","2433","東証","○","-","○","10,400","-","無","0.00","1,285.0","-13.0","-1.00 %","-","1,446","589,100","-1.87 %","貸借","0.05"
"ライク","2462","東証","○","-","-","0","11/26","有","0.00","1,482","-14","-1.00 %","-","133","47,900","-2.11 %","貸借","0.05"
"ＳＰ５００ＥＷＨ無","426A","東証","○","-","-","210","-","無","1.00","1,177","-5","-1.00 %","-","31","42,602","-1.58 %","信用","0.00"
"スマートドライブ","5137","東証","○","-","-","0","-","無","0.30","297","0","-1.00 %","-","253","140,700","-3.57 %","貸借","0.05"
"グローバルキッズＣＯＭＰ","6189","東証","○","-","-","0","03/29","有","0.00","982","-3","-1.00 %","-","19","2,700","-1.50 %","貸借","0.00"
"ユニオンツール","6278","東証","○","-","-","2,900","12/28","有","0.00","16,730","360","-1.00 %","-","1,279","287,500","-1.12 %","貸借","0.00"
"日本ライフライン","7575","東証","○","-","○","38,200","-","無","0.00","1,481","-5","-1.00 %","-","512","145,100","-3.64 %","貸借","0.00"
"日本プライムリアルティ","8955","東証","○","-","-","75","-","無","0.00","88,900","-1,000","-1.00 %","-","1,158","7,278","-3.68 %","貸借","0.00"
"日本高配当アクティブ","2084","東証","○","-","-","139","-","無","4.00","3,902","14","-1.01 %","-","109","7,806","-1.01 %","貸借","0.00"
"ブロードエンタープライズ","4415","東証","○","-","-","300","12/28","有","1.10","1,461","5","-1.01 %","-","56","12,500","-2.27 %","信用","0.00"
"ＳＢＩアルヒ","7198","東証","○","-","-","1,800","03/29","有","0.00","778","-8","-1.01 %","-","340","178,200","-2.75 %","貸借","0.05"
"ＦＰパートナー","7388","東証","○","-","○","0","11/26","有","1.70","2,237","-46","-1.01 %","-","236","68,700","-3.95 %","貸借","0.15"
"幸和製作所","7807","東証","○","-","-","0","-","無","0.20","879","6","-1.01 %","-","5","800","-1.01 %","信用","0.00"
"インヴィンシブル投資法","8963","東証","○","-","-","586","12/28","有","0.00","58,400","-200","-1.01 %","-","1,788","58,553","-2.34 %","貸借","0.00"
"日石輸送","9074","東証","○","-","-","100","-","無","0.00","2,545","-35","-1.01 %","-","35","4,700","-2.49 %","貸借","0.00"
"楽天２２５ダブルベア","1459","東証","○","-","-","0","-","無","0.00","97","-4","-1.02 %","-","880","6,808,992","-8.49 %","貸借","0.00"
"ＧＸ日経カバコ","2858","東証","○","-","-","0","-","無","2.00","1,550","3","-1.02 %","-","16","369","-1.52 %","貸借","0.00"
"川崎地質","4673","東証","○","-","-","100","-","無","2.90","4,815","-15","-1.02 %","-","8","1,000","-2.62 %","信用","0.00"
"アルマード","4932","東証","○","-","-","0","09/28","有","0.70","770","-5","-1.02 %","-","52","11,300","-4.34 %","信用","0.00"
"ＴＯブックス","500A","東証","○","-","-","0","04/27","有","9.10","3,395","25","-1.02 %","-","31","5,000","-1.45 %","信用","0.00"
"西部電機","6144","東証","○","-","-","200","03/29","有","3.20","2,701","-17","-1.02 %","-","16","2,400","-3.36 %","信用","0.00"
"ト－ヨ－カネツ","6369","東証","○","-","○","16,100","-","無","0.00","2,326","-9","-1.02 %","-","436","78,400","-1.64 %","貸借","0.00"
"インターネットインフィニティー","6545","東証","○","-","-","100","03/29","有","0.00","770","-5","-1.02 %","-","27","6,800","-3.26 %","貸借","0.00"
"ティアック","6803","東証","○","-","-","2,800","03/29","有","0.00","97","0","-1.02 %","-","19","372,800","-2.02 %","貸借","0.00"
"フロンティアインターナショナル","7050","東証","○","-","-","200","-","無","0.30","1,444","-15","-1.02 %","-","52","7,100","-2.89 %","信用","0.00"
"阪急阪神リート","8977","東証","○","-","-","18","-","無","0.00","125,500","-1,400","-1.02 %","-","542","1,714","-3.90 %","貸借","0.00"
"ヨンキュウ","9955","東証","○","-","-","0","03/29","有","6.70","2,705","-28","-1.02 %","-","12","1,500","-1.31 %","信用","0.00"
"ジェコス","9991","東証","○","-","○","15,300","03/29","有","0.00","1,735","-5","-1.02 %","-","187","49,300","-2.69 %","貸借","0.00"
"コア","2359","東証","○","-","○","8,600","03/29","有","0.00","2,010","-32","-1.03 %","-","114","21,000","-2.94 %","貸借","0.00"
"タカミヤ","2445","東証","○","-","○","34,000","-","無","0.00","381","-4","-1.03 %","-","157","120,700","-3.54 %","貸借","0.00"
"あらた","2733","東証","○","-","○","17,800","03/29","有","0.00","2,490","-33","-1.03 %","-","457","108,600","-4.19 %","貸借","0.00"
"アセンテック","3565","東証","○","-","○","17,900","-","無","0.00","480","-2","-1.03 %","-","544","243,200","-4.95 %","貸借","0.00"
"三菱総合研究所","3636","東証","○","-","○","2,100","-","無","0.00","4,800","-45","-1.03 %","-","151","32,400","-1.43 %","貸借","0.00"
"大成ラミックグループ","4994","東証","○","-","○","5,800","03/29","有","0.00","2,575","-41","-1.03 %","-","83","14,600","-3.01 %","貸借","0.00"
"ＥＷＥＬＬ","5038","東証","○","-","-","1,200","-","無","1.60","2,296","13","-1.03 %","-","166","35,900","-2.46 %","信用","0.00"
"ダイイチ","7643","東証","○","-","-","100","03/29","有","2.00","1,620","-17","-1.03 %","-","26","4,100","-2.46 %","信用","0.00"
"内田洋行","8057","東証","○","-","○","7,300","-","無","0.00","2,207","-26","-1.03 %","-","781","153,700","-2.43 %","貸借","0.00"
"アイザワ証券グループ","8708","東証","○","-","○","1,600","-","無","0.00","1,624","-5","-1.03 %","-","714","192,300","-5.30 %","貸借","0.00"
"ＮＺＡＭＪリート","1595","東証","○","-","-","1,101","-","無","0.00","1,711","-23","-1.04 %","-","136","110,039","-3.33 %","貸借","0.00"
"第一カッター興業","1716","東証","○","-","○","7,400","-","無","0.00","1,326","-10","-1.04 %","-","155","49,700","-2.71 %","貸借","0.00"
"東鉄工業","1835","東証","○","-","○","8,000","-","無","0.00","3,770","-10","-1.04 %","-","225","61,200","-2.33 %","貸借","0.00"
"ライト工業","1926","東証","○","-","○","69,800","-","無","0.00","950","-2","-1.04 %","-","934","533,200","-4.04 %","貸借","0.00"
"テイクアンドギヴニーズ","4331","東証","○","-","○","0","12/28","有","0.10","856","0","-1.04 %","-","341","154,600","-2.72 %","信用","0.00"
"ＷＥＬＢＹ","4438","東証","○","-","-","5,500","-","無","0.30","284","-5","-1.04 %","-","94","29,200","-17.68 %","信用","0.00"
"アルメタックス","5928","東証","○","-","-","100","-","無","0.00","284","-2","-1.04 %","-","14","8,200","-2.06 %","貸借","0.00"
"ダイフク","6383","東証","○","-","○","31,600","-","無","0.00","5,874","23","-1.04 %","-","4,707","1,715,200","-1.27 %","貸借","0.00"
"三桜工業","6584","東証","○","-","-","4,100","-","無","0.00","761","0","-1.04 %","-","729","403,900","-2.93 %","貸借","0.00"
"ツインバード","6897","東証","○","-","-","1,100","02/24","有","0.20","566","-10","-1.04 %","-","82","24,700","-5.82 %","信用","0.00"
"京王電鉄","9008","東証","○","-","○","226,100","03/29","有","0.00","741.1","-1.9","-1.04 %","-","3,586","1,779,400","-2.25 %","貸借","0.00"
"ビジョン","9416","東証","○","-","○","0","12/28","有","0.00","1,039","-1","-1.04 %","-","655","308,600","-2.07 %","貸借","0.00"
"横浜冷凍","2874","東証","○","-","-","3,000","03/29","有","0.00","1,880","9","-1.05 %","-","737","205,800","-5.43 %","貸借","0.00"
"ゼネラル・オイスター","3224","東証","○","-","-","0","03/29","有","0.40","658","-7","-1.05 %","-","12","3,000","-1.05 %","信用","0.00"
"ＭＸＳ読売３３３日株","348A","東証","○","-","-","0","-","無","0.00","298.8","5.6","-1.05 %","-","102","46,730","-1.15 %","貸借","0.00"
"インテグラル・グループ","5842","東証","○","-","-","2,700","-","無","2.80","2,810","-24","-1.05 %","-","567","91,100","-4.32 %","信用","0.00"
"日本ホスピスＨＬＤＧＳ","7061","東証","○","-","-","0","-","無","0.00","470","-5","-1.05 %","-","111","35,100","-4.27 %","貸借","0.00"
"エッチ・ケー・エス","7219","東証","○","-","-","100","02/24","有","2.90","2,435","-26","-1.05 %","-","6","1,600","-2.94 %","信用","0.00"
"京都きもの友禅ＨＤ","7615","東証","○","-","-","0","03/29","有","0.20","94","0","-1.05 %","-","20","49,700","-2.08 %","貸借","0.00"
"ＮＦエネ資源Ｔ１７","1618","東証","○","-","-","13","-","無","0.00","35,320","-190","-1.06 %","-","69","801","-1.86 %","貸借","0.00"
"ディップ","2379","東証","○","-","-","0","02/24","有","1.10","1,761","-23","-1.06 %","-","558","213,900","-2.43 %","貸借","0.05"
"ラクサス・テクノロジーズ","288A","東証","○","-","-","0","03/29","有","0.10","93","-2","-1.06 %","-","35","15,300","-3.12 %","信用","0.00"
"ミガロホールディングス","5535","東証","○","-","-","1,800","-","無","0.50","279","-3","-1.06 %","-","155","109,300","-2.44 %","信用","0.00"
"タクミナ","6322","東証","○","-","-","0","-","無","2.10","1,586","-17","-1.06 %","-","10","4,000","-1.73 %","信用","0.00"
"ネットプロＨＤ","7383","東証","○","-","○","80,200","03/29","有","0.00","373","2","-1.06 %","-","466","595,500","-2.09 %","貸借","0.00"
"ＮＮＫＯＳＰＩベアＥＴＮ","2034","東証","○","-","-","174","-","無","2.00","1,839","-28","-1.07 %","-","171","8,704","-4.21 %","信用","0.00"
"ＧＸロジＪリートＥＴＦ","2565","東証","○","-","-","40","-","無","1.00","829","-9","-1.07 %","-","168","10,359","-3.15 %","貸借","0.00"
"レント","372A","東証","○","-","-","0","-","無","4.50","5,540","-60","-1.07 %","-","20","3,600","-2.46 %","信用","0.00"
"ＺＥＴＡ","6031","東証","○","-","-","0","12/28","有","0.00","275","0","-1.07 %","-","59","26,700","-3.50 %","貸借","0.00"
"サンセイ","6307","東証","○","-","-","200","-","無","0.30","458","-4","-1.07 %","-","27","7,400","-3.37 %","信用","0.00"
"北陸電気工業","6989","東証","○","-","-","200","-","無","0.00","2,296","-32","-1.07 %","-","44","13,500","-3.65 %","貸借","0.00"
"ＢＵＹＳＥＬＬＴＥＣＨ","7685","東証","○","-","-","8,500","-","無","0.10","2,764","-4","-1.07 %","-","1,937","424,900","-3.05 %","信用","0.00"
"ＮＣＳ＆Ａ","9709","東証","○","-","-","200","-","無","0.00","1,200","-20","-1.07 %","-","132","19,800","-7.55 %","貸借","0.00"
"ＮＦ不動産Ｔ１７","1633","東証","○","-","-","5","-","無","0.00","46,610","-390","-1.08 %","-","48","273","-3.47 %","貸借","5.00"
"北雄ラッキー","2747","東証","○","-","-","1,700","02/24","有","2.90","3,185","-35","-1.08 %","-","4","500","-1.08 %","信用","0.00"
"ブロンコビリー","3091","東証","○","-","○","0","12/28","有","0.70","2,821","-45","-1.08 %","-","380","76,900","-2.79 %","信用","0.00"
"イビデン","4062","東証","○","-","○","115,000","-","無","0.00","12,265","165","-1.08 %","-","39,188","13,985,600","-2.50 %","貸借","0.00"
"ＺＵＵ","4387","東証","○","-","-","200","-","無","0.60","549","-5","-1.08 %","-","15","1,800","-1.96 %","信用","0.00"
"ＨＵＭＡＮＭＡＤＥ","456A","東証","○","-","-","0","01/27","有","2.40","2,097","-73","-1.08 %","-","5,029","1,350,700","-5.79 %","貸借","0.15"
"レナサイエンス","4889","東証","○","-","-","0","-","無","2.90","1,099","-4","-1.08 %","-","793","210,700","-5.25 %","信用","0.00"
"メタルアート","5644","東証","○","-","-","0","-","無","7.20","7,290","-10","-1.08 %","-","9","1,000","-1.08 %","信用","0.00"
"丸山製作所","6316","東証","○","-","-","100","03/29","有","0.00","2,839","10","-1.08 %","-","21","2,200","-1.08 %","貸借","0.00"
"加藤製作所","6390","東証","○","-","-","0","-","無","0.00","1,282","-10","-1.08 %","-","114","28,100","-2.13 %","貸借","0.00"
"テラプローブ","6627","東証","○","-","-","11,400","-","無","0.70","2,639","71","-1.08 %","-","2,076","570,600","-2.65 %","信用","0.00"
"インターアクション","7725","東証","○","-","○","800","11/26","有","0.00","1,826","20","-1.08 %","-","459","82,900","-3.33 %","貸借","0.00"
"三井不商業ファンド","8964","東証","○","-","-","117","-","無","0.00","72,600","-700","-1.08 %","-","824","10,276","-3.58 %","貸借","0.00"
"アシードホールディングス","9959","東証","○","-","-","0","03/29","有","0.60","911","-10","-1.08 %","-","38","11,900","-1.30 %","貸借","0.00"
"ＬｉｂＷｏｒｋ","1431","東証","○","-","-","300","12/28","有","2.20","633","-6","-1.09 %","-","85","32,000","-1.86 %","貸借","0.05"
"Ｉシェアーズ・コアＪリート","1476","東証","○","-","-","3,027","-","無","0.00","1,724","-16","-1.09 %","-","1,038","302,703","-3.09 %","貸借","0.00"
"フジ日本","2114","東証","○","-","-","300","09/28","有","1.70","633","-5","-1.09 %","-","68","16,100","-1.40 %","貸借","0.05"
"ＩＳグリーンＪリートＥＴＦ","2852","東証","○","-","-","190","-","無","0.20","163.1","-1.6","-1.09 %","-","32","2,350","-4.67 %","貸借","0.00"
"東京一番フーズ","3067","東証","○","-","-","0","03/29","有","0.00","453","-3","-1.09 %","-","16","6,400","-1.09 %","貸借","0.00"
"太陽ホールディングス","4626","東証","○","-","○","800","-","無","0.00","4,772","-28","-1.09 %","-","1,051","393,900","-1.79 %","貸借","0.00"
"ＧＬＯＢＥＥ","5575","東証","○","-","-","200","-","無","1.20","1,266","6","-1.09 %","-","41","9,400","-1.47 %","信用","0.00"
"ミクニ","7247","東証","○","-","-","200","-","無","0.10","362","-1","-1.09 %","-","56","18,800","-1.63 %","信用","0.00"
"極東証券","8706","東証","○","-","○","20,300","-","無","0.00","1,723","-18","-1.09 %","-","536","181,700","-3.85 %","貸借","0.00"
"東海旅客鉄道","9022","東証","○","-","○","85,100","03/29","有","0.00","3,603.0","-18.0","-1.09 %","-","3,055","1,725,100","-2.48 %","貸借","0.00"
"商船三井","9104","東証","○","-","○","143,500","03/29","有","0.00","7,049","-88","-1.09 %","-","5,536","1,782,000","-1.76 %","貸借","0.00"
"若築建設","1888","東証","○","-","○","3,600","-","無","0.00","3,580","-40","-1.10 %","-","67","11,500","-4.02 %","貸借","0.00"
"アールプランナー","2983","東証","○","-","-","700","-","無","0.60","1,605","-4","-1.10 %","-","129","19,900","-2.78 %","信用","0.00"
"ＮＥＸＹＺ．ＧＲＯＵＰ","4346","東証","○","-","-","1,200","-","無","0.00","896","-19","-1.10 %","-","446","116,900","-6.76 %","貸借","0.00"
"ＭＡＲＵＷＡ","5344","東証","○","-","○","1,800","03/29","有","0.00","59,870","1,520","-1.10 %","-","840","123,100","-2.09 %","貸借","0.00"
"大阪製鐵","5449","東証","○","-","-","300","03/29","有","0.00","2,420","-13","-1.10 %","-","107","19,300","-2.18 %","貸借","0.00"
"ダイキン工業","6367","東証","○","-","○","23,900","-","無","0.00","20,525","-60","-1.10 %","-","3,936","1,340,500","-2.63 %","貸借","0.00"
"ニコン","7731","東証","○","-","○","30,200","-","無","0.00","1,917.0","17.0","-1.10 %","-","4,632","1,466,700","-2.59 %","貸借","0.00"
"名古屋銀行","8522","東証","○","-","○","5,300","03/29","有","0.00","7,130","-70","-1.10 %","-","490","126,100","-4.29 %","貸借","0.00"
"上場Ｊリート","1345","東証","○","-","-","968","-","無","0.00","1,680","-18","-1.11 %","-","323","96,771","-3.11 %","貸借","0.00"
"ディジタルメディアプロ","3652","東証","○","-","-","1,000","-","無","0.80","3,115","35","-1.11 %","-","246","36,300","-6.87 %","信用","0.00"
"ブルーイノベーション","5597","東証","○","-","-","0","-","無","2.60","1,325","-13","-1.11 %","-","89","17,800","-2.71 %","信用","0.00"
"日本エアーテック","6291","東証","○","-","○","11,600","-","無","0.10","1,336","-21","-1.11 %","-","108","24,100","-1.54 %","信用","0.00"
"ヒップ","2136","東証","○","-","-","4,900","-","無","0.80","1,406","-16","-1.12 %","-","4","700","-2.29 %","信用","0.00"
"ジオリーブグループ","3157","東証","○","-","-","100","03/29","有","0.20","1,405","-25","-1.12 %","-","10","4,900","-3.76 %","信用","0.00"
"スターアジア不動産投","3468","東証","○","-","-","128","-","無","0.00","52,800","-800","-1.12 %","-","1,150","12,737","-4.00 %","貸借","0.00"
"ＫＬａｂ","3656","東証","○","-","-","0","-","無","0.40","175","-2","-1.12 %","-","648","1,471,000","-4.89 %","貸借","0.00"
"情報企画","3712","東証","○","-","-","100","03/29","有","1.30","971","-3","-1.12 %","-","13","2,100","-1.82 %","貸借","0.05"
"ＥＮＥＣＨＡＮＧＥ","4169","東証","○","-","-","0","-","無","0.30","263","1","-1.12 %","-","297","368,700","-2.23 %","貸借","0.00"
"ＪＩＧ．ＪＰ","5244","東証","○","-","-","0","-","無","0.20","176","0","-1.12 %","-","147","119,700","-3.29 %","貸借","0.00"
"古野電気","6814","東証","○","-","○","16,300","-","無","0.00","7,910","10","-1.12 %","-","1,198","438,300","-2.34 %","貸借","0.00"
"ＹＵＡＳＡ","8074","東証","○","-","○","2,400","-","無","0.00","6,130","-60","-1.12 %","-","114","33,700","-1.92 %","貸借","0.00"
"神鋼商事","8075","東証","○","-","○","1,600","-","無","0.00","3,075","-35","-1.12 %","-","170","47,500","-3.30 %","貸借","0.00"
"フォルシア","304A","東証","○","-","-","100","-","無","1.70","2,175","0","-1.13 %","-","10","1,400","-2.02 %","信用","0.00"
"フィスコ","3807","東証","○","-","-","4,300","12/28","有","0.20","87","-1","-1.13 %","-","56","423,700","-5.43 %","貸借","0.05"
"フリュー","6238","東証","○","-","○","18,400","03/29","有","0.00","1,394","-22","-1.13 %","-","455","126,900","-2.24 %","貸借","0.00"
"南海辰村建設","1850","東証","○","-","-","300","-","無","0.30","432","-5","-1.14 %","-","41","8,900","-2.26 %","信用","0.00"
"東亜建設","1885","東証","○","-","○","50,800","-","無","0.00","2,069","-16","-1.14 %","-","1,352","440,800","-3.90 %","貸借","0.00"
"ブルボン","2208","東証","○","-","-","100","03/29","有","1.80","3,015","0","-1.14 %","-","21","3,600","-1.14 %","信用","0.00"
"ランドネット","2991","東証","○","-","-","0","-","無","0.20","517","-6","-1.14 %","-","45","16,000","-3.36 %","信用","0.00"
"ウォンテッドリー","3991","東証","○","-","-","0","-","無","0.80","952","-1","-1.14 %","-","4","600","-2.35 %","信用","0.00"
"ペイクラウドホールディンク","4015","東証","○","-","-","500","02/24","有","0.20","518","-3","-1.14 %","-","100","24,500","-1.33 %","信用","0.00"
"虹技","5603","東証","○","-","-","0","-","無","0.00","1,290","-15","-1.14 %","-","17","3,500","-2.34 %","貸借","0.00"
"ＳＷＣＣ","5805","東証","○","-","○","60,400","-","無","0.00","2,847","17","-1.14 %","-","4,410","1,418,900","-2.89 %","貸借","0.00"
"トーアミ","5973","東証","○","-","-","100","-","無","0.30","602","0","-1.14 %","-","7","1,400","-1.14 %","信用","0.00"
"東京通信グループ","7359","東証","○","-","-","0","12/28","有","0.40","259","-5","-1.14 %","-","36","18,000","-4.77 %","信用","0.00"
"マーベラス","7844","東証","○","-","○","30,400","-","無","0.00","519","-6","-1.14 %","-","227","142,800","-3.17 %","貸借","0.00"
"伊澤タオル","365A","東証","○","-","-","800","-","無","1.00","768","-9","-1.15 %","-","111","40,800","-3.51 %","信用","0.00"
"セガサミーホールディングス","6460","東証","○","-","○","24,400","-","無","0.00","3,252.0","-33.0","-1.15 %","-","2,471","808,500","-4.26 %","貸借","0.05"
"平和不動産","8803","東証","○","-","○","24,400","03/29","有","0.00","2,230","-20","-1.15 %","-","864","301,300","-3.79 %","貸借","0.00"
"中国電力","9504","東証","○","-","○","195,600","-","無","0.00","977.6","-12.4","-1.15 %","-","5,286","1,889,400","-4.48 %","貸借","0.00"
"丹青社","9743","東証","○","-","○","22,700","-","無","0.00","1,367","-21","-1.15 %","-","497","219,000","-3.32 %","貸借","0.00"
"アスカネット","2438","東証","○","-","-","0","04/27","有","0.00","338","-3","-1.16 %","-","80","44,700","-2.87 %","貸借","0.00"
"ＳＵＭＣＯ","3436","東証","○","-","○","177,500","-","無","0.00","3,647.0","59.0","-1.16 %","-","27,923","10,931,200","-1.93 %","貸借","0.00"
"ＳＲＡホールディングス","3817","東証","○","-","○","12,400","-","無","0.00","4,655","-55","-1.16 %","-","114","23,400","-3.62 %","貸借","0.00"
"東急リアル・エステート","8957","東証","○","-","-","25","-","無","0.00","177,900","-500","-1.16 %","-","670","2,455","-2.78 %","貸借","5.00"
"大和証券リビング投","8986","東証","○","-","-","79","03/29","有","0.00","85,000","-1,000","-1.16 %","-","1,023","7,045","-4.38 %","貸借","0.00"
"ジャパンエクセレント投資","8987","東証","○","-","-","29","-","無","0.00","126,800","-1,400","-1.16 %","-","547","2,282","-3.13 %","貸借","0.00"
"エネクス・インフラ投資法","9286","東証","○","-","-","106","-","無","0.00","42,300","-500","-1.16 %","-","363","10,577","-3.75 %","貸借","0.00"
"メイテックグループホールデ","9744","東証","○","-","○","33,300","-","無","0.00","3,233.0","-39.0","-1.16 %","-","1,346","456,600","-2.11 %","貸借","0.00"
"ＭＩＲＡＲＴＨ不動産投","3492","東証","○","-","-","108","-","無","0.00","76,000","-800","-1.17 %","-","683","10,788","-3.06 %","貸借","0.00"
"ワールド","3612","東証","○","-","○","43,300","02/24","有","0.00","1,517","-18","-1.17 %","-","868","441,300","-3.25 %","貸借","0.00"
"ＳＳＳ＆Ｐ５００高配当","451A","東証","○","-","-","1,170","-","無","0.30","276.7","-8.8","-1.17 %","-","180","58,460","-3.08 %","信用","0.00"
"東邦亜鉛","5707","東証","○","-","-","3,200","-","無","0.00","923","0","-1.17 %","-","523","172,300","-4.05 %","貸借","0.00"
"駒井ハルテック","5915","東証","○","-","-","0","-","無","0.00","2,355","-48","-1.17 %","-","27","3,500","-2.84 %","貸借","0.00"
"東京製綱","5981","東証","○","-","○","12,800","-","無","0.00","1,846","-12","-1.17 %","-","262","44,100","-2.99 %","貸借","0.00"
"日本動物高度医療","6039","東証","○","-","-","1,300","-","無","0.30","1,005","-12","-1.17 %","-","314","61,700","-1.47 %","信用","0.00"
"ヤマノホールディングス","7571","東証","○","-","-","0","03/29","有","0.20","84","-2","-1.17 %","-","24","363,000","-3.44 %","貸借","0.00"
"ＶＴホールディングス","7593","東証","○","-","○","112,600","09/28","有","0.00","504","-6","-1.17 %","-","841","517,300","-3.44 %","貸借","0.00"
"北日本銀行","8551","東証","○","-","○","18,600","03/29","有","0.00","2,938","-39","-1.17 %","-","787","154,200","-5.07 %","貸借","0.00"
"ＭＩＲＡＲＴＨホールディング","8897","東証","○","-","○","105,800","09/28","有","0.00","422","-6","-1.17 %","-","331","427,200","-4.52 %","貸借","0.00"
"サカイホールディングス","9446","東証","○","-","-","0","-","無","0.60","674","-5","-1.17 %","-","23","13,800","-1.60 %","信用","0.00"
"守谷商会","1798","東証","○","-","-","800","-","無","1.00","1,082","-28","-1.18 %","-","23","39,100","-2.52 %","信用","0.00"
"野村不動産ＨＬＤＧＳ","3231","東証","○","-","○","688,400","-","無","0.00","843.0","-10.0","-1.18 %","-","7,805","7,317,600","-4.40 %","貸借","0.00"
"ビリングシステム","3623","東証","○","-","-","0","-","無","0.30","1,251","-20","-1.18 %","-","80","17,100","-4.13 %","信用","0.00"
"メディカルネット","3645","東証","○","-","-","0","11/26","有","0.30","251","-3","-1.18 %","-","67","26,500","-4.19 %","貸借","0.00"
"ニッポン高度紙工業","3891","東証","○","-","-","1,300","-","無","0.00","7,490","150","-1.18 %","-","569","126,600","-2.09 %","貸借","0.00"
"野村高利回りＪリート","459A","東証","○","-","-","4","-","無","5.00","9,699","25","-1.18 %","-","6","204","-1.18 %","信用","0.00"
"識学","7049","東証","○","-","-","100","02/24","有","1.40","752","-9","-1.18 %","-","105","29,400","-2.46 %","貸借","0.00"
"イクヨ","7273","東証","○","-","-","4,500","03/29","有","0.60","584","-7","-1.18 %","-","445","224,300","-5.80 %","信用","0.00"
"太洋基礎工業","1758","東証","○","-","-","100","-","無","1.70","2,400","0","-1.19 %","-","8","1,300","-1.27 %","信用","0.00"
"ＫＧ情報","2408","東証","○","-","-","0","-","無","0.30","825","-9","-1.19 %","-","11","2,100","-2.01 %","信用","0.00"
"ＯＮＥリート投資法人","3290","東証","○","-","-","30","-","無","0.00","74,300","-1,000","-1.19 %","-","502","2,940","-1.84 %","貸借","0.00"
"ＪＩＧ－ＳＡＷ","3914","東証","○","-","-","0","-","無","0.00","2,471","-10","-1.19 %","-","69","11,300","-4.07 %","貸借","0.00"
"ジーネクスト","4179","東証","○","-","-","700","-","無","0.20","330","-3","-1.19 %","-","38","11,600","-4.62 %","信用","0.00"
"コアコンセプト・テクノロジー","4371","東証","○","-","-","0","-","無","1.10","1,571","-8","-1.19 %","-","84","14,800","-2.66 %","貸借","0.00"
"ＡＩＣＲＯＳＳ","4476","東証","○","-","-","0","-","無","0.80","1,074","-13","-1.19 %","-","71","10,700","-2.18 %","信用","0.00"
"田中商事","7619","東証","○","-","-","100","-","無","0.00","990","-11","-1.19 %","-","27","6,700","-3.32 %","貸借","0.00"
"ユアサ・フナシヨク","8006","東証","○","-","-","0","03/29","有","1.30","1,485","0","-1.19 %","-","15","3,100","-3.13 %","貸借","0.00"
"ユナイテッド","2497","東証","○","-","-","200","03/29","有","0.40","490","-5","-1.20 %","-","78","26,900","-3.92 %","貸借","0.00"
"東急不動産ＨＤ","3289","東証","○","-","○","200,500","03/29","有","0.00","1,190.5","-11.5","-1.20 %","-","3,358","2,591,800","-3.56 %","貸借","0.00"
"ギークリー","505A","東証","○","-","-","100","-","無","1.20","1,315","-14","-1.20 %","-","109","27,200","-4.01 %","信用","0.00"
"ワイズホールディングス","5955","東証","○","-","-","1,900","03/29","有","0.00","82","1","-1.20 %","-","34","989,100","-1.20 %","貸借","0.00"
"薬王堂ホールディングス","7679","東証","○","-","○","14,900","-","無","0.00","1,561","-25","-1.20 %","-","463","127,000","-3.76 %","貸借","0.00"
"東リ","7971","東証","○","-","-","0","-","無","0.00","654","-8","-1.20 %","-","136","54,300","-3.96 %","貸借","0.00"
"電源開発","9513","東証","○","-","○","111,000","-","無","0.00","3,945","-71","-1.20 %","-","2,084","523,800","-3.23 %","貸借","0.00"
"サニックスホールディングス","4651","東証","○","-","-","0","-","無","0.00","243","-2","-1.21 %","-","150","147,500","-2.80 %","貸借","0.00"
"クニミネ工業","5388","東証","○","-","-","0","-","無","0.00","1,380","-17","-1.21 %","-","18","2,600","-1.84 %","貸借","0.00"
"タカチホ","8225","東証","○","-","-","500","03/29","有","2.10","3,645","-5","-1.21 %","-","2","200","-1.48 %","信用","0.00"
"ＭＷＣＣ","9227","東証","○","-","-","1,300","-","無","2.30","810","-13","-1.21 %","-","342","92,200","-3.11 %","貸借","0.05"
"東京瓦斯","9531","東証","○","-","○","24,600","-","無","0.00","6,075","-98","-1.21 %","-","2,448","878,300","-1.60 %","貸借","0.00"
"ハローズ","2742","東証","○","-","○","4,400","02/24","有","0.00","3,640","-20","-1.22 %","-","157","38,200","-3.83 %","貸借","0.00"
"サイバーリンクス","3683","東証","○","-","-","400","-","無","0.00","1,051","-14","-1.22 %","-","221","39,800","-3.75 %","貸借","0.00"
"ダイナパック","3947","東証","○","-","-","0","-","無","0.00","2,501","1","-1.22 %","-","4","500","-4.94 %","貸借","0.00"
"シンプレクスＨＤ","4373","東証","○","-","○","26,600","09/28","有","0.00","1,130","-21","-1.22 %","-","1,526","848,200","-2.83 %","貸借","0.00"
"インテリックスホールディング","463A","東証","○","-","-","100","-","無","0.60","969","-12","-1.22 %","-","64","17,700","-4.90 %","貸借","0.00"
"日亜鋼業","5658","東証","○","-","-","0","-","無","0.00","402","-5","-1.22 %","-","51","15,900","-1.47 %","貸借","0.00"
"日本軽金属ＨＤ","5703","東証","○","-","○","25,800","-","無","0.00","2,833","-7","-1.22 %","-","841","228,800","-2.41 %","貸借","0.00"
"ワッツ","2735","東証","○","-","-","0","08/27","有","0.00","720","-5","-1.23 %","-","128","31,400","-1.77 %","貸借","0.00"
"ＵＮＩＶＡ・ＯＡＫホールディン","3113","東証","○","-","-","0","03/29","有","0.10","80","-1","-1.23 %","-","55","126,600","-4.76 %","信用","0.00"
"上場高配当低ボラ","1399","東証","○","-","-","0","-","無","0.00","3,179","13","-1.24 %","-","23","376","-1.24 %","貸借","0.00"
"ＮＦ電力ガスＴ１７","1627","東証","○","-","-","54","-","無","0.00","11,945","-145","-1.24 %","-","135","2,384","-2.88 %","貸借","0.00"
"西松建設","1820","東証","○","-","○","29,600","-","無","0.00","5,235","-64","-1.24 %","-","871","185,700","-3.12 %","貸借","0.00"
"日本プロロジスリート","3283","東証","○","-","-","198","-","無","0.00","79,500","-800","-1.24 %","-","2,292","19,131","-4.21 %","貸借","0.00"
"力の源ＨＤ","3561","東証","○","-","-","1,700","03/29","有","0.00","1,348","-18","-1.24 %","-","551","164,300","-4.12 %","貸借","0.10"
"大阪油化工業","4124","東証","○","-","-","0","03/29","有","1.50","2,925","-10","-1.24 %","-","5","500","-2.01 %","信用","0.00"
"レシップホールディングス","7213","東証","○","-","-","200","03/29","有","0.00","636","-6","-1.24 %","-","56","20,900","-3.19 %","貸借","0.00"
"武蔵精密工業","7220","東証","○","-","○","15,900","-","無","0.00","3,170","25","-1.24 %","-","1,674","508,700","-1.55 %","貸借","0.00"
"レック","7874","東証","○","-","○","19,000","03/29","有","0.00","955","-8","-1.24 %","-","238","61,800","-1.95 %","貸借","0.00"
"マイクロアド","9553","東証","○","-","-","0","03/29","有","1.40","636","1","-1.24 %","-","253","74,600","-2.00 %","貸借","0.00"
"ＯＮＥ・ＣＳＩ５００","2553","東証","○","-","-","0","-","無","1.90","2,281.0","0.0","-1.25 %","-","43","4,640","-2.52 %","貸借","0.00"
"ジェイグループＨＤ","3063","東証","○","-","-","0","02/24","有","1.00","1,104","-17","-1.25 %","-","139","34,500","-4.16 %","貸借","0.10"
"稲葉製作所","3421","東証","○","-","-","700","01/27","有","0.30","1,575","-20","-1.25 %","-","118","34,700","-2.47 %","信用","0.00"
"モンスターラボ","5255","東証","○","-","-","0","-","無","0.30","79","-2","-1.25 %","-","64","117,100","-3.65 %","信用","0.00"
"日本金銭機械","6418","東証","○","-","○","20,400","-","無","0.00","1,254","3","-1.25 %","-","489","140,300","-2.48 %","貸借","0.00"
"スクウェア・エニックス・ＨＤ","9684","東証","○","-","-","11,500","12/28","有","0.00","2,839.0","-45.0","-1.25 %","-","3,220","1,047,800","-2.43 %","貸借","0.00"
"オプティム","3694","東証","○","-","-","1,600","03/29","有","0.00","467","-5","-1.26 %","-","310","144,800","-2.50 %","貸借","0.00"
"さくらインターネット","3778","東証","○","-","-","8,300","03/29","有","3.10","3,895","-35","-1.26 %","-","1,766","701,300","-4.18 %","貸借","0.00"
"富士ユナイトホールディンク","416A","東証","○","-","-","300","-","無","0.00","1,330","-17","-1.26 %","-","46","12,500","-1.26 %","貸借","0.00"
"リヒトラブ","7975","東証","○","-","-","200","02/24","有","0.80","1,171","10","-1.26 %","-","43","13,000","-1.59 %","貸借","0.00"
"三協フロンテア","9639","東証","○","-","-","300","03/29","有","0.10","2,262","-25","-1.26 %","-","40","11,400","-3.70 %","信用","0.00"
"淺沼組","1852","東証","○","-","○","97,700","-","無","0.00","851","-13","-1.27 %","-","732","411,700","-3.73 %","貸借","0.00"
"ソニーグループ","6758","東証","○","-","○","479,600","03/29","有","0.00","3,723","-30","-1.27 %","-","12,878","12,492,000","-1.74 %","貸借","0.00"
"マイネット","3928","東証","○","-","-","0","-","無","0.00","230","-5","-1.28 %","-","48","33,400","-4.16 %","貸借","0.00"
"ＧＸ防衛テック－日本株","513A","東証","○","-","-","0","-","無","0.00","843","4","-1.28 %","-","317","95,439","-1.40 %","貸借","0.00"
"ジオスター","5282","東証","○","-","-","1,600","-","無","0.20","384","-7","-1.28 %","-","204","79,200","-4.00 %","信用","0.00"
"ＰＲＯＰＥＲＴＹＴＥＣＨＮＯＬ","5527","東証","○","-","-","600","11/26","有","0.70","766","1","-1.28 %","-","93","24,400","-2.17 %","信用","0.00"
"トレイダーズＨＬＤＧＳ","8704","東証","○","-","-","1,400","-","無","0.00","1,383","-2","-1.28 %","-","509","132,100","-6.42 %","貸借","0.00"
"カネコ種苗","1376","東証","○","-","○","5,000","-","無","0.10","1,520","-16","-1.29 %","-","203","42,300","-3.79 %","信用","0.00"
"コンフォリア・レジデンシャル","3282","東証","○","-","-","61","-","無","0.00","91,200","-1,100","-1.29 %","-","734","6,092","-3.59 %","貸借","0.00"
"ボルテージ","3639","東証","○","-","-","0","12/28","有","0.20","228","-4","-1.29 %","-","36","11,400","-2.56 %","貸借","0.00"
"ティアンドエスグループ","4055","東証","○","-","-","300","-","無","4.00","1,601","-9","-1.29 %","-","137","26,700","-2.91 %","貸借","0.10"
"ＧＸ防衛テックＥＴＦ","466A","東証","○","-","-","870","-","無","1.00","993","-5","-1.29 %","-","280","43,488","-1.29 %","信用","0.00"
"アースインフィニティ","7692","東証","○","-","-","0","-","無","0.10","76","-1","-1.29 %","-","41","151,600","-2.56 %","信用","0.00"
"カノークス","8076","東証","○","-","-","0","-","無","0.00","2,055","-27","-1.29 %","-","19","2,900","-2.14 %","貸借","0.00"
"フィンテックグローバル","8789","東証","○","-","-","11,700","03/29","有","0.00","152","-1","-1.29 %","-","284","895,700","-3.18 %","貸借","0.00"
"ＮＦ鉄鋼非鉄Ｔ１７","1623","東証","○","-","-","0","-","無","0.00","67,250","110","-1.30 %","-","292","1,564","-1.30 %","貸借","0.00"
"新日本建設","1879","東証","○","-","○","500","09/28","有","0.00","2,190","-13","-1.30 %","-","457","112,800","-2.44 %","貸借","0.00"
"ＮＪＳ","2325","東証","○","-","-","300","12/28","有","0.00","4,525","-100","-1.30 %","-","166","30,800","-3.00 %","貸借","0.00"
"ソルクシーズ","4284","東証","○","-","-","400","12/28","有","0.20","454","-1","-1.30 %","-","56","17,900","-2.57 %","信用","0.00"
"ラクオリア創薬","4579","東証","○","-","-","0","-","無","0.10","607","-2","-1.30 %","-","186","51,600","-3.95 %","信用","0.00"
"石塚硝子","5204","東証","○","-","-","0","03/17","有","7.40","3,030","0","-1.30 %","-","12","2,500","-1.78 %","貸借","0.00"
"ダントーホールディングス","5337","東証","○","-","-","0","-","無","2.30","908","-11","-1.30 %","-","68","16,200","-3.09 %","貸借","0.00"
"トミタ","8147","東証","○","-","-","100","03/29","有","1.20","1,442","-18","-1.30 %","-","6","1,200","-2.56 %","信用","0.00"
"マネックスＧ","8698","東証","○","-","-","16,000","03/29","有","0.00","682","-6","-1.30 %","-","818","1,418,300","-3.53 %","貸借","0.00"
"グリーンモンスター","157A","東証","○","-","-","400","-","無","0.90","750","-10","-1.31 %","-","17","3,100","-5.06 %","信用","0.00"
"ＵＬＳグループ","3798","東証","○","-","-","7,000","-","無","0.10","524","-10","-1.31 %","-","414","350,400","-3.14 %","信用","0.00"
"シンメンテホールディングス","6086","東証","○","-","-","800","02/24","有","0.60","977","-9","-1.31 %","-","130","39,100","-3.64 %","信用","0.00"
"エコートレーディング","7427","東証","○","-","-","0","02/24","有","0.00","826","-3","-1.31 %","-","14","3,500","-1.31 %","貸借","0.00"
"ニホンフラッシュ","7820","東証","○","-","○","10,800","-","無","0.00","676","-6","-1.31 %","-","176","72,900","-3.29 %","貸借","0.00"
"安藤・間","1719","東証","○","-","○","94,000","-","無","0.00","1,753.0","-22.5","-1.32 %","-","2,089","838,500","-4.46 %","貸借","0.00"
"ＧＸレジ＆エンタ日株","2645","東証","○","-","-","6","-","無","0.00","3,054","28","-1.32 %","-","9","19","-1.73 %","貸借","0.00"
"ＳＳＳ＆Ｐ５００ヘッジ無","449A","東証","○","-","-","210","-","無","0.60","828.6","3.9","-1.32 %","-","75","8,480","-1.32 %","信用","0.00"
"ＪＡＰＡＮＥＹＥＷＥＡＲＨＯ","5889","東証","○","-","○","1,000","-","無","1.80","2,164","-15","-1.32 %","-","696","151,700","-4.41 %","信用","0.00"
"テーオーシー","8841","東証","○","-","○","16,800","03/29","有","0.00","967","-3","-1.32 %","-","273","75,000","-2.81 %","貸借","0.05"
"コックス","9876","東証","○","-","-","300","02/24","有","0.10","224","0","-1.32 %","-","11","9,600","-1.32 %","信用","0.00"
"ヨシックスホールディングス","3221","東証","○","-","-","600","03/29","有","0.00","2,881","-48","-1.33 %","-","260","49,800","-5.07 %","貸借","0.00"
"ＳＩＧグループ","4386","東証","○","-","-","0","03/29","有","0.00","887","-13","-1.33 %","-","24","4,500","-1.98 %","貸借","0.00"
"ＫＥＹＨＯＬＤＥＲ","4712","東証","○","-","-","0","12/28","有","0.00","813","0","-1.33 %","-","9","3,400","-1.57 %","貸借","0.00"
"共英製鋼","5440","東証","○","-","○","18,300","03/29","有","0.00","1,844","-22","-1.33 %","-","517","127,700","-4.05 %","貸借","0.00"
"日阪製作所","6247","東証","○","-","○","9,600","03/29","有","0.00","1,626","-6","-1.33 %","-","237","56,600","-2.45 %","貸借","0.00"
"日宣","6543","東証","○","-","-","0","02/24","有","1.50","1,185","-13","-1.33 %","-","3","1,100","-1.33 %","信用","0.00"
"レノバ","9519","東証","○","-","-","9,400","03/29","有","0.00","812","-13","-1.33 %","-","807","590,400","-10.67 %","貸借","0.00"
"第一建設工業","1799","東証","○","-","-","0","-","無","0.00","3,305","-10","-1.34 %","-","57","11,200","-1.63 %","貸借","0.20"
"錢高組","1811","東証","○","-","-","0","-","無","0.00","7,360","-50","-1.34 %","-","17","2,100","-3.91 %","貸借","0.00"
"デジタルガレージ","4819","東証","○","-","○","12,000","-","無","0.00","2,416","-41","-1.34 %","-","1,200","265,500","-2.50 %","貸借","0.00"
"日本色材","4920","東証","○","-","-","7,000","02/24","有","0.10","1,172","-26","-1.34 %","-","4","500","-2.17 %","信用","0.00"
"日本パワーファスニング","5950","東証","○","-","-","0","12/28","有","0.30","147","-3","-1.34 %","-","34","19,800","-3.28 %","貸借","0.00"
"ホソカワミクロン","6277","東証","○","-","-","700","03/29","有","0.00","6,620","-20","-1.34 %","-","221","46,100","-1.78 %","貸借","0.00"
"豊トラスティ証券","8747","東証","○","-","-","0","-","無","0.10","2,126","-27","-1.34 %","-","50","11,100","-6.34 %","信用","0.00"
"プログリット","9560","東証","○","-","-","300","-","無","1.20","878","-12","-1.34 %","-","155","26,600","-2.98 %","貸借","0.00"
"ＮＦ日経ダブインバ","1357","東証","○","-","-","101,322","-","無","0.00","2,403","-119","-1.35 %","-","11,876","10,132,183","-8.24 %","貸借","0.00"
"グッドコムアセット","3475","東証","○","-","○","0","10/28","有","0.00","1,461","-19","-1.35 %","-","485","151,900","-2.07 %","貸借","0.05"
"フライトソリューションズ","3753","東証","○","-","-","3,000","-","無","0.20","218","-2","-1.35 %","-","159","130,400","-5.21 %","信用","0.00"
"ＳＭＥＮＴＥＲＴＡＩＮＭＥＮＴ","4772","東証","○","-","-","0","12/28","有","0.10","73","-1","-1.35 %","-","83","155,100","-1.35 %","信用","0.00"
"トラース・オン・プロダクト","6696","東証","○","-","-","0","-","無","0.30","291","-8","-1.35 %","-","86","14,500","-7.61 %","信用","0.00"
"デ・ウエスタン・セラピテクス","4576","東証","○","-","-","0","-","無","0.10","72","-2","-1.36 %","-","51","152,900","-5.26 %","信用","0.00"
"愛知製鋼","5482","東証","○","-","○","16,000","-","無","0.00","2,969","-21","-1.36 %","-","760","182,500","-3.28 %","貸借","0.00"
"新日本電工","5563","東証","○","-","○","54,400","-","無","0.00","434","-2","-1.36 %","-","389","416,200","-2.69 %","貸借","0.00"
"ジャパンマテリアル","6055","東証","○","-","○","24,000","-","無","0.00","2,391","45","-1.36 %","-","1,649","401,600","-1.48 %","貸借","0.00"
"インバウンドテック","7031","東証","○","-","-","0","-","無","0.40","720","24","-1.36 %","-","8","1,500","-1.36 %","信用","0.00"
"萩原工業","7856","東証","○","-","-","1,500","10/28","有","0.00","2,021","-24","-1.36 %","-","630","151,300","-3.30 %","貸借","0.05"
"テクセンドフォトマスク","429A","東証","○","-","○","36,300","-","無","0.00","3,950","80","-1.37 %","-","1,556","547,100","-1.61 %","貸借","0.00"
"エーワン精密","6156","東証","○","-","-","0","-","無","1.20","1,869","-26","-1.37 %","-","30","4,400","-2.35 %","信用","0.00"
"エプコ","2311","東証","○","-","-","0","12/28","有","0.50","781","-11","-1.38 %","-","33","10,400","-2.13 %","信用","0.00"
"双日","2768","東証","○","-","○","214,000","-","無","0.00","5,498","-37","-1.38 %","-","3,325","1,105,300","-2.56 %","貸借","0.00"
"ＧＸテック２０－日株ＥＴＦ","2854","東証","○","-","-","1,367","-","無","0.00","2,919","52","-1.38 %","-","788","136,657","-1.38 %","貸借","0.00"
"テラスカイ","3915","東証","○","-","-","0","-","無","0.00","2,210","-15","-1.38 %","-","399","62,600","-1.69 %","貸借","0.00"
"テンダ","4198","東証","○","-","-","0","-","無","0.10","500","-9","-1.38 %","-","20","8,700","-2.15 %","信用","0.00"
"クリエートメディック","5187","東証","○","-","-","0","-","無","0.10","1,138","-11","-1.38 %","-","15","3,100","-1.47 %","信用","0.00"
"大平洋金属","5541","東証","○","-","-","2,600","-","無","0.00","2,495","-35","-1.38 %","-","1,001","252,400","-6.41 %","貸借","0.00"
"モリテックスチル","5986","東証","○","-","-","1,400","-","無","0.00","284","-5","-1.38 %","-","196","84,400","-3.72 %","貸借","0.00"
"ジェイ・イー・テ","6228","東証","○","-","-","4,600","12/28","有","2.40","710","-10","-1.38 %","-","406","94,700","-7.43 %","信用","0.00"
"ＡＴＬＡＳＴＥＣＨＮＯＬＯＧＩ","9563","東証","○","-","-","0","-","無","0.30","355","0","-1.38 %","-","32","14,700","-2.73 %","信用","0.00"
"ＮＦ医薬品Ｔ１７","1621","東証","○","-","-","61","-","無","0.00","29,355","-125","-1.39 %","-","106","6,077","-2.24 %","貸借","0.00"
"矢作建設","1870","東証","○","-","-","1,200","-","無","0.00","2,052","-34","-1.39 %","-","357","87,900","-3.70 %","貸借","0.00"
"アドバンス・レジデンス","3269","東証","○","-","-","87","-","無","0.00","134,700","-1,500","-1.39 %","-","1,246","8,718","-3.51 %","貸借","0.00"
"菱友システムズ","4685","東証","○","-","-","400","-","無","2.00","2,749","-18","-1.39 %","-","77","12,800","-1.43 %","信用","0.00"
"合同製鐵","5410","東証","○","-","○","3,900","-","無","0.00","2,823","-42","-1.39 %","-","425","82,700","-2.88 %","貸借","0.00"
"ベルトラ","7048","東証","○","-","-","0","-","無","0.20","141","-2","-1.39 %","-","88","106,100","-5.36 %","貸借","0.00"
"ダイワボウＨＤ","3107","東証","○","-","○","5,200","-","無","0.00","3,662.0","18.0","-1.40 %","-","709","220,900","-1.58 %","貸借","0.05"
"クスリのアオキＨＬＤＧＳ","3549","東証","○","-","-","0","11/18","有","0.00","4,338","-73","-1.40 %","-","3,396","851,600","-1.65 %","貸借","0.00"
"防衛航空宇宙欧州","498A","東証","○","-","-","0","-","無","5.00","8,420","-150","-1.40 %","-","36","333","-3.40 %","信用","0.00"
"エアトリ","6191","東証","○","-","-","7,500","-","無","0.00","1,469","-9","-1.40 %","-","1,418","471,800","-2.58 %","貸借","0.00"
"新コスモス電機","6824","東証","○","-","-","600","-","無","2.10","3,870","-80","-1.40 %","-","123","29,500","-3.37 %","信用","0.00"
"ＮＦＤＡＸヘッジ無","487A","東証","○","-","-","27","-","無","1.00","1,957","5","-1.41 %","-","14","314","-3.78 %","信用","0.00"
"ハーバー研究所","4925","東証","○","-","-","0","03/29","有","0.00","1,676","-24","-1.41 %","-","21","4,300","-1.70 %","貸借","0.00"
"ＡＲＣＨＩＯＮ","543A","東証","○","-","○","210,900","-","無","0.00","279","-1","-1.41 %","-","1,504","16,769,600","-3.79 %","貸借","0.00"
"全保連","5845","東証","○","-","-","500","-","無","0.00","1,188","-17","-1.41 %","-","159","49,100","-3.25 %","貸借","0.00"
"ＳＲＳホールディングス","8163","東証","○","-","-","2,600","03/29","有","0.00","1,394","-13","-1.41 %","-","597","214,100","-2.31 %","貸借","0.05"
"ユニフォームネクスト","3566","東証","○","-","-","400","12/28","有","0.20","690","-27","-1.42 %","-","68","19,700","-4.95 %","信用","0.00"
"東京製鐵","5423","東証","○","-","○","12,600","-","無","0.00","1,656","-5","-1.42 %","-","697","306,600","-2.06 %","貸借","0.00"
"川崎重工業","7012","東証","○","-","○","398,700","-","無","0.00","2,354.5","4.5","-1.42 %","-","13,809","7,452,400","-1.83 %","貸借","0.00"
"ジャパン・ティッシュエンジ","7774","東証","○","-","-","900","-","無","0.00","831","-2","-1.42 %","-","251","72,700","-6.62 %","貸借","0.05"
"ヤマトモビリティ＆ＭＦＧ","7886","東証","○","-","-","0","-","無","0.40","553","-17","-1.42 %","-","4","700","-5.30 %","信用","0.00"
"いちごホテルリート投資","3463","東証","○","-","-","30","01/27","有","6.00","102,900","-2,100","-1.43 %","-","368","1,481","-4.89 %","信用","0.00"
"ＪＭホールディングス","3539","東証","○","-","-","1,400","07/28","有","0.00","1,440","-28","-1.43 %","-","397","125,200","-2.57 %","貸借","0.00"
"森六","4249","東証","○","-","○","10,600","-","無","0.00","2,747","-13","-1.43 %","-","114","24,000","-3.41 %","貸借","0.00"
"日東精工","5957","東証","○","-","-","800","12/28","有","0.00","754","-2","-1.43 %","-","113","60,100","-2.45 %","貸借","0.00"
"リンクアンドモチベーション","2170","東証","○","-","○","0","12/28","有","0.00","616","-9","-1.44 %","-","618","279,400","-6.52 %","貸借","0.05"
"上場フランス国債Ｈ無","2861","東証","○","-","-","11","-","無","5.00","5,114","-14","-1.44 %","-","17","1,088","-3.45 %","貸借","0.00"
"ＧＸＳＰＸプロテクト","379A","東証","○","-","-","0","-","無","2.00","1,360","-20","-1.44 %","-","10","216","-1.44 %","貸借","0.00"
"古河機金","5715","東証","○","-","○","11,400","-","無","0.00","4,085","45","-1.44 %","-","560","160,700","-1.56 %","貸借","0.00"
"住友不動産","8830","東証","○","-","○","41,000","-","無","0.00","3,063.0","-26.0","-1.44 %","-","3,919","2,582,300","-3.89 %","貸借","0.00"
"飯野海運","9119","東証","○","-","-","2,000","03/29","有","0.00","1,641","-3","-1.44 %","-","533","159,500","-2.66 %","貸借","0.00"
"トランス・コスモス","9715","東証","○","-","○","2,700","-","無","0.00","3,420","-55","-1.44 %","-","292","90,300","-2.00 %","貸借","0.00"
"アルコニックス","3036","東証","○","-","○","34,600","03/29","有","0.00","3,390","-10","-1.45 %","-","565","146,400","-2.30 %","貸借","0.00"
"バルテス・ホールディングス","4442","東証","○","-","-","0","03/29","有","0.00","407","-4","-1.45 %","-","62","14,600","-1.92 %","貸借","0.00"
"モリ工業","5464","東証","○","-","○","27,500","-","無","0.00","881","-14","-1.45 %","-","122","37,400","-3.82 %","貸借","0.00"
"ＳＢＩリーシングサービス","5834","東証","○","-","-","0","03/29","有","2.30","2,718","-21","-1.45 %","-","174","27,100","-4.49 %","貸借","0.00"
"三菱化工機","6331","東証","○","-","-","3,400","-","無","0.00","3,045","-5","-1.45 %","-","711","211,500","-8.42 %","貸借","0.00"
"幼児活動研究会","2152","東証","○","-","-","3,400","-","無","0.30","1,481","-22","-1.46 %","-","5","700","-2.94 %","信用","0.00"
"ＤＭＧ森精機","6141","東証","○","-","○","0","12/28","有","0.00","2,888.0","42.0","-1.46 %","-","4,595","1,560,000","-1.76 %","貸借","0.00"
"ワキタ","8125","東証","○","-","○","9,300","02/24","有","0.00","1,883","-24","-1.46 %","-","503","156,700","-2.33 %","貸借","0.05"
"テクミラホールディングス","3627","東証","○","-","-","0","-","無","0.00","267","-2","-1.47 %","-","70","15,700","-2.19 %","貸借","0.00"
"テリロジーホールディングス","5133","東証","○","-","-","9,300","-","無","0.20","334","3","-1.47 %","-","596","465,100","-2.90 %","信用","0.00"
"ハイデイ日高","7611","東証","○","-","○","8,900","02/24","有","0.00","2,936","-35","-1.47 %","-","1,456","337,000","-3.89 %","貸借","0.00"
"日本ロジスティクスＦ","8967","東証","○","-","-","72","-","無","0.00","86,900","-1,300","-1.47 %","-","1,019","6,439","-4.29 %","貸借","0.00"
"オンザページ","9160","東証","○","-","-","0","12/28","有","0.00","335","-4","-1.47 %","-","56","19,400","-1.47 %","貸借","0.00"
"オリエンタル白石","1786","東証","○","-","○","74,400","-","無","0.00","332","-4","-1.48 %","-","495","810,100","-3.20 %","貸借","0.00"
"コーエーテクモＨＤ","3635","東証","○","-","○","3,100","03/29","有","0.00","1,620.5","-25.0","-1.48 %","-","1,862","580,200","-2.29 %","貸借","0.00"
"ＷＯＷＯＷ","4839","東証","○","-","-","2,000","03/29","有","0.00","926","-15","-1.48 %","-","480","199,700","-5.02 %","貸借","0.00"
"ＡＳＮＯＶＡＣＯＭＰＡＮＩＥＳ","640A","東証","○","-","-","2,400","03/29","有","0.30","399","-14","-1.48 %","-","318","120,300","-18.73 %","信用","0.00"
"平和堂","8276","東証","○","-","-","1,800","02/17","有","0.00","2,529","-38","-1.48 %","-","667","160,000","-2.24 %","貸借","0.05"
"上場高配ベータヘッジ","1490","東証","○","-","-","0","-","無","8.00","7,770","0","-1.49 %","-","2","2","-2.70 %","貸借","0.00"
"ウイルコホールディングス","7831","東証","○","-","-","0","-","無","0.10","66","0","-1.49 %","-","13","11,000","-1.49 %","信用","0.00"
"大和証券オフィス投資","8976","東証","○","-","-","18","-","無","0.00","290,900","-4,500","-1.49 %","-","646","1,493","-4.15 %","貸借","0.00"
"マテリアルグループ","156A","東証","○","-","-","400","-","無","0.00","850","0","-1.50 %","-","99","32,800","-2.63 %","貸借","0.00"
"佐藤渡辺","1807","東証","○","-","-","4,800","-","無","1.30","1,900","-29","-1.50 %","-","5","700","-2.06 %","信用","0.00"
"日本電設工業","1950","東証","○","-","○","5,500","-","無","0.00","3,920","-15","-1.50 %","-","284","86,000","-2.00 %","貸借","0.00"
"五洋建設","1893","東証","○","-","○","106,900","-","無","0.00","1,429.0","-20.0","-1.51 %","-","2,789","1,498,800","-5.11 %","貸借","0.00"
"スターツプロシード投資","8979","東証","○","-","-","22","-","無","7.00","175,000","-2,700","-1.51 %","-","384","1,018","-5.30 %","信用","0.00"
"ショーボンドＨＤ","1414","東証","○","-","○","93,100","-","無","0.00","1,225.0","-22.0","-1.52 %","-","1,860","1,483,000","-3.08 %","貸借","0.00"
"日本国土開発","1887","東証","○","-","○","81,900","-","無","0.00","518","-5","-1.52 %","-","406","361,500","-3.53 %","貸借","0.00"
"特殊電極","3437","東証","○","-","-","0","-","無","1.50","2,585","-37","-1.52 %","-","14","1,800","-2.81 %","信用","0.00"
"ナブテスコ","6268","東証","○","-","○","48,600","-","無","0.00","4,979","53","-1.52 %","-","3,062","924,700","-1.63 %","貸借","0.00"
"川西倉庫","9322","東証","○","-","-","200","03/29","有","4.10","2,320","-36","-1.52 %","-","58","9,900","-2.60 %","信用","0.00"
"ＩＦ日経高利回ＲＥＩＴ","210A","東証","○","-","-","761","-","無","2.00","1,476","-8","-1.53 %","-","125","45,676","-2.38 %","貸借","0.00"
"上場Ｊリート（ミニ）","2552","東証","○","-","-","0","-","無","2.00","1,799","-15","-1.53 %","-","176","17,859","-3.53 %","貸借","0.00"
"ホームポジション","2999","東証","○","-","-","100","08/27","有","0.20","512","-7","-1.53 %","-","27","9,600","-3.21 %","信用","0.00"
"ノムラシステムコーポレーション","3940","東証","○","-","-","2,500","-","無","0.00","128","-2","-1.53 %","-","54","247,100","-3.03 %","貸借","0.00"
"ミナトホールディングス","6862","東証","○","-","-","3,900","03/29","有","2.30","5,120","-20","-1.53 %","-","829","182,700","-8.07 %","信用","0.00"
"アイナボホールディングス","7539","東証","○","-","-","200","03/29","有","1.00","770","-11","-1.53 %","-","67","16,800","-2.28 %","貸借","0.00"
"ＭＩＣ","300A","東証","○","-","-","600","09/28","有","1.70","2,813","-48","-1.54 %","-","130","29,400","-5.28 %","信用","0.00"
"アトミクス","4625","東証","○","-","-","0","03/29","有","0.80","895","0","-1.54 %","-","16","3,400","-2.18 %","信用","0.00"
"ＧＭＯインターネット","4784","東証","○","-","-","25,100","10/28","有","1.00","509","-2","-1.54 %","-","732","1,002,100","-5.74 %","信用","0.00"
"ＡＮＤＤＯホールディングス","3457","東証","○","-","-","0","06/28","有","0.00","824","-10","-1.55 %","-","487","431,100","-6.36 %","貸借","0.05"
"ビジネスエンジニアリング","4828","東証","○","-","○","5,700","-","無","0.00","1,270","-34","-1.55 %","-","786","190,200","-6.20 %","貸借","0.00"
"中広","2139","東証","○","-","-","0","03/29","有","0.40","502","-7","-1.56 %","-","8","1,500","-1.95 %","貸借","0.00"
"自重堂","3597","東証","○","-","-","200","-","無","6.20","8,800","-140","-1.56 %","-","57","8,600","-2.54 %","信用","0.00"
"カラダノート","4014","東証","○","-","-","700","01/27","有","0.30","441","-5","-1.56 %","-","69","31,300","-5.16 %","信用","0.00"
"リビン・テクノロジーズ","4445","東証","○","-","-","300","03/29","有","1.60","1,759","-32","-1.56 %","-","8","1,500","-2.27 %","信用","0.00"
"ほくほくフィナンシャルＧ","8377","東証","○","-","○","93,200","03/29","有","0.00","868.0","-9.3","-1.56 %","-","14,779","5,547,800","-4.73 %","貸借","0.00"
"関西電力","9503","東証","○","-","○","166,200","-","無","0.00","2,606.0","-26.5","-1.56 %","-","6,844","3,215,300","-3.83 %","貸借","0.00"
"ありがとうサービス","3177","東証","○","-","-","100","-","無","1.40","4,690","-145","-1.57 %","-","29","3,900","-7.31 %","信用","0.00"
"ホットランドホールディング","3196","東証","○","-","○","0","12/28","有","0.00","1,622","-29","-1.57 %","-","322","95,900","-3.39 %","貸借","0.05"
"ＳＡＮＫＹＯ","6417","東証","○","-","○","78,600","03/29","有","0.00","2,027.5","-42.0","-1.57 %","-","2,234","786,600","-2.43 %","貸借","0.00"
"日本精密","7771","東証","○","-","-","1,500","-","無","0.50","250","-3","-1.57 %","-","103","69,700","-4.58 %","信用","0.00"
"永大産業","7822","東証","○","-","-","0","-","無","0.00","250","-3","-1.57 %","-","45","65,400","-3.10 %","貸借","0.00"
"デリバリーコンサルティング","9240","東証","○","-","-","200","-","無","0.30","374","-1","-1.57 %","-","19","6,000","-2.85 %","信用","0.00"
"フレクト","4414","東証","○","-","-","200","-","無","0.60","1,120","0","-1.58 %","-","32","4,000","-2.77 %","信用","0.00"
"ウエスコホールディングス","6091","東証","○","-","-","0","-","無","1.20","934","-12","-1.58 %","-","22","4,200","-4.10 %","貸借","0.05"
"インスペック","6656","東証","○","-","-","0","-","無","0.70","808","-13","-1.58 %","-","184","32,500","-4.94 %","貸借","0.00"
"ストライダーズ","9816","東証","○","-","-","300","03/29","有","0.10","248","-8","-1.58 %","-","27","5,100","-7.11 %","信用","0.00"
"アピリッツ","4174","東証","○","-","-","2,000","-","無","0.80","1,050","-17","-1.59 %","-","204","39,300","-8.45 %","信用","0.00"
"キューデンホールディングス","642A","東証","○","-","○","190,100","-","無","0.00","1,943.5","-26.0","-1.59 %","-","6,095","2,049,100","-8.30 %","貸借","0.00"
"ニッチツ","7021","東証","○","-","-","0","03/29","有","1.20","2,400","-25","-1.59 %","-","11","2,500","-4.00 %","信用","0.00"
"太洋テクノレックス","6663","東証","○","-","-","0","-","無","0.30","306","-1","-1.60 %","-","35","8,000","-1.60 %","信用","0.00"
"三谷産業","8285","東証","○","-","○","2,100","03/29","有","0.00","797","-15","-1.60 %","-","265","98,900","-2.56 %","貸借","0.00"
"明海グループ","9115","東証","○","-","-","0","-","無","0.90","983","-16","-1.60 %","-","89","19,000","-5.02 %","信用","0.00"
"高橋カーテンウォール","1994","東証","○","-","-","200","-","無","0.50","611","0","-1.61 %","-","26","8,700","-1.76 %","信用","0.00"
"ルネサンス","2378","東証","○","-","-","1,000","03/29","有","0.00","974","-20","-1.61 %","-","291","100,800","-3.75 %","貸借","0.05"
"フェイスネットワーク","3489","東証","○","-","-","700","-","無","0.00","732","-12","-1.61 %","-","214","68,300","-5.05 %","貸借","0.00"
"免疫生物研究所","4570","東証","○","-","-","2,200","-","無","1.30","1,156","11","-1.61 %","-","433","92,800","-3.66 %","信用","0.00"
"大阪チタニウム","5726","東証","○","-","-","5,100","-","無","3.40","2,376","-17","-1.61 %","-","1,621","415,400","-4.65 %","貸借","0.15"
"アドバネクス","5998","東証","○","-","-","200","-","無","0.00","3,040","20","-1.61 %","-","87","11,400","-3.49 %","貸借","0.00"
"平和ホールディングス","6412","東証","○","-","○","64,300","03/29","有","0.00","2,005","-20","-1.61 %","-","756","245,300","-4.20 %","貸借","0.00"
"シンフォニアテクノロジー","6507","東証","○","-","○","5,300","-","無","0.00","14,590","190","-1.61 %","-","1,059","254,200","-3.18 %","貸借","0.00"
"セキ","7857","東証","○","-","-","400","03/29","有","0.50","1,276","-21","-1.61 %","-","2","200","-1.61 %","信用","0.00"
"スローガン","9253","東証","○","-","-","0","-","無","0.50","729","-22","-1.61 %","-","16","2,000","-3.95 %","信用","0.00"
"ファイズホールディングス","9325","東証","○","-","-","400","03/29","有","0.20","1,034","-7","-1.61 %","-","115","18,200","-2.26 %","信用","0.00"
"大盛工業","1844","東証","○","-","-","3,000","-","無","0.90","424","-6","-1.62 %","-","182","149,100","-4.71 %","信用","0.00"
"東証ＲＥＩＴＥＴＦ","2555","東証","○","-","-","60","-","無","3.50","1,725.0","-15.0","-1.62 %","-","42","75,910","-3.68 %","貸借","0.00"
"まぐまぐ","4059","東証","○","-","-","0","-","無","0.50","364","1","-1.62 %","-","3","700","-2.93 %","信用","0.00"
"ＳＳＳ＆Ｐ５００ヘッジ有","450A","東証","○","-","-","120","-","無","0.80","791.0","1.9","-1.62 %","-","4","360","-1.62 %","信用","0.00"
"ペプチドリーム","4587","東証","○","-","○","84,500","-","無","0.00","1,056.5","-19.5","-1.62 %","-","1,336","555,200","-7.64 %","貸借","0.00"
"日本シイエムケイ","6958","東証","○","-","○","84,200","-","無","0.00","789","1","-1.62 %","-","1,099","961,900","-2.35 %","貸借","0.00"
"任天堂","7974","東証","○","-","○","379,400","-","無","0.00","7,742","-107","-1.62 %","-","20,281","8,755,700","-3.00 %","貸借","0.00"
"川辺","8123","東証","○","-","-","0","03/29","有","1.40","1,390","-23","-1.62 %","-","7","1,400","-1.62 %","信用","0.00"
"ソラコム","147A","東証","○","-","-","1,200","04/27","有","2.10","964","-7","-1.63 %","-","281","121,100","-1.73 %","貸借","0.00"
"ＮＮＨＳＩブルＥＴＮ","2031","東証","○","-","-","22","-","無","4.00","6,935","-15","-1.63 %","-","25","1,095","-3.68 %","信用","0.00"
"ウェルネオシュガー","2117","東証","○","-","○","10,900","03/29","有","0.00","2,706","-48","-1.63 %","-","223","56,800","-4.44 %","貸借","0.05"
"ＵＮＩＣＯＮホールディングス","407A","東証","○","-","-","0","-","無","0.50","905","-10","-1.63 %","-","50","11,600","-3.10 %","信用","0.00"
"ＡＣＣＥＳＳ","4813","東証","○","-","-","3,400","-","無","0.00","422","0","-1.63 %","-","564","271,700","-4.52 %","貸借","0.00"
"トーヨーアサノ","5271","東証","○","-","-","1,700","02/24","有","2.30","2,290","5","-1.63 %","-","3","600","-2.13 %","信用","0.00"
"いちごグリーンインフラ","9282","東証","○","-","-","12","12/28","有","10.00","29,500","-500","-1.63 %","-","89","580","-3.27 %","信用","0.00"
"ＳＭＤＡＭ日本高配当","2011","東証","○","-","-","280","-","無","0.80","855.2","-14.3","-1.64 %","-","41","28,160","-1.64 %","貸借","0.00"
"東北新社","2329","東証","○","-","-","5,300","-","無","0.40","479","-8","-1.64 %","-","245","261,500","-3.03 %","信用","0.00"
"ユニチカ","3103","東証","○","-","-","10,100","-","無","3.20","1,498","-2","-1.64 %","-","7,178","4,143,300","-7.81 %","貸借","0.00"
"ロードスターキャピタル","3482","東証","○","-","○","0","12/28","有","0.00","2,448","-22","-1.64 %","-","311","72,000","-4.26 %","貸借","0.00"
"シイエヌエス","4076","東証","○","-","-","0","-","無","1.00","1,972","-33","-1.64 %","-","13","3,400","-2.32 %","信用","0.00"
"古河電工","5801","東証","○","-","○","152,900","-","無","0.00","4,378","-51","-1.64 %","-","52,335","24,559,000","-2.47 %","貸借","0.00"
"共和工業所","5971","東証","○","-","-","100","04/27","有","4.50","8,950","-150","-1.64 %","-","2","200","-1.64 %","信用","0.00"
"小倉クラッチ","6408","東証","○","-","-","0","-","無","2.10","4,175","-65","-1.64 %","-","4","500","-2.45 %","信用","0.00"
"あさひ","3333","東証","○","-","○","8,300","-","無","0.00","1,247","-16","-1.65 %","-","658","241,800","-2.57 %","貸借","0.00"
"静甲","6286","東証","○","-","-","100","03/29","有","2.00","1,489","-23","-1.65 %","-","30","4,600","-2.67 %","信用","0.00"
"ディスラプターズ","6538","東証","○","-","-","900","-","無","0.00","238","-7","-1.65 %","-","259","85,500","-3.64 %","貸借","0.00"
"ライトアップ","6580","東証","○","-","-","200","03/29","有","0.60","831","-17","-1.65 %","-","80","10,800","-5.13 %","貸借","0.00"
"ハリマビステム","9780","東証","○","-","-","100","-","無","1.00","1,129","-15","-1.65 %","-","4","700","-1.82 %","信用","0.00"
"ＳＲＥホールディングス","2980","東証","○","-","○","1,100","-","無","0.00","2,303","-32","-1.66 %","-","945","215,700","-1.95 %","貸借","0.00"
"小松マテーレ","3580","東証","○","-","○","10,100","-","無","0.00","709","-9","-1.66 %","-","208","103,200","-4.57 %","貸借","0.00"
"グリーホールディングス","3632","東証","○","-","○","105,000","-","無","0.00","413","-2","-1.66 %","-","596","729,700","-2.59 %","貸借","0.00"
"フジクラ","5803","東証","○","-","○","293,200","-","無","0.00","5,566","-32","-1.66 %","-","73,139","34,492,600","-2.47 %","貸借","0.00"
"岡野バルブ","6492","東証","○","-","-","300","-","無","6.20","15,340","20","-1.66 %","-","105","14,100","-6.97 %","信用","0.00"
"エリアリンク","8914","東証","○","-","-","1,100","-","無","0.00","825","-5","-1.66 %","-","381","103,800","-4.06 %","貸借","0.00"
"大成温調","1904","東証","○","-","-","600","03/29","有","1.20","1,230","-19","-1.67 %","-","191","61,400","-4.20 %","貸借","0.05"
"グローバル・ワン不動産","8958","東証","○","-","-","95","-","無","0.00","105,900","-1,900","-1.67 %","-","991","9,121","-2.57 %","貸借","0.00"
"デルソーレ","2876","東証","○","-","-","0","-","無","0.10","467","-8","-1.68 %","-","6","1,700","-2.91 %","信用","0.00"
"宮地エンジニアリングＧ","3431","東証","○","-","○","2,400","-","無","0.00","1,460","-34","-1.68 %","-","398","153,100","-3.69 %","貸借","0.00"
"ポバール興業","4247","東証","○","-","-","1,400","03/29","有","0.70","1,402","-22","-1.68 %","-","4","500","-1.68 %","信用","0.00"
"ジャパンリアルエステイト","8952","東証","○","-","-","197","-","無","0.00","105,100","-2,100","-1.68 %","-","1,591","15,910","-3.93 %","貸借","0.00"
"ＣＣＩグループ","7381","東証","○","-","○","19,800","-","無","0.00","1,333","-3","-1.69 %","-","799","335,700","-2.55 %","貸借","0.00"
"プログレス・テクノロジース","339A","東証","○","-","-","100","-","無","0.70","923","-19","-1.70 %","-","75","23,600","-2.32 %","信用","0.00"
"三菱製紙","3864","東証","○","-","-","1,500","03/29","有","0.00","1,208","-15","-1.70 %","-","393","138,900","-3.89 %","貸借","0.00"
"コンバム","6265","東証","○","-","-","0","-","無","1.30","3,175","-10","-1.70 %","-","13","1,600","-1.70 %","信用","0.00"
"魚力","7596","東証","○","-","-","900","03/29","有","0.20","2,137","-50","-1.70 %","-","168","41,600","-5.10 %","信用","0.00"
"東海汽船","9173","東証","○","-","-","0","12/28","有","1.50","2,824","0","-1.70 %","-","15","2,400","-1.70 %","信用","0.00"
"メンタルヘルステクノロジーズ","9218","東証","○","-","-","0","12/28","有","0.50","806","1","-1.70 %","-","135","29,800","-2.89 %","貸借","0.00"
"オカムラ食品工業","2938","東証","○","-","-","1,300","06/28","有","2.40","1,201","-21","-1.71 %","-","354","128,300","-4.68 %","貸借","0.10"
"クリアル","2998","東証","○","-","-","3,100","03/29","有","1.20","458","-3","-1.71 %","-","221","111,900","-9.12 %","信用","0.00"
"エムアップホールディングス","3661","東証","○","-","○","3,100","-","無","0.00","801","-3","-1.71 %","-","860","354,100","-3.37 %","貸借","0.00"
"デジタルプラス","3691","東証","○","-","-","400","03/29","有","0.70","1,780","-11","-1.71 %","-","89","18,200","-3.67 %","信用","0.00"
"マーキュリー","5025","東証","○","-","-","100","02/24","有","0.50","572","-15","-1.71 %","-","14","2,400","-2.55 %","信用","0.00"
"今村証券","7175","東証","○","-","-","200","-","無","1.60","1,943","-34","-1.71 %","-","37","5,900","-6.36 %","信用","0.00"
"レーザーテック","6920","東証","○","-","○","18,400","-","無","0.00","46,190","60","-1.72 %","-","25,121","5,324,800","-5.63 %","貸借","0.00"
"岩手銀行","8345","東証","○","-","○","45,900","-","無","0.00","2,791","-19","-1.72 %","-","1,991","493,100","-4.58 %","貸借","0.00"
"高松コンストラクショングループ","1762","東証","○","-","○","5,800","03/29","有","0.00","3,960","-80","-1.73 %","-","243","58,200","-2.58 %","貸借","0.00"
"ライフドリンクカンパニー","2585","東証","○","-","○","37,600","-","無","0.00","1,305","-20","-1.73 %","-","1,521","635,100","-2.53 %","貸借","0.00"
"ＳＵＮＡＳＴＥＲＩＳＫ","4053","東証","○","-","○","0","12/28","有","0.00","509","-9","-1.73 %","-","331","152,600","-5.21 %","貸借","0.00"
"沖縄電力","9511","東証","○","-","○","64,600","-","無","0.00","1,135","-20","-1.73 %","-","605","289,500","-4.86 %","貸借","0.00"
"テクノクラフト","622A","東証","○","-","-","5,100","-","無","1.00","508","-15","-1.74 %","-","221","82,000","-8.96 %","信用","0.00"
"チムニー","3178","東証","○","-","-","0","03/29","有","1.60","1,120","-16","-1.75 %","-","54","18,600","-2.26 %","貸借","0.10"
"トーセイ・リート投資法人","3451","東証","○","-","-","57","-","無","4.00","122,900","-3,400","-1.75 %","-","592","2,826","-4.58 %","信用","0.00"
"ニチモウ","8091","東証","○","-","-","200","-","無","0.00","2,300","-41","-1.75 %","-","76","14,700","-4.32 %","貸借","0.00"
"ＣＤＳ","2169","東証","○","-","-","0","-","無","0.00","1,730","-31","-1.76 %","-","22","4,800","-1.98 %","貸借","0.00"
"戸田工業","4100","東証","○","-","-","900","-","無","0.00","1,947","-58","-1.76 %","-","398","68,200","-5.62 %","貸借","0.10"
"和井田製作所","6158","東証","○","-","-","300","-","無","0.00","1,001","-27","-1.76 %","-","32","26,600","-3.75 %","貸借","0.00"
"戸田建設","1860","東証","○","-","○","12,900","03/29","有","0.00","1,383.5","-20.5","-1.77 %","-","1,744","934,000","-4.28 %","貸借","0.00"
"日鉄ソリューションズ","2327","東証","○","-","○","5,900","03/29","有","0.00","3,709","-112","-1.77 %","-","1,138","265,900","-3.83 %","貸借","0.00"
"ＧＸ高配当ＥＳＧ日株","2849","東証","○","-","-","1","-","無","5.00","5,421","18","-1.77 %","-","4","91","-1.77 %","貸借","0.00"
"ＴＨＥＣＯＯ","4255","東証","○","-","-","300","12/28","有","2.10","3,315","-85","-1.77 %","-","47","12,800","-5.01 %","信用","0.00"
"ククレブ・アドバイザース","276A","東証","○","-","-","0","-","無","7.00","4,120","-80","-1.78 %","-","80","15,400","-5.72 %","信用","0.00"
"ＤＥＬＴＡ－ＦＬＹＰＨＡＲＭＡ","4598","東証","○","-","-","0","-","無","0.10","110","-1","-1.78 %","-","172","246,800","-5.98 %","信用","0.00"
"日本精鉱","5729","東証","○","-","-","300","03/29","有","2.30","1,655","-26","-1.78 %","-","63","11,700","-3.38 %","信用","0.00"
"コプロ・ホールディングス","7059","東証","○","-","-","0","-","無","0.00","935","-18","-1.78 %","-","267","74,500","-4.59 %","貸借","0.00"
"カナディアン・ソーラーインフラ","9284","東証","○","-","-","43","-","無","124.00","71,700","-600","-1.78 %","-","340","4,225","-3.88 %","貸借","0.00"
"建設技術研究所","9621","東証","○","-","○","5,400","-","無","0.00","3,305","-50","-1.78 %","-","316","86,800","-2.65 %","貸借","0.20"
"ビーロット","3452","東証","○","-","-","0","12/28","有","0.00","1,369","-24","-1.79 %","-","364","133,400","-5.71 %","貸借","0.00"
"カワタ","6292","東証","○","-","-","0","-","無","0.10","822","-14","-1.79 %","-","18","3,800","-3.52 %","信用","0.00"
"ＡＮＤＦＡＣＴＯＲＹ","7035","東証","○","-","-","8,500","02/24","有","0.20","219","-3","-1.79 %","-","211","106,000","-6.00 %","貸借","0.00"
"出光興産","5019","東証","○","-","○","228,200","03/29","有","0.00","1,526.5","-33.5","-1.80 %","-","5,987","4,847,000","-3.81 %","貸借","0.00"
"ＮＺＡＭ日経高配当５０","531A","東証","○","-","-","12","-","無","3.00","2,282","8","-1.80 %","-","17","600","-2.76 %","信用","0.00"
"グリッド","5582","東証","○","-","-","0","-","無","3.20","2,072","-10","-1.80 %","-","40","6,800","-2.76 %","信用","0.00"
"ＮＯＫＧＲＯＵＰ","641A","東証","○","-","○","12,000","-","無","0.00","2,829.0","-19.0","-1.80 %","-","3,278","914,100","-9.26 %","貸借","0.00"
"篠崎屋","2926","東証","○","-","-","0","-","無","0.10","108","-2","-1.81 %","-","39","94,500","-7.69 %","貸借","0.00"
"イメージ情報開発","3803","東証","○","-","-","4,100","-","無","1.50","596","-15","-1.81 %","-","395","85,500","-17.67 %","信用","0.00"
"三機サービス","6044","東証","○","-","-","0","-","無","0.80","1,836","-31","-1.81 %","-","33","4,400","-2.85 %","信用","0.00"
"ウッドワン","7898","東証","○","-","-","100","-","無","0.00","920","-15","-1.81 %","-","14","3,800","-2.02 %","貸借","0.00"
"ムゲンエステート","3299","東証","○","-","-","1,500","-","無","0.00","1,614","-31","-1.82 %","-","510","145,000","-6.70 %","貸借","0.00"
"大紀アルミニウム","5702","東証","○","-","○","29,900","-","無","0.00","1,718","-27","-1.82 %","-","923","241,100","-4.18 %","貸借","0.00"
"東京地下鉄","9023","東証","○","-","-","17,500","03/29","有","0.00","1,424.5","-15.5","-1.82 %","-","2,290","1,703,300","-3.12 %","貸借","0.00"
"ＧＸスーパーディビＥＴＦ","2564","東証","○","-","-","166","-","無","4.00","3,641","-18","-1.83 %","-","196","16,524","-1.83 %","貸借","0.00"
"巴川コーポレーション","3878","東証","○","-","-","1,600","-","無","0.70","963","-6","-1.83 %","-","270","55,200","-4.55 %","貸借","0.00"
"ＳＥＣカーボン","5304","東証","○","-","-","0","-","無","0.00","2,351","-11","-1.83 %","-","92","23,400","-3.76 %","貸借","0.00"
"ＮＦ日本株政策","605A","東証","○","-","-","750","-","無","0.20","203.5","-0.5","-1.83 %","-","80","37,470","-1.83 %","信用","0.00"
"精工技研","6834","東証","○","-","-","2,500","-","無","7.10","6,920","70","-1.84 %","-","2,172","814,100","-4.28 %","貸借","0.05"
"三菱地所","8802","東証","○","-","○","81,600","-","無","0.00","3,465.0","-33.0","-1.84 %","-","4,498","3,035,600","-4.14 %","貸借","0.00"
"北海道電力","9509","東証","○","-","-","21,900","-","無","0.00","1,062.0","-23.0","-1.84 %","-","3,755","2,110,300","-6.14 %","貸借","0.05"
"紀文食品","2933","東証","○","-","-","1,100","09/28","有","0.00","1,058","-29","-1.85 %","-","302","101,600","-3.99 %","貸借","0.05"
"ＳＢＩインシュアランスＧ","7326","東証","○","-","-","3,000","03/29","有","1.00","2,069","-36","-1.85 %","-","385","85,400","-4.52 %","信用","0.00"
"三晃金属","1972","東証","○","-","-","400","-","無","0.00","1,265","-15","-1.86 %","-","101","29,100","-3.21 %","貸借","0.00"
"リバーエレテック","6666","東証","○","-","-","1,100","-","無","0.60","840","-10","-1.86 %","-","245","42,900","-6.45 %","信用","0.00"
"日本ビルファンド","8951","東証","○","-","-","477","-","無","0.00","115,600","-2,200","-1.86 %","-","3,197","52,162","-3.66 %","貸借","0.00"
"北陸電力","9505","東証","○","-","○","75,600","-","無","0.00","1,051.0","-16.0","-1.86 %","-","2,499","1,205,000","-6.99 %","貸借","0.00"
"アスア","246A","東証","○","-","-","300","12/28","有","0.80","1,100","-18","-1.87 %","-","15","1,700","-2.56 %","信用","0.00"
"タイガースポリマー","4231","東証","○","-","-","0","-","無","0.00","993","-12","-1.87 %","-","101","15,900","-3.49 %","貸借","0.00"
"川上塗料","4616","東証","○","-","-","200","11/26","有","1.80","2,925","194","-1.87 %","-","66","10,100","-3.62 %","信用","0.00"
"あいちフィナンシャルグル","7389","東証","○","-","○","72,800","03/29","有","0.00","1,993","-33","-1.87 %","-","2,270","976,800","-4.27 %","貸借","0.00"
"丸藤シ－トパイル","8046","東証","○","-","-","300","-","無","0.00","942","-16","-1.87 %","-","119","28,400","-4.65 %","貸借","0.00"
"北海道瓦斯","9534","東証","○","-","-","2,100","03/29","有","0.00","833","-17","-1.88 %","-","493","189,700","-3.69 %","貸借","0.00"
"ライオン事務器","423A","東証","○","-","-","0","-","無","0.40","310","-5","-1.89 %","-","69","41,200","-2.82 %","信用","0.00"
"コタ","4923","東証","○","-","○","6,800","03/29","有","0.00","1,142","-24","-1.89 %","-","181","50,700","-4.11 %","貸借","0.10"
"近畿車輌","7122","東証","○","-","-","100","03/29","有","0.00","2,380","-46","-1.89 %","-","25","3,000","-2.45 %","貸借","0.00"
"コナミグループ","9766","東証","○","-","○","3,300","-","無","0.00","22,205","-145","-1.89 %","-","3,563","1,002,600","-3.37 %","貸借","1.20"
"ＧＸグリーン・ＪリートＥＴＦ","2855","東証","○","-","-","0","-","無","2.00","874","-2","-1.90 %","-","20","108","-2.78 %","貸借","0.00"
"ＪＭＡＣＳ","5817","東証","○","-","-","0","-","無","1.40","1,187","7","-1.90 %","-","134","27,800","-3.65 %","信用","0.00"
"中国Ａ株（パンダ）","1322","東証","○","-","-","0","-","無","7.00","11,030","30","-1.91 %","-","7","232","-2.34 %","貸借","0.00"
"コロンビア・ワークス","146A","東証","○","-","-","1,100","-","無","1.60","3,580","-40","-1.91 %","-","175","51,400","-2.31 %","信用","0.00"
"あみやき亭","2753","東証","○","-","-","3,900","03/29","有","0.20","1,334","-41","-1.91 %","-","809","192,000","-4.30 %","信用","0.00"
"石井食品","2894","東証","○","-","-","100","03/29","有","0.40","358","-7","-1.91 %","-","26","13,700","-3.24 %","信用","0.00"
"ＮＦユーロＳＴＯＸＸヘッジ無","486A","東証","○","-","-","53","-","無","2.00","2,099","-5","-1.91 %","-","34","1,525","-2.82 %","信用","0.00"
"サークレイス","5029","東証","○","-","-","300","-","無","1.10","920","-3","-1.91 %","-","63","12,000","-6.88 %","信用","0.00"
"ストライクグループ","6196","東証","○","-","○","52,100","-","無","0.00","1,382","-27","-1.91 %","-","896","321,600","-2.60 %","貸借","0.00"
"太陽誘電","6976","東証","○","-","○","28,400","-","無","0.00","10,490","395","-1.91 %","-","51,416","19,346,900","-3.04 %","貸借","0.00"
"ダイハツインフィニアース","6023","東証","○","-","-","1,000","-","無","0.00","3,305","-15","-1.92 %","-","349","86,700","-2.65 %","貸借","0.00"
"石油資源開発","1662","東証","○","-","○","95,600","-","無","0.00","1,720","-34","-1.93 %","-","1,919","981,900","-2.93 %","貸借","0.00"
"ＧＸ超長期米国債Ｈ","179A","東証","○","-","-","0","-","無","0.20","222.6","-4.4","-1.93 %","-","18","22,180","-2.15 %","貸借","0.00"
"エイチームホールディングス","3662","東証","○","-","-","1,300","01/27","有","0.00","914","-23","-1.93 %","-","282","128,500","-4.49 %","貸借","0.05"
"ヌーラボ","5033","東証","○","-","-","400","-","無","0.00","1,214","-24","-1.93 %","-","170","25,600","-2.72 %","貸借","0.00"
"鉄建建設","1815","東証","○","-","○","25,800","-","無","0.00","2,220","-50","-1.94 %","-","973","241,100","-3.60 %","貸借","0.00"
"小田原エンジニアリング","6149","東証","○","-","-","200","-","無","0.20","2,112","-49","-1.94 %","-","69","10,500","-3.56 %","信用","0.00"
"ゴールドクレスト","8871","東証","○","-","○","3,500","-","無","0.00","2,930","-37","-1.94 %","-","379","88,500","-4.87 %","貸借","0.00"
"エンカレッジ・テクノロジ","3682","東証","○","-","-","0","-","無","0.00","601","-9","-1.95 %","-","34","9,400","-2.27 %","貸借","0.00"
"北洋銀行","8524","東証","○","-","-","16,700","12/28","有","0.00","1,351","-10","-1.95 %","-","2,295","1,158,400","-2.94 %","貸借","0.00"
"ソースネクスト","4344","東証","○","-","○","0","12/28","有","0.00","100","-2","-1.96 %","-","395","1,889,200","-4.76 %","貸借","0.00"
"日本ラッド","4736","東証","○","-","-","0","-","無","0.30","600","-12","-1.96 %","-","13","2,900","-2.91 %","信用","0.00"
"ＳＡＮＥＩ","6230","東証","○","-","-","0","-","無","1.00","2,141","1","-1.96 %","-","4","1,100","-2.41 %","信用","0.00"
"ベストワンドットコム","6577","東証","○","-","-","0","07/28","有","1.30","1,300","-29","-1.96 %","-","57","10,200","-4.76 %","信用","0.00"
"シンシア","7782","東証","○","-","-","100","12/28","有","0.00","500","-8","-1.96 %","-","19","5,000","-3.66 %","貸借","0.00"
"リミックスポイント","3825","東証","○","-","-","25,100","-","無","0.20","248","-2","-1.97 %","-","471","916,000","-5.70 %","信用","0.00"
"ｇｕｍｉ","3903","東証","○","-","-","4,300","10/28","有","0.20","199","-5","-1.97 %","-","288","423,100","-4.78 %","貸借","0.05"
"ヘッドウォータース","4011","東証","○","-","-","500","-","無","8.50","2,283","-11","-1.97 %","-","137","20,900","-3.67 %","信用","0.00"
"ＳＢＩグローバルアセット","4765","東証","○","-","-","3,800","10/13","有","0.00","596","-13","-1.97 %","-","694","372,700","-4.02 %","貸借","0.00"
"プロレド・パートナーズ","7034","東証","○","-","-","1,100","-","無","0.10","298","-7","-1.97 %","-","154","51,400","-4.18 %","信用","0.00"
"四国電力","9507","東証","○","-","○","47,000","-","無","0.00","2,080.5","-26.5","-1.97 %","-","3,602","991,500","-4.97 %","貸借","0.00"
"ソケッツ","3634","東証","○","-","-","4,400","03/29","有","0.40","738","40","-1.99 %","-","1,448","367,200","-7.51 %","信用","0.00"
"日特建設","1929","東証","○","-","○","17,600","-","無","0.00","1,166","-22","-2.01 %","-","358","103,300","-3.71 %","貸借","0.00"
"デコルテ・ホールディングス","7372","東証","○","-","-","100","03/29","有","0.50","437","-1","-2.01 %","-","11","2,300","-2.23 %","貸借","0.00"
"クレオ","9698","東証","○","-","-","100","-","無","0.30","1,265","-38","-2.01 %","-","6","1,900","-2.91 %","信用","0.00"
"ＴＯＫＹＯＢＡＳＥ","3415","東証","○","-","○","8,800","01/27","有","0.00","338","-12","-2.02 %","-","962","823,100","-5.84 %","貸借","0.00"
"日本証券金融","8511","東証","○","-","○","34,700","-","無","0.00","2,321","-29","-2.02 %","-","1,108","307,300","-5.45 %","貸借","0.00"
"米国配当貴族ＥＴＮ","2044","東証","○","-","-","0","-","無","19.00","32,800","-60","-2.03 %","-","7","138","-2.03 %","信用","0.00"
"住友大阪セメント","5232","東証","○","-","○","11,800","-","無","0.00","1,867.0","1.0","-2.04 %","-","2,887","849,500","-2.14 %","貸借","0.00"
"日本インシュレーション","5368","東証","○","-","-","500","09/28","有","0.40","1,007","-18","-2.04 %","-","128","21,000","-3.54 %","信用","0.00"
"住友鉱山","5713","東証","○","-","○","75,400","-","無","0.00","9,672","-52","-2.04 %","-","9,151","2,138,400","-2.87 %","貸借","0.00"
"サクサ","6675","東証","○","-","-","300","03/29","有","0.00","2,056","-43","-2.04 %","-","100","24,400","-3.74 %","貸借","0.00"
"ニシオホールディングス","9699","東証","○","-","○","2,600","-","無","0.00","4,305","-40","-2.04 %","-","308","80,700","-3.36 %","貸借","0.00"
"Ｈｍｃｏｍｍ","265A","東証","○","-","-","700","-","無","0.90","761","-5","-2.05 %","-","161","31,000","-3.91 %","信用","0.00"
"ミクリード","7687","東証","○","-","-","600","-","無","0.10","477","22","-2.05 %","-","103","26,600","-2.25 %","信用","0.00"
"ＯＮＥＥＴＦ東証ＲＥＩＴ","2556","東証","○","-","-","0","-","無","0.00","1,731.0","-11.0","-2.06 %","-","354","74,850","-2.83 %","貸借","0.50"
"Ｓｃｈｏｏ","264A","東証","○","-","-","0","09/28","有","0.40","285","-5","-2.06 %","-","68","41,800","-4.36 %","信用","0.00"
"キーウェアソリューションズ","3799","東証","○","-","-","100","03/29","有","0.00","1,091","-19","-2.06 %","-","17","4,600","-2.24 %","貸借","0.00"
"日本山村硝子","5210","東証","○","-","-","500","03/29","有","0.00","2,752","-60","-2.06 %","-","227","45,000","-3.57 %","貸借","0.05"
"田中精密工業","7218","東証","○","-","-","0","03/29","有","1.00","1,137","-23","-2.06 %","-","34","7,400","-4.69 %","信用","0.00"
"ダイブグループ","151A","東証","○","-","-","300","-","無","0.60","615","-3","-2.07 %","-","52","10,300","-2.68 %","信用","0.00"
"ＮＦグローバルメモリ","639A","東証","○","-","-","16,970","-","無","0.20","207.5","-1.9","-2.07 %","-","717","848,110","-6.10 %","信用","0.00"
"ミーク","332A","東証","○","-","-","500","-","無","0.90","1,174","-17","-2.08 %","-","253","51,700","-5.01 %","貸借","0.00"
"カーリット","4275","東証","○","-","-","1,700","03/29","有","0.00","1,880","26","-2.08 %","-","686","157,900","-2.84 %","貸借","0.00"
"トレードワークス","3997","東証","○","-","-","0","12/28","有","0.90","420","-4","-2.09 %","-","353","173,600","-4.54 %","貸借","0.00"
"津田駒工業","6217","東証","○","-","-","0","-","無","1.10","796","-4","-2.09 %","-","286","63,300","-5.12 %","貸借","0.00"
"ＴＲＡＩＬＨＥＡＤＧＬＯＢＡＬ","3358","東証","○","-","-","0","03/29","有","0.10","93","-2","-2.10 %","-","20","28,200","-2.10 %","信用","0.00"
"グロバルリンクマネジメント","3486","東証","○","-","-","2,000","-","無","0.00","1,863","-32","-2.10 %","-","947","199,800","-7.31 %","貸借","0.00"
"エータイ","369A","東証","○","-","-","200","08/27","有","2.50","2,701","-21","-2.10 %","-","30","4,500","-2.59 %","信用","0.00"
"くふうカンパニーＨＤ","4376","東証","○","-","-","0","09/28","有","0.20","186","-4","-2.10 %","-","44","26,800","-3.62 %","信用","0.00"
"三相電機","6518","東証","○","-","-","200","-","無","0.60","1,718","-23","-2.10 %","-","52","8,800","-4.12 %","信用","0.00"
"センコン物流","9051","東証","○","-","-","0","03/29","有","0.80","1,160","-35","-2.10 %","-","24","4,300","-5.30 %","信用","0.00"
"ダイセキ","9793","東証","○","-","○","7,900","-","無","0.00","3,485","-5","-2.10 %","-","630","227,300","-2.38 %","貸借","0.00"
"セグエグループ","3968","東証","○","-","-","3,300","12/28","有","0.50","693","1","-2.11 %","-","681","307,100","-2.66 %","貸借","0.00"
"ネイス","589A","東証","○","-","-","0","-","無","1.30","1,339","-29","-2.11 %","-","70","18,000","-2.61 %","信用","0.00"
"ＧＭＯプロダクトプラット","3695","東証","○","-","-","400","10/28","有","0.30","1,568","-34","-2.12 %","-","110","19,200","-7.87 %","信用","0.00"
"ＩＦ米国債３５Ｈ無","381A","東証","○","-","-","60","-","無","3.00","2,121","4","-2.12 %","-","8","888","-2.12 %","貸借","0.00"
"Ｍマート","4380","東証","○","-","-","0","-","無","0.50","690","-15","-2.12 %","-","18","3,000","-2.67 %","信用","0.00"
"ジャパンエンジンコーポ","6016","東証","○","-","-","700","-","無","14.60","11,950","-240","-2.12 %","-","650","107,600","-5.08 %","信用","0.00"
"システムソフト","7527","東証","○","-","-","0","-","無","0.10","46","-1","-2.12 %","-","262","1,751,700","-6.12 %","信用","0.00"
"ＩＭＶ","7760","東証","○","-","-","1,300","-","無","1.20","2,121","-4","-2.12 %","-","266","48,800","-2.21 %","信用","0.00"
"ケイティケイ","3035","東証","○","-","-","400","08/18","有","0.00","735","-15","-2.13 %","-","89","32,700","-9.70 %","貸借","0.00"
"セック","3741","東証","○","-","-","500","-","無","0.00","3,210","-30","-2.13 %","-","189","45,600","-2.28 %","貸借","0.20"
"ノバシステム","5257","東証","○","-","-","0","-","無","1.80","2,825","-62","-2.14 %","-","6","700","-2.41 %","信用","0.00"
"京成電鉄","9009","東証","○","-","○","95,800","03/29","有","0.00","1,303.0","-10.5","-2.14 %","-","2,479","1,697,600","-2.86 %","貸借","0.00"
"スカパーＪＳＡＴ","9412","東証","○","-","○","102,900","-","無","0.00","1,965","-11","-2.14 %","-","2,190","995,200","-2.38 %","貸借","0.00"
"パイオラックス","5988","東証","○","-","-","800","03/29","有","0.00","1,628","-7","-2.16 %","-","273","67,800","-3.66 %","貸借","0.10"
"クワザワホールディングス","8104","東証","○","-","-","300","12/28","有","0.40","768","-23","-2.16 %","-","68","12,600","-6.68 %","信用","0.00"
"新都ホールディングス","2776","東証","○","-","-","800","-","無","0.20","90","-2","-2.17 %","-","109","184,400","-4.25 %","信用","0.00"
"ＢｌｕｅＭｅｍｅ","4069","東証","○","-","-","300","-","無","0.10","584","-15","-2.17 %","-","46","13,900","-7.59 %","信用","0.00"
"ＳＨＡＲＩＮＧＩＮＮＯＶＡＴＩ","4178","東証","○","-","-","2,700","-","無","0.40","900","-29","-2.17 %","-","176","51,400","-6.15 %","信用","0.00"
"ＨＯＵＳＥＩ","5035","東証","○","-","-","100","-","無","0.40","360","-4","-2.17 %","-","16","3,000","-2.17 %","信用","0.00"
"小松製作所","6301","東証","○","-","○","84,300","03/29","有","0.00","7,777","277","-2.17 %","-","10,298","3,770,300","-2.54 %","貸借","0.00"
"ジャパンディスプレイ","6740","東証","○","-","-","55,600","-","無","0.10","45","-1","-2.17 %","-","1,770","18,748,800","-21.05 %","-","0.00"
"ＡＮＹＭＩＮＤＧＲＯＵＰ","5027","東証","○","-","-","6,200","-","無","0.30","799","-7","-2.20 %","-","924","309,200","-5.33 %","信用","0.00"
"ゲームカードＨＤ","6249","東証","○","-","-","200","03/29","有","0.70","2,706","-35","-2.20 %","-","50","5,800","-3.28 %","信用","0.00"
"ＬＯＩＶＥ","352A","東証","○","-","-","0","-","無","1.70","530","-2","-2.21 %","-","30","7,100","-2.75 %","信用","0.00"
"三ッ星","5820","東証","○","-","-","0","03/29","有","0.80","881","-15","-2.21 %","-","131","27,900","-6.27 %","信用","0.00"
"フィットクルー","469A","東証","○","-","-","0","-","無","1.50","1,623","3","-2.22 %","-","3","500","-2.22 %","信用","0.00"
"ａｂｃ","8783","東証","○","-","-","0","08/27","有","0.20","44","0","-2.22 %","-","83","131,400","-2.22 %","信用","0.00"
"ＳＡＮＴＥＣＨＯＬＤＩＮＧＳ","6777","東証","○","-","-","2,800","-","無","4.10","23,640","270","-2.23 %","-","892","136,200","-3.47 %","信用","0.00"
"神奈川中央交通","9081","東証","○","-","-","300","03/29","有","0.00","3,715","-110","-2.23 %","-","118","22,200","-5.94 %","貸借","0.25"
"ＮＦ中国株上証５０","1309","東証","○","-","-","1","-","無","0.00","53,060","-220","-2.24 %","-","10","41","-2.69 %","貸借","0.00"
"ＧＸ日経株主還元４０","465A","東証","○","-","-","644","-","無","2.00","1,305","-8","-2.24 %","-","108","5,856","-2.39 %","信用","0.00"
"トーシンホールディングス","9444","東証","○","-","-","3,000","10/28","有","0.10","261","-6","-2.24 %","-","54","13,900","-11.22 %","信用","0.00"
"技研製作所","6289","東証","○","-","-","1,000","02/24","有","0.00","1,985","-46","-2.26 %","-","406","85,500","-3.02 %","貸借","0.15"
"アイスタイル","3660","東証","○","-","○","32,300","06/28","有","0.00","472","-9","-2.27 %","-","651","781,900","-5.97 %","貸借","0.00"
"あさくま","7678","東証","○","-","-","100","01/27","有","11.60","3,655","-85","-2.27 %","-","55","8,100","-5.31 %","貸借","0.20"
"ｖｉｓｕｍｏ","303A","東証","○","-","-","100","-","無","0.60","599","-14","-2.28 %","-","23","3,700","-2.44 %","信用","0.00"
"ピアラ","7044","東証","○","-","-","0","12/28","有","0.50","600","-14","-2.28 %","-","60","18,100","-3.69 %","信用","0.00"
"ピーエス・コンストラクション","1871","東証","○","-","○","21,700","-","無","0.00","2,041","-41","-2.29 %","-","702","147,100","-4.13 %","貸借","0.00"
"サンコーテクノ","3435","東証","○","-","-","100","03/29","有","1.50","1,485","-32","-2.30 %","-","17","3,000","-3.38 %","信用","0.00"
"サイプレス・ホールディング","428A","東証","○","-","-","1,200","02/24","有","1.70","1,739","-42","-2.30 %","-","238","39,600","-8.42 %","信用","0.00"
"ハピネット","7552","東証","○","-","○","18,200","03/29","有","0.00","4,870","-80","-2.30 %","-","1,328","385,700","-6.70 %","貸借","0.00"
"ツカモトコーポレーション","8025","東証","○","-","-","200","03/29","有","0.90","1,400","0","-2.30 %","-","30","6,200","-2.37 %","信用","0.00"
"ＬＡホールディングス","2986","東証","○","-","-","2,100","12/28","有","0.00","2,747","-48","-2.31 %","-","910","210,300","-5.30 %","貸借","0.00"
"アンビスホールディングス","7071","東証","○","-","-","0","-","無","0.00","379","-3","-2.31 %","-","279","205,000","-5.01 %","貸借","0.05"
"日東紡績","3110","東証","○","-","-","14,000","-","無","0.00","3,360","-10","-2.32 %","-","5,761","4,102,100","-2.60 %","貸借","0.00"
"カヤック","3904","東証","○","-","-","700","12/28","有","0.30","421","-8","-2.32 %","-","38","32,000","-2.54 %","信用","0.00"
"タメニー","6181","東証","○","-","-","900","09/28","有","0.10","84","-2","-2.32 %","-","29","34,300","-4.54 %","信用","0.00"
"三井Ｅ＆Ｓ","7003","東証","○","-","○","128,600","-","無","0.00","4,126","-67","-2.32 %","-","5,582","1,545,900","-3.46 %","貸借","0.00"
"杉村倉庫","9307","東証","○","-","-","300","-","無","0.00","965","-27","-2.32 %","-","26","5,200","-4.07 %","貸借","0.00"
"グラッドキューブ","9561","東証","○","-","-","200","-","無","0.50","420","-11","-2.32 %","-","24","4,200","-2.55 %","信用","0.00"
"カンセキ","9903","東証","○","-","-","100","02/24","有","0.90","884","-17","-2.32 %","-","10","2,000","-3.28 %","貸借","0.00"
"ワンキャリア","4377","東証","○","-","-","600","-","無","0.00","2,386","-7","-2.33 %","-","314","49,300","-3.82 %","貸借","0.00"
"フツパー","478A","東証","○","-","-","1,400","-","無","0.50","710","-13","-2.33 %","-","202","134,200","-4.44 %","貸借","0.00"
"ＢＵＦＦＡＬＯ","6676","東証","○","-","○","1,700","03/29","有","0.00","3,550","-55","-2.33 %","-","283","61,100","-2.47 %","貸借","0.10"
"粧美堂","7819","東証","○","-","-","300","09/28","有","0.00","920","-22","-2.33 %","-","109","25,500","-5.64 %","貸借","0.00"
"阪和興業","8078","東証","○","-","○","31,600","-","無","0.00","1,844","-14","-2.33 %","-","1,217","411,400","-2.33 %","貸借","0.00"
"大光銀行","8537","東証","○","-","-","400","-","無","0.00","3,335","-80","-2.34 %","-","193","39,400","-5.25 %","貸借","0.00"
"フルハシＥＰＯ","9221","東証","○","-","-","1,200","03/29","有","1.30","1,123","-27","-2.34 %","-","206","59,900","-3.10 %","信用","0.00"
"サンリツ","9366","東証","○","-","-","100","-","無","0.00","1,251","-37","-2.34 %","-","34","6,400","-3.76 %","貸借","0.00"
"弁護士ドットコム","6027","東証","○","-","-","1,900","-","無","10.40","4,980","-50","-2.35 %","-","639","134,900","-7.60 %","貸借","0.30"
"東和銀行","8558","東証","○","-","○","11,700","-","無","0.00","1,533","-23","-2.35 %","-","828","194,000","-3.58 %","貸借","0.05"
"ＮＦ外株ヘッジ有","2514","東証","○","-","-","9","-","無","0.00","2,026","1","-2.36 %","-","9","165","-2.36 %","貸借","0.00"
"ＩＧＳ","4265","東証","○","-","-","1,700","-","無","0.60","247","2","-2.37 %","-","58","20,600","-3.13 %","信用","0.00"
"プロディライト","5580","東証","○","-","-","0","02/24","有","1.60","1,605","-27","-2.37 %","-","7","1,300","-2.37 %","信用","0.00"
"ＳＭＴ内リート厳選","258A","東証","○","-","-","0","-","無","0.00","1,921","-21","-2.38 %","-","19","504","-3.22 %","貸借","0.00"
"ＩＦ東証ＲＥＩＴＣＯＲＥ","2528","東証","○","-","-","361","-","無","1.00","1,000","-25","-2.43 %","-","66","5,618","-3.28 %","貸借","0.00"
"京進","4735","東証","○","-","-","500","-","無","0.30","281","-6","-2.43 %","-","81","21,200","-3.10 %","信用","0.00"
"森尾電機","6647","東証","○","-","-","900","-","無","2.50","3,610","-95","-2.43 %","-","5","600","-4.87 %","信用","0.00"
"フィデアホール","8713","東証","○","-","○","18,100","03/29","有","0.00","2,793","-56","-2.44 %","-","405","70,700","-3.92 %","貸借","0.00"
"コロプラ","3668","東証","○","-","○","96,900","-","無","0.00","398","-10","-2.45 %","-","617","744,800","-6.57 %","貸借","0.00"
"ＣＲＧホールディングス","7041","東証","○","-","-","400","03/29","有","0.20","318","-6","-2.45 %","-","43","16,800","-6.19 %","信用","0.00"
"エンシュウ","6218","東証","○","-","-","200","03/29","有","0.00","672","-8","-2.46 %","-","43","17,200","-2.46 %","貸借","0.00"
"ＴＲＵＥＤＡＴＡ","4416","東証","○","-","-","200","-","無","0.60","393","-7","-2.48 %","-","26","8,800","-3.43 %","信用","0.00"
"平和紙業","9929","東証","○","-","-","0","03/29","有","0.30","471","-4","-2.48 %","-","11","1,800","-2.48 %","信用","0.00"
"ＧＸＵＳ適格社債","468A","東証","○","-","-","0","-","無","0.40","265.5","-6.8","-2.49 %","-","23","640","-2.92 %","信用","0.00"
"サイバーソリューションズ","436A","東証","○","-","-","2,500","-","無","1.20","1,403","16","-2.50 %","-","562","122,800","-2.97 %","信用","0.00"
"サインド","4256","東証","○","-","-","100","03/29","有","1.10","1,200","-13","-2.51 %","-","23","3,800","-2.51 %","信用","0.00"
"ＩＤＥＣ","6652","東証","○","-","○","15,600","-","無","0.00","4,060","240","-2.52 %","-","1,154","403,500","-2.63 %","貸借","0.00"
"住友ファーマ","4506","東証","○","-","○","143,100","-","無","0.00","1,579.0","-34.5","-2.53 %","-","4,984","2,691,900","-3.63 %","貸借","0.00"
"キオクシアホールディングス","285A","東証","○","-","○","1,217,900","-","無","0.00","19,120","-180","-2.54 %","-","84,452","37,320,000","-3.18 %","貸借","0.00"
"フジタコーポレーション","3370","東証","○","-","-","400","03/29","有","0.30","459","-11","-2.54 %","-","53","19,300","-3.97 %","信用","0.00"
"ＪＦＥシステムズ","4832","東証","○","-","-","1,000","-","無","0.60","1,837","-54","-2.54 %","-","270","47,900","-4.62 %","信用","0.00"
"ＡＰＰＩＥＲＧＲＯＵＰ","4180","東証","○","-","-","25,500","-","無","0.10","1,371","-33","-2.55 %","-","2,040","1,275,500","-4.92 %","信用","0.00"
"日本製紙","3863","東証","○","-","○","28,900","03/29","有","0.00","1,291","-37","-2.56 %","-","1,158","602,400","-2.78 %","貸借","0.00"
"イトーヨーギョー","5287","東証","○","-","-","500","-","無","1.10","873","-30","-2.56 %","-","106","24,300","-5.00 %","信用","0.00"
"アールシーコア","7837","東証","○","-","-","0","03/29","有","0.50","342","-3","-2.56 %","-","25","9,100","-4.46 %","貸借","0.00"
"東海リース","9761","東証","○","-","-","0","-","無","0.80","2,356","-12","-2.56 %","-","13","2,800","-2.56 %","信用","0.00"
"ロート製薬","4527","東証","○","-","○","28,200","03/29","有","0.00","2,726.0","-62.0","-2.57 %","-","6,031","2,052,700","-4.21 %","貸借","0.00"
"ぐるなび","2440","東証","○","-","-","2,500","-","無","0.00","113","-3","-2.58 %","-","208","248,200","-5.83 %","貸借","0.05"
"ＭＥＲＦ","3168","東証","○","-","-","700","08/27","有","2.40","1,246","-18","-2.58 %","-","266","63,000","-4.30 %","貸借","0.00"
"サスメド","4263","東証","○","-","-","1,500","-","無","0.30","411","-11","-2.60 %","-","416","148,600","-5.08 %","貸借","0.00"
"ハルメクホールディングス","7119","東証","○","-","-","400","03/29","有","2.30","1,833","-62","-2.60 %","-","177","33,600","-7.04 %","貸借","0.10"
"ユニバーサルエンターテインメン","6425","東証","○","-","-","2,300","-","無","0.00","668","-16","-2.62 %","-","527","230,900","-6.70 %","貸借","0.00"
"松田産業","7456","東証","○","-","○","10,600","03/29","有","0.00","6,680","-130","-2.62 %","-","261","76,900","-3.18 %","貸借","0.00"
"北野建設","1866","東証","○","-","-","800","-","無","0.00","1,073","-22","-2.63 %","-","271","78,100","-5.12 %","貸借","0.00"
"ＮＯＴＥ","5243","東証","○","-","-","4,900","11/26","有","9.60","3,880","-220","-2.63 %","-","2,036","602,400","-5.82 %","信用","0.00"
"グロースエクスパートナーズ","244A","東証","○","-","-","200","-","無","1.20","1,252","-11","-2.64 %","-","21","6,200","-2.64 %","信用","0.00"
"ＭＸ高配日株アクティブ","2085","東証","○","-","-","400","-","無","0.00","763.1","-8.5","-2.65 %","-","102","89,320","-2.91 %","貸借","0.00"
"インフォマート","2492","東証","○","-","-","39,600","-","無","0.00","733","-5","-2.65 %","-","1,978","3,960,400","-2.78 %","貸借","0.00"
"ＭＸＳＪリートコア","2517","東証","○","-","-","130","-","無","0.70","1,007.0","-14.0","-2.65 %","-","65","13,070","-3.12 %","貸借","0.00"
"ジェイテックコーポレーション","3446","東証","○","-","-","300","-","無","0.00","1,537","-33","-2.65 %","-","57","24,000","-3.45 %","貸借","0.05"
"ＡＳＴＩ","6899","東証","○","-","-","200","09/28","有","0.30","2,167","-34","-2.65 %","-","22","4,100","-2.95 %","信用","0.00"
"グローバルダイニング","7625","東証","○","-","-","300","12/28","有","0.00","440","-17","-2.65 %","-","54","30,700","-4.34 %","貸借","0.00"
"ナガホリ","8139","東証","○","-","-","0","-","無","2.00","2,239","-61","-2.65 %","-","14","1,900","-2.65 %","貸借","0.00"
"ＮＦＪ４００Ｄインバ","1472","東証","○","-","-","40","-","無","1.00","73","-1","-2.66 %","-","13","681","-3.94 %","貸借","0.00"
"日本電波工業","6779","東証","○","-","○","600","-","無","0.20","3,655","20","-2.66 %","-","1,667","554,900","-3.56 %","信用","0.00"
"かわでん","6648","東証","○","-","-","1,100","-","無","0.30","1,671","-10","-2.67 %","-","267","47,500","-3.07 %","信用","0.00"
"カルラ","2789","東証","○","-","-","300","02/24","有","0.40","472","-14","-2.68 %","-","39","15,700","-2.88 %","信用","0.00"
"日本アビオニクス","6946","東証","○","-","-","2,500","-","無","2.80","7,260","-50","-2.68 %","-","486","111,500","-3.07 %","信用","0.00"
"ＮａＩＴＯ","7624","東証","○","-","-","22,200","-","無","0.10","181","-1","-2.68 %","-","144","206,800","-4.73 %","信用","0.00"
"モビルス","4370","東証","○","-","-","800","-","無","0.20","397","-15","-2.69 %","-","184","39,800","-4.33 %","信用","0.00"
"日本化学工業","4092","東証","○","-","○","5,300","-","無","0.00","5,750","30","-2.70 %","-","368","114,600","-2.87 %","貸借","0.30"
"ＵＮＥＲＲＹ","5034","東証","○","-","-","300","-","無","1.50","2,370","-66","-2.70 %","-","81","14,000","-7.56 %","信用","0.00"
"遠州トラック","9057","東証","○","-","-","100","03/29","有","1.10","3,220","-30","-2.71 %","-","16","2,500","-3.88 %","信用","0.00"
"ミツウロコグループ","8131","東証","○","-","○","18,500","03/29","有","0.00","2,389","-65","-2.72 %","-","282","59,600","-4.05 %","貸借","0.15"
"ＰＲＩＳＭＢＩＯＬＡＢ","206A","東証","○","-","-","3,000","-","無","0.10","141","-5","-2.75 %","-","188","129,500","-14.54 %","信用","0.00"
"夢展望","3185","東証","○","-","-","3,000","03/29","有","0.40","106","-3","-2.75 %","-","113","94,200","-5.35 %","信用","0.00"
"ｋｕｂｅｌｌ","4448","東証","○","-","-","800","12/28","有","0.00","353","-9","-2.75 %","-","217","77,300","-5.10 %","貸借","0.00"
"システムズ・デザイン","3766","東証","○","-","-","0","-","無","1.30","1,509","-29","-2.77 %","-","32","6,900","-3.94 %","信用","0.00"
"日本興業","5279","東証","○","-","-","0","-","無","1.10","1,188","-23","-2.78 %","-","16","3,000","-3.25 %","信用","0.00"
"ビザスク","4490","東証","○","-","-","300","-","無","0.20","660","-12","-2.79 %","-","65","13,000","-3.36 %","信用","0.00"
"クックビズ","6558","東証","○","-","-","5,700","-","無","0.30","658","0","-2.80 %","-","3","400","-2.80 %","信用","0.00"
"イメージワン","2667","東証","○","-","-","2,700","-","無","0.20","103","-2","-2.83 %","-","129","160,700","-6.36 %","貸借","0.00"
"ＨＥＮＮＧＥ","4475","東証","○","-","-","24,000","-","無","0.00","1,671","-89","-2.84 %","-","4,972","2,401,800","-8.53 %","貸借","0.05"
"日本ヒユ－ム","5262","東証","○","-","-","3,100","03/29","有","0.00","1,059","-23","-2.84 %","-","668","305,800","-5.02 %","貸借","0.10"
"ビーエイブル","604A","東証","○","-","-","11,000","-","無","2.00","1,597","-27","-2.85 %","-","6,120","1,534,100","-4.37 %","信用","0.00"
"湖北工業","6524","東証","○","-","-","2,200","-","無","3.80","5,790","30","-2.85 %","-","799","195,600","-3.01 %","貸借","0.00"
"ＰＣＩソリューションズ","3918","東証","○","-","-","0","-","無","3.40","1,151","-16","-2.86 %","-","25","5,800","-3.19 %","信用","0.00"
"フィックスターズ","3687","東証","○","-","-","6,800","-","無","3.40","2,231","-52","-2.87 %","-","2,209","672,800","-3.33 %","貸借","0.05"
"東京計器","7721","東証","○","-","-","2,500","03/29","有","0.00","7,370","-150","-2.89 %","-","920","243,000","-3.15 %","貸借","0.00"
"不動テトラ","1813","東証","○","-","○","15,700","-","無","0.00","2,835","-85","-2.91 %","-","483","95,700","-5.31 %","貸借","0.00"
"ゼロ","9028","東証","○","-","-","300","-","無","0.00","3,150","-60","-2.92 %","-","57","30,500","-3.96 %","貸借","0.00"
"ＮＺＡＭＴＰ高配当４０","532A","東証","○","-","-","17","-","無","2.00","2,251","-50","-2.93 %","-","22","832","-3.39 %","信用","0.00"
"アドバンテッジリスクマネ","8769","東証","○","-","-","400","03/29","有","0.00","495","-12","-2.94 %","-","80","34,100","-4.06 %","貸借","0.00"
"上場アジアリート","1495","東証","○","-","-","0","-","無","11.00","10,665","-325","-2.95 %","-","21","777","-3.04 %","貸借","0.00"
"ＶＥＲＩＴＡＳＩＮＳＩＬＩＣ","130A","東証","○","-","-","0","-","無","0.80","426","-8","-2.96 %","-","42","12,200","-3.40 %","信用","0.00"
"上場ＥＳＧリート","2566","東証","○","-","-","0","-","無","0.00","946","-33","-2.97 %","-","73","33,248","-3.37 %","貸借","0.00"
"インテージホールディングス","4326","東証","○","-","○","0","12/28","有","0.00","1,861","-64","-2.97 %","-","313","56,700","-5.72 %","貸借","0.10"
"三谷セキサン","5273","東証","○","-","○","1,300","03/29","有","0.00","1,982","-46","-2.98 %","-","251","44,200","-7.20 %","貸借","0.05"
"ウインテスト","6721","東証","○","-","-","17,200","12/28","有","0.30","65","-2","-2.98 %","-","209","858,500","-9.72 %","信用","0.00"
"秋田銀行","8343","東証","○","-","○","61,100","03/29","有","0.00","1,984","-49","-2.98 %","-","4,511","1,489,500","-5.92 %","貸借","0.00"
"ダイジェット","6138","東証","○","-","-","300","-","無","0.30","2,017","-68","-3.02 %","-","65","10,000","-4.76 %","信用","0.00"
"岡谷電機","6926","東証","○","-","-","300","03/29","有","0.00","192","-6","-3.03 %","-","13","19,600","-3.03 %","貸借","0.05"
"アジア航測","9233","東証","○","-","-","200","-","無","0.00","1,119","-24","-3.03 %","-","66","20,100","-3.03 %","貸借","0.00"
"ノースサンド","446A","東証","○","-","-","8,100","-","無","1.50","2,489","-83","-3.07 %","-","3,147","809,500","-3.89 %","貸借","0.00"
"ベルテックス","623A","東証","○","-","-","27,900","-","無","0.40","630","-24","-3.07 %","-","948","336,000","-13.58 %","信用","0.00"
"データセクション","3905","東証","○","-","-","0","-","無","9.90","1,950","-92","-3.08 %","-","8,115","3,641,500","-7.84 %","貸借","0.00"
"日本フイルコン","5942","東証","○","-","-","8,200","-","無","0.10","723","-23","-3.08 %","-","484","178,100","-4.49 %","信用","0.00"
"ＨＯＤＬ１","2345","東証","○","-","-","4,400","-","無","0.20","94","-1","-3.09 %","-","201","219,200","-10.47 %","信用","0.00"
"モダリス","4883","東証","○","-","-","0","-","無","0.10","31","-1","-3.12 %","-","57","346,000","-3.12 %","信用","0.00"
"ラピーヌ","8143","東証","○","-","-","1,100","-","無","0.20","155","-5","-3.12 %","-","51","22,600","-7.73 %","信用","0.00"
"ＢＴＭ","5247","東証","○","-","-","100","-","無","0.90","556","-13","-3.13 %","-","17","4,000","-3.13 %","信用","0.00"
"ＮＦ日株高配ＣＦ５０","518A","東証","○","-","-","385","-","無","2.00","2,059","-25","-3.15 %","-","229","19,244","-3.15 %","信用","0.00"
"広済堂ホールディングス","7868","東証","○","-","-","4,400","-","無","0.00","520","-10","-3.16 %","-","437","315,500","-3.88 %","貸借","0.00"
"東洋ドライルーブ","4976","東証","○","-","-","100","-","無","0.70","1,527","-90","-3.17 %","-","24","4,900","-5.74 %","信用","0.00"
"ミタチ産業","3321","東証","○","-","-","1,400","-","無","0.00","1,791","-79","-3.18 %","-","600","141,200","-8.10 %","貸借","0.00"
"ＳＴＧ","5858","東証","○","-","-","200","-","無","0.80","1,154","-38","-3.18 %","-","26","7,300","-4.39 %","信用","0.00"
"名村造船所","7014","東証","○","-","○","58,800","-","無","0.00","4,680","-105","-3.20 %","-","3,015","1,395,600","-3.70 %","貸借","0.00"
"日産証券グループ","8705","東証","○","-","-","0","03/29","有","0.20","211","-4","-3.21 %","-","103","114,000","-6.22 %","貸借","0.05"
"オープンドア","3926","東証","○","-","-","0","-","無","0.80","413","-17","-3.27 %","-","173","54,400","-7.81 %","信用","0.00"
"アステリア","3853","東証","○","-","-","2,300","10/28","有","0.00","1,052","-25","-3.30 %","-","550","225,000","-6.48 %","貸借","0.00"
"ＧＬＣＧＲＯＵＰ","2970","東証","○","-","-","300","12/28","有","0.20","1,153","-40","-3.35 %","-","68","11,500","-3.59 %","信用","0.00"
"アサンテ","6073","東証","○","-","-","0","03/29","有","0.00","1,320","-51","-3.36 %","-","202","49,000","-6.97 %","貸借","0.05"
"メタリアル","6182","東証","○","-","-","300","02/24","有","0.00","515","-24","-3.37 %","-","266","66,600","-7.20 %","貸借","0.05"
"フルッタフルッタ","2586","東証","○","-","-","20,400","03/29","有","0.20","57","-1","-3.38 %","-","230","1,018,500","-6.55 %","信用","0.00"
"ディー・エル・イー","3686","東証","○","-","-","3,600","-","無","0.10","57","-2","-3.38 %","-","62","346,400","-6.55 %","貸借","0.00"
"光・彩","7878","東証","○","-","-","200","-","無","0.80","1,081","-38","-3.39 %","-","39","7,400","-3.82 %","信用","0.00"
"ＫＯＭＰＥＩＴＯ","618A","東証","○","-","-","5,400","-","無","1.50","1,915","-61","-3.42 %","-","2,088","456,200","-4.72 %","信用","0.00"
"ベルパーク","9441","東証","○","-","-","100","12/28","有","2.90","2,960","-65","-3.42 %","-","51","7,000","-4.51 %","貸借","0.00"
"ビジネスコーチ","9562","東証","○","-","-","300","03/29","有","0.50","562","-23","-3.43 %","-","29","7,000","-6.64 %","信用","0.00"
"オルトプラスホールディング","3672","東証","○","-","-","0","-","無","0.10","28","-2","-3.44 %","-","48","142,000","-6.66 %","信用","0.00"
"いであ","9768","東証","○","-","-","700","-","無","5.30","3,600","-130","-3.48 %","-","143","32,300","-6.37 %","信用","0.00"
"東邦化学","4409","東証","○","-","-","300","03/29","有","0.40","855","-26","-3.49 %","-","72","14,500","-4.36 %","信用","0.00"
"ヤマダコーポレーション","6392","東証","○","-","-","100","-","無","3.40","7,450","-420","-3.49 %","-","12","1,400","-6.28 %","信用","0.00"
"グリーンエナジー＆カンパニ","1436","東証","○","-","-","1,800","10/28","有","1.40","1,881","-90","-3.53 %","-","250","53,600","-7.38 %","信用","0.00"
"フルヤ金属","7826","東証","○","-","○","23,400","-","無","0.00","11,710","-130","-3.54 %","-","1,184","350,200","-5.41 %","貸借","0.00"
"デジタリフト","9244","東証","○","-","-","700","03/29","有","0.80","1,088","-40","-3.54 %","-","116","28,700","-12.32 %","信用","0.00"
"内海造船","7018","東証","○","-","-","600","-","無","11.20","13,020","-340","-3.55 %","-","194","27,600","-6.86 %","信用","0.00"
"エクスモーション","4394","東証","○","-","-","4,800","11/26","有","0.50","728","-72","-3.57 %","-","798","236,100","-12.18 %","信用","0.00"
"ＦＩＸＥＲ","5129","東証","○","-","-","1,000","-","無","1.40","242","-7","-3.58 %","-","163","95,500","-7.63 %","貸借","0.05"
"ＴＭＨ","280A","東証","○","-","-","400","-","無","1.50","1,098","-17","-3.59 %","-","106","19,100","-4.35 %","信用","0.00"
"ＳＨＩＮＷＡＷＩＳＥＨＤ","2437","東証","○","-","-","1,300","05/27","有","0.50","614","3","-3.61 %","-","152","64,500","-4.65 %","信用","0.00"
"ＳＥＩＭＡホールディングス","3306","東証","○","-","-","2,800","03/29","有","0.50","744","-28","-3.62 %","-","442","137,700","-5.34 %","信用","0.00"
"ＡＳＡＨＩＥＩＴＯＨＬＤＧＳ","5341","東証","○","-","-","500","11/26","有","0.10","133","-4","-3.62 %","-","52","44,100","-3.62 %","貸借","0.00"
"ホリイフードサービス","3077","東証","○","-","-","300","11/26","有","1.30","1,405","-38","-3.63 %","-","105","19,100","-7.56 %","貸借","0.00"
"インフキュリオン","438A","東証","○","-","-","1,600","-","無","0.70","1,033","-24","-3.63 %","-","196","54,300","-3.63 %","信用","0.00"
"ベクトル","6058","東証","○","-","○","31,300","-","無","0.00","1,988","-77","-3.63 %","-","2,373","814,600","-4.05 %","貸借","0.00"
"菊池製作所","3444","東証","○","-","-","0","-","無","2.50","1,177","58","-3.68 %","-","1,921","565,700","-5.08 %","貸借","0.00"
"円谷フィールズホールディ","2767","東証","○","-","○","23,900","-","無","0.30","2,425","-90","-3.69 %","-","1,540","408,600","-5.08 %","信用","0.00"
"ＺＥＮＭＵＴＥＣＨ","338A","東証","○","-","-","29,600","-","無","17.40","4,285","225","-3.70 %","-","9,749","2,509,700","-9.40 %","信用","0.00"
"クラシコム","7110","東証","○","-","-","0","-","無","1.30","1,805","-80","-3.73 %","-","55","8,900","-4.49 %","貸借","0.00"
"ユーソナー","431A","東証","○","-","-","500","-","無","0.60","2,515","-105","-3.78 %","-","130","22,000","-6.47 %","信用","0.00"
"アドベンチャー","6030","東証","○","-","-","600","-","無","1.10","1,482","-59","-3.82 %","-","144","30,400","-10.66 %","信用","0.00"
"塩野義製薬","4507","東証","○","-","○","82,600","-","無","0.00","2,661.0","-125.0","-3.84 %","-","13,973","6,383,300","-7.53 %","貸借","0.00"
"新報国マテリアル","5542","東証","○","-","-","4,400","-","無","0.70","1,250","-37","-3.84 %","-","363","81,000","-11.78 %","信用","0.00"
"ホウライ","9679","東証","○","-","-","0","03/29","有","0.10","2,116","-101","-3.86 %","-","12","2,300","-4.98 %","信用","0.00"
"トーセイ","8923","東証","○","-","○","20,600","11/26","有","0.00","1,664","-67","-3.87 %","-","2,853","945,600","-7.50 %","貸借","0.00"
"ギミック","475A","東証","○","-","-","300","-","無","0.50","644","-36","-3.88 %","-","80","17,500","-7.86 %","信用","0.00"
"リフォームテクノロジー","7695","東証","○","-","-","200","03/29","有","0.40","864","-20","-3.89 %","-","45","8,700","-4.84 %","信用","0.00"
"ブッキングリゾート","324A","東証","○","-","-","0","04/27","有","0.60","713","-14","-3.90 %","-","96","19,500","-4.03 %","信用","0.00"
"ＴＥＮＴＩＡＬ","325A","東証","○","-","-","4,800","02/24","有","2.30","2,058","-47","-3.92 %","-","1,852","481,900","-5.59 %","貸借","0.00"
"アウンコンサルティング","2459","東証","○","-","-","0","-","無","0.60","170","-5","-3.95 %","-","45","54,000","-5.02 %","信用","0.00"
"スペースマーケット","4487","東証","○","-","-","0","-","無","0.10","218","-2","-3.96 %","-","32","11,600","-5.21 %","信用","0.00"
"ＷＩＺＥ","3664","東証","○","-","-","522,700","-","無","0.10","24","-1","-4.00 %","-","65","52,271,900","-4.00 %","貸借","0.00"
"南海プライウッド","7887","東証","○","-","-","400","-","無","0.90","1,470","-60","-4.04 %","-","72","20,100","-5.76 %","信用","0.00"
"オーディオストック","621A","東証","○","-","-","12,600","-","無","0.90","1,400","-60","-4.10 %","-","1,880","511,700","-8.43 %","信用","0.00"
"岡本硝子","7746","東証","○","-","-","14,900","03/29","有","5.00","954","-19","-4.12 %","-","2,040","924,800","-7.01 %","貸借","0.00"
"学びエイド","184A","東証","○","-","-","0","-","無","0.30","322","-12","-4.16 %","-","23","5,500","-4.16 %","信用","0.00"
"ＡＫＩＢＡホールディングス","6840","東証","○","-","-","5,900","-","無","0.50","874","-12","-4.16 %","-","1,002","294,900","-4.48 %","信用","0.00"
"日本コークス工業","3315","東証","○","-","-","151,600","-","無","0.00","91","-4","-4.21 %","-","547","15,495,800","-6.18 %","貸借","0.00"
"ジェリービーンズグルーフ","3070","東証","○","-","-","0","01/27","有","0.10","45","-2","-4.25 %","-","158","475,200","-6.25 %","信用","0.00"
"ベクターホールディングス","2656","東証","○","-","-","17,100","-","無","0.10","157","-3","-4.26 %","-","317","855,900","-4.84 %","信用","0.00"
"ＣＡＩＣＡＤＩＧＩＴＡＬ","2315","東証","○","-","-","68,200","-","無","0.10","67","-1","-4.28 %","-","129","6,821,000","-8.21 %","貸借","0.00"
"ファブリカホールディングス","4193","東証","○","-","-","600","03/29","有","1.30","2,026","-85","-4.29 %","-","228","27,700","-5.50 %","信用","0.00"
"ＮＺＡＭＪリト２・５・８・１１","530A","東証","○","-","-","71","-","無","1.00","1,694","-37","-4.34 %","-","16","572","-4.34 %","信用","0.00"
"プロパティデータバンク","4389","東証","○","-","-","200","-","無","0.20","1,050","-48","-4.37 %","-","42","6,000","-12.42 %","信用","0.00"
"共和コーポレーション","6570","東証","○","-","-","1,300","03/29","有","3.80","4,200","-195","-4.43 %","-","591","126,100","-6.56 %","貸借","0.25"
"アプライド","3020","東証","○","-","-","0","03/29","有","2.10","4,730","-225","-4.44 %","-","24","3,200","-5.11 %","信用","0.00"
"イノバセル","504A","東証","○","-","-","0","-","無","0.40","580","-22","-4.44 %","-","228","68,900","-8.22 %","-","0.00"
"スタートライン","477A","東証","○","-","-","1,000","-","無","0.70","777","-24","-4.54 %","-","146","48,600","-9.01 %","信用","0.00"
"ＴＯＲＩＣＯ","7138","東証","○","-","-","10,600","03/29","有","0.20","144","-4","-4.63 %","-","289","327,600","-7.09 %","信用","0.00"
"ＡＩロボティクス","247A","東証","○","-","-","27,300","03/29","有","2.00","920","-30","-4.66 %","-","2,626","1,365,000","-8.63 %","信用","0.00"
"日鉄鉱業","1515","東証","○","-","○","2,400","03/29","有","0.00","3,170","-20","-4.80 %","-","826","364,500","-5.08 %","貸借","0.00"
"トーメンデバイス","2737","東証","○","-","-","2,000","03/29","有","27.80","36,650","-450","-4.80 %","-","1,180","250,700","-12.00 %","信用","0.00"
"ブレインズテクノロジー","4075","東証","○","-","-","0","-","無","1.30","1,366","-64","-4.80 %","-","465","85,000","-6.43 %","信用","0.00"
"白鳩","3192","東証","○","-","-","1,800","-","無","0.10","211","-11","-4.95 %","-","207","89,500","-10.97 %","信用","0.00"
"セキュアヴェイル","3042","東証","○","-","-","34,700","-","無","0.00","334","-4","-5.11 %","-","4,776","3,415,700","-13.69 %","貸借","0.00"
"ＡＮＡＰホールディングス","3189","東証","○","-","-","0","02/24","有","0.30","92","-4","-5.15 %","-","337","359,100","-13.20 %","信用","0.00"
"エックスネット","4762","東証","○","-","-","0","03/29","有","0.70","1,060","-54","-5.27 %","-","27","4,600","-6.19 %","信用","0.00"
"ＱＤレーザ","6613","東証","○","-","-","15,700","-","無","10.80","2,265","-29","-5.30 %","-","7,713","2,604,900","-6.67 %","信用","0.00"
"東邦レマック","7422","東証","○","-","-","2,000","12/16","有","0.60","567","-26","-5.50 %","-","131","44,000","-5.50 %","信用","0.00"
"ジンジブ","142A","東証","○","-","-","1,500","-","無","0.70","1,009","-61","-5.70 %","-","196","37,100","-9.91 %","信用","0.00"
"エルテス","3967","東証","○","-","-","55,600","02/24","有","0.20","800","27","-5.88 %","-","8,493","2,780,800","-12.37 %","信用","0.00"
"アクセルスペース","402A","東証","○","-","-","0","-","無","0.40","303","-18","-5.90 %","-","2,330","4,284,000","-15.83 %","信用","0.00"
"ＢＲＡＮＵ","460A","東証","○","-","-","1,800","-","無","1.20","1,160","-65","-6.14 %","-","340","87,000","-8.58 %","信用","0.00"
"クリエイト","3024","東証","○","-","-","0","03/29","有","0.80","1,121","-74","-6.19 %","-","17","2,700","-8.93 %","信用","0.00"
"ベーシック","519A","東証","○","-","-","1,300","-","無","0.50","415","-27","-6.32 %","-","180","61,900","-8.99 %","信用","0.00"
"スバル興業","9632","東証","○","-","○","8,200","01/27","有","0.30","4,650","-400","-6.53 %","-","987","257,200","-15.60 %","信用","0.00"
"辻・本郷ＩＴコンサルティン","476A","東証","○","-","-","3,900","-","無","2.10","2,520","-40","-6.66 %","-","4,261","935,800","-17.64 %","信用","0.00"
"ｆｏｎｆｕｎ","2323","東証","○","-","-","2,400","-","無","0.40","346","-9","-6.73 %","-","93","117,600","-6.73 %","信用","0.00"
"ＤＥＦＣＯＮＳＵＬＴＩＮＧ","4833","東証","○","-","-","0","-","無","0.10","55","-4","-6.77 %","-","376","2,322,900","-9.83 %","信用","0.00"
"ファーストアカウンティング","5588","東証","○","-","-","4,400","-","無","0.60","711","-39","-7.05 %","-","723","218,900","-7.90 %","信用","0.00"
"ＲＡＫＵＭＯ","4060","東証","○","-","-","0","12/28","有","0.00","1,129","-64","-7.07 %","-","66","10,400","-8.21 %","貸借","0.00"
"ＢＩＴＣＯＩＮＪＡＰＡＮ","8105","東証","○","-","-","57,700","03/29","有","0.30","68","-5","-8.10 %","-","629","2,881,700","-11.68 %","信用","0.00"
"ＪＣＲファーマ","4552","東証","○","-","○","29,600","-","無","0.00","503","19","-8.54 %","-","3,565","3,625,900","-10.01 %","貸借","0.05"
"ＦＡＮＴＡＳＩＳＴＡ","1783","東証","○","-","-","80,100","09/28","有","0.10","73","-7","-8.75 %","-","643","4,005,200","-8.75 %","信用","0.00"
"フジコピアン","7957","東証","○","-","-","6,200","-","無","1.10","2,063","-158","-9.15 %","-","3,286","399,000","-15.03 %","信用","0.00"
"プラップジャパン","2449","東証","○","-","-","3,900","-","無","0.90","1,305","-43","-12.88 %","-","2,277","576,400","-13.00 %","信用","0.00"
"レイヤード","634A","東証","○","-","-","9,600","-","無","2.80","2,756","-394","-14.40 %","-","11,154","2,448,200","-16.35 %","信用","0.00"
"エムビーエス","1401","東証","○","-","-","3,100","-","無","0.60","1,500","-235","-15.49 %","-","771","154,000","-18.38 %","信用","0.00"
"アドバンスクリエイト","8798","東証","○","-","-","31,200","-","無","0.20","71","-17","-18.39 %","-","775","1,558,100","-33.01 %","信用","0.00"
"ＩＦＲＥＥＴＰＸＥＸ－Ｆ","1585","東証","○","-","-","160","-","無","0.00","0.0","0.0","-","-","0","0","-","貸借","0.00"
"日本高配当７０ＥＴＮ","2048","東証","○","-","-","0","-","無","33.00","0","0","-","-","0","0","-","信用","0.00"
"ＥＳＧ女性活躍ＥＴＮ","2070","東証","○","-","-","0","-","無","10.00","0","0","-","-","0","0","-","信用","0.00"
"上場Ｓ＆Ｐインバース","2240","東証","○","-","-","1","-","無","0.00","0","0","-","-","0","0","-","貸借","0.00"
"ＭＸＳカーボン日本株","2560","東証","○","-","-","0","-","無","0.00","0","0","-","-","0","0","-","貸借","0.00"
"ＩＳＧＮＭＡ債ヘジ","2649","東証","○","-","-","0","-","無","0.50","0.0","0.0","-","-","0","0","-","貸借","0.00"
"長栄","2993","東証","○","-","-","13,400","-","無","1.00","0","0","-","-","0","0","-","信用","0.00"
"オーベクス","3583","東証","○","-","-","1,300","-","無","1.20","0","0","-","-","0","0","-","信用","0.00"
"ＮＦ米債７－１０ヘ有７５","376A","東証","○","-","-","24","-","無","5.00","0","0","-","-","0","0","-","貸借","0.00"
"スガイ化学","4120","東証","○","-","-","8,700","-","無","2.90","0","0","-","-","0","0","-","信用","0.00"
"ＯＮＥＪ国債１－３年","493A","東証","○","-","-","10","-","無","0.60","0.0","0.0","-","-","0","0","-","信用","0.00"
"櫻護謨","5189","東証","○","-","-","7,300","-","無","3.20","0","0","-","-","0","0","-","信用","0.00"
"不二ラテツクス","5199","東証","○","-","-","2,100","-","無","1.70","0","0","-","-","0","0","-","信用","0.00"
"太平製作所","6342","東証","○","-","-","1,100","-","無","2.80","0","0","-","-","0","0","-","信用","0.00"
"イーグル工業","6486","東証","○","-","-","0","-","無","0.00","0","0","-","-","0","0","-","-","0.00"
"ＮＯＫ","7240","東証","○","-","-","0","-","無","0.00","0.0","0.0","-","-","0","0","-","-","0.00"
"アイ・パートナーズフィナンシ","7345","東証","○","-","-","100","-","無","0.70","0","0","-","-","0","0","-","信用","0.00"
"東北化学薬品","7446","東証","○","-","-","400","09/28","有","3.60","0","0","-","-","0","0","-","信用","0.00"
"アイエーグループ","7509","東証","○","-","-","600","-","無","3.90","0","0","-","-","0","0","-","信用","0.00"
"清和中央ＨＤ","7531","東証","○","-","-","800","-","無","0.10","0","0","-","-","0","0","-","信用","0.00"
"星医療酸器","7634","東証","○","-","-","1,500","03/29","有","4.40","0","0","-","-","0","0","-","信用","0.00"
"レオクラン","7681","東証","○","-","-","2,300","-","無","0.50","0","0","-","-","0","0","-","信用","0.00"
"永大化工","7877","東証","○","-","-","1,500","03/29","有","1.10","0","0","-","-","0","0","-","信用","0.00"
"デンキョーグループホールテ","8144","東証","○","-","-","600","-","無","1.30","0","0","-","-","0","0","-","信用","0.00"
"秩父鉄道","9012","東証","○","-","-","1,200","03/29","有","1.10","0","0","-","-","0","0","-","信用","0.00"
"京極運輸","9073","東証","○","-","-","2,200","12/28","有","2.20","0","0","-","-","0","0","-","信用","0.00"
"ＲＥＣＯＶＥＲＹＩＮＴＥＲＮＡ","9214","東証","○","-","-","0","-","無","0.80","0","0","-","-","0","0","-","信用","0.00"
"ＡＳＮＯＶＡ","9223","東証","○","-","-","0","03/29","有","0.30","0","0","-","-","0","0","-","-","0.00"
"伏木海陸運送","9361","東証","○","-","-","400","-","無","2.00","0","0","-","-","0","0","-","信用","0.00"
"ＢＳＮメディアホールディンク","9408","東証","○","-","-","300","-","無","2.40","0","0","-","-","0","0","-","信用","0.00"
"九州電力","9508","東証","○","-","-","0","-","無","0.00","0.0","0.0","-","-","0","0","-","-","0.00"
"ＧＬＯＥ","9565","東証","○","-","-","0","-","無","0.70","0","0","-","-","0","0","-","信用","0.00"
"ソレキア","9867","東証","○","-","-","200","-","無","17.20","0","0","-","-","0","0","-","信用","0.00"
